subject,page,raw_text,col1,col2,col3,col4,col5,col6
ANTH,1,"Legend:	
	  Equivalent
	
	  Not Equivalent
	
	  Expired",Legend:,Equivalent,Not Equivalent,Expired
ANTH,1,Equivalent,Equivalent
ANTH,1,Not Equivalent,Not Equivalent
ANTH,1,Expired,Expired
ANTH,1,"New Search	
	Refine Search",New Search,Refine Search
ANTH,1,"New Search	
	Refine Search",New Search,Refine Search
ANTH,1,"McGill University
	
External Institution",McGill University,External Institution
ANTH,1,"Course
	
Title
	
Course
	
Title
	
Institution
	
Country
	
Status",Course,Title,Course,Title,Institution,Country,Status
ANTH,1,"ANTH201


	
Introduction to Archaeology.


	
AFSV00427


	
Evolution and the Human Mind


	Charles University in Prague	Czech Republic",ANTH201,Introduction to Archaeology.,AFSV00427,Evolution and the Human Mind,Charles University in Prague	Czech Republic
ANTH,1,ANTH201,ANTH201
ANTH,1,Introduction to Archaeology.,Introduction to Archaeology.
ANTH,1,AFSV00427,AFSV00427
ANTH,1,Evolution and the Human Mind,Evolution and the Human Mind
ANTH,1,"ANTH201


	
Introduction to Archaeology.


	
ANTHRO200


	
Archaeology: Understanding the Past


	The University of Auckland / Te Whare Wananga o Tamaki Makaurau	New Zealand",ANTH201,Introduction to Archaeology.,ANTHRO200,Archaeology: Understanding the Past,The University of Auckland / Te Whare Wananga o Tamaki Makaurau	New Zealand
ANTH,1,ANTH201,ANTH201
ANTH,1,Introduction to Archaeology.,Introduction to Archaeology.
ANTH,1,ANTHRO200,ANTHRO200
ANTH,1,Archaeology: Understanding the Past,Archaeology: Understanding the Past
ANTH,1,"ANTH202


	
Socio-Cultural Anthropology


	
SOCI1003


	
Introduction to Anthropology


	The University of Hong Kong (HKU)	Hong Kong, SAR",ANTH202,Socio-Cultural Anthropology,SOCI1003,Introduction to Anthropology,"The University of Hong Kong (HKU)	Hong Kong, SAR"
ANTH,1,ANTH202,ANTH202
ANTH,1,Socio-Cultural Anthropology,Socio-Cultural Anthropology
ANTH,1,SOCI1003,SOCI1003
ANTH,1,Introduction to Anthropology,Introduction to Anthropology
ANTH,1,"ANTH202


	
Socio-Cultural Anthropology.


	
100010


	
Introduction to the Social and cultural anthropology


	Autonomous University of Barcelona	Spain",ANTH202,Socio-Cultural Anthropology.,100010,Introduction to the Social and cultural anthropology,Autonomous University of Barcelona	Spain
ANTH,1,ANTH202,ANTH202
ANTH,1,Socio-Cultural Anthropology.,Socio-Cultural Anthropology.
ANTH,1,100010,100010
ANTH,1,Introduction to the Social and cultural anthropology,Introduction to the Social and cultural anthropology
ANTH,1,"ANTH202


	
Socio-Cultural Anthropology.


	
101133


	
Sociology of Religion


	Autonomous University of Barcelona	Spain",ANTH202,Socio-Cultural Anthropology.,101133,Sociology of Religion,Autonomous University of Barcelona	Spain
ANTH,1,ANTH202,ANTH202
ANTH,1,Socio-Cultural Anthropology.,Socio-Cultural Anthropology.
ANTH,1,101133,101133
ANTH,1,Sociology of Religion,Sociology of Religion
ANTH,1,"ANTH202


	
Socio-Cultural Anthropology.


	
202


	
anth


	Concordia University	Canada",ANTH202,Socio-Cultural Anthropology.,202,anth,Concordia University	Canada
ANTH,1,ANTH202,ANTH202
ANTH,1,Socio-Cultural Anthropology.,Socio-Cultural Anthropology.
ANTH,1,202,202
ANTH,1,anth,anth
ANTH,1,"ANTH202


	
Socio-Cultural Anthropology.


	
ANT102H5


	
Introduction to Sociocultural and Linguistic Anthropology


	University of Toronto	Canada",ANTH202,Socio-Cultural Anthropology.,ANT102H5,Introduction to Sociocultural and Linguistic Anthropology,University of Toronto	Canada
ANTH,1,ANTH202,ANTH202
ANTH,1,Socio-Cultural Anthropology.,Socio-Cultural Anthropology.
ANTH,1,ANT102H5,ANT102H5
ANTH,1,Introduction to Sociocultural and Linguistic Anthropology,Introduction to Sociocultural and Linguistic Anthropology
ANTH,1,"ANTH202


	
Socio-Cultural Anthropology.


	
ANTH101


	
Cultural Anthropology


	Bard College	USA",ANTH202,Socio-Cultural Anthropology.,ANTH101,Cultural Anthropology,Bard College	USA
ANTH,1,ANTH202,ANTH202
ANTH,1,Socio-Cultural Anthropology.,Socio-Cultural Anthropology.
ANTH,1,ANTH101,ANTH101
ANTH,1,Cultural Anthropology,Cultural Anthropology
ANTH,1,"ANTH202


	
Socio-Cultural Anthropology.


	
ANTH202


	
Introduction to Culture


	Concordia University	Canada",ANTH202,Socio-Cultural Anthropology.,ANTH202,Introduction to Culture,Concordia University	Canada
ANTH,1,ANTH202,ANTH202
ANTH,1,Socio-Cultural Anthropology.,Socio-Cultural Anthropology.
ANTH,1,ANTH202,ANTH202
ANTH,1,Introduction to Culture,Introduction to Culture
ANTH,1,"ANTH202


	
Socio-Cultural Anthropology.


	
ANTR2003


	
Relaciones sociales


	University of the Andes	Colombia",ANTH202,Socio-Cultural Anthropology.,ANTR2003,Relaciones sociales,University of the Andes	Colombia
ANTH,1,ANTH202,ANTH202
ANTH,1,Socio-Cultural Anthropology.,Socio-Cultural Anthropology.
ANTH,1,ANTR2003,ANTR2003
ANTH,1,Relaciones sociales,Relaciones sociales
ANTH,1,"ANTH202


	
Socio-Cultural Anthropology.


	
CULT101


	
Cultural Studies Practices


	University of British Columbia (UBC) - All Campuses	Canada",ANTH202,Socio-Cultural Anthropology.,CULT101,Cultural Studies Practices,University of British Columbia (UBC) - All Campuses	Canada
ANTH,1,ANTH202,ANTH202
ANTH,1,Socio-Cultural Anthropology.,Socio-Cultural Anthropology.
ANTH,1,CULT101,CULT101
ANTH,1,Cultural Studies Practices,Cultural Studies Practices
ANTH,1,"ANTH202


	
Socio-Cultural Anthropology.


	
LPSP1332


	
Anthropologie culturelle et sociale


	Catholic University of Louvain	Belgium",ANTH202,Socio-Cultural Anthropology.,LPSP1332,Anthropologie culturelle et sociale,Catholic University of Louvain	Belgium
ANTH,1,ANTH202,ANTH202
ANTH,1,Socio-Cultural Anthropology.,Socio-Cultural Anthropology.
ANTH,1,LPSP1332,LPSP1332
ANTH,1,Anthropologie culturelle et sociale,Anthropologie culturelle et sociale
ANTH,1,"ANTH206


	
Environment and Culture.


	
AANA18137U


	
Climate, Nature, Environment: basic concepts and new trends


	University of Copenhagen	Denmark",ANTH206,Environment and Culture.,AANA18137U,"Climate, Nature, Environment: basic concepts and new trends",University of Copenhagen	Denmark
ANTH,1,ANTH206,ANTH206
ANTH,1,Environment and Culture.,Environment and Culture.
ANTH,1,AANA18137U,AANA18137U
ANTH,1,"Climate, Nature, Environment: basic concepts and new trends","Climate, Nature, Environment: basic concepts and new trends"
ANTH,1,"ANTH206


	
Environment and Culture.


	
ANT3110


	
Environment and Culture


	Yonsei University	South Korea",ANTH206,Environment and Culture.,ANT3110,Environment and Culture,Yonsei University	South Korea
ANTH,1,ANTH206,ANTH206
ANTH,1,Environment and Culture.,Environment and Culture.
ANTH,1,ANT3110,ANT3110
ANTH,1,Environment and Culture,Environment and Culture
ANTH,1,"ANTH206


	
Environment and Culture.


	
EESC101


	
Environmental Science


	University of British Columbia (UBC) - All Campuses	Canada",ANTH206,Environment and Culture.,EESC101,Environmental Science,University of British Columbia (UBC) - All Campuses	Canada
ANTH,1,ANTH206,ANTH206
ANTH,1,Environment and Culture.,Environment and Culture.
ANTH,1,EESC101,EESC101
ANTH,1,Environmental Science,Environmental Science
ANTH,1,"ANTH208


	
Evolutionary Anthropology.


	
ANT202


	
BIOLOGICAL ANTHROPOLOGY: HUMAN VARIATION AND ADAPTATION


	University of Toronto	Canada",ANTH208,Evolutionary Anthropology.,ANT202,BIOLOGICAL ANTHROPOLOGY: HUMAN VARIATION AND ADAPTATION,University of Toronto	Canada
ANTH,1,ANTH208,ANTH208
ANTH,1,Evolutionary Anthropology.,Evolutionary Anthropology.
ANTH,1,ANT202,ANT202
ANTH,1,BIOLOGICAL ANTHROPOLOGY: HUMAN VARIATION AND ADAPTATION,BIOLOGICAL ANTHROPOLOGY: HUMAN VARIATION AND ADAPTATION
ANTH,1,"ANTH208


	
Evolutionary Anthropology.


	
CSCBS3MA


	
COMMUNITY, SOCIETY & CULTURE


	IE University - Madrid	Spain",ANTH208,Evolutionary Anthropology.,CSCBS3MA,"COMMUNITY, SOCIETY & CULTURE",IE University - Madrid	Spain
ANTH,1,ANTH208,ANTH208
ANTH,1,Evolutionary Anthropology.,Evolutionary Anthropology.
ANTH,1,CSCBS3MA,CSCBS3MA
ANTH,1,"COMMUNITY, SOCIETY & CULTURE","COMMUNITY, SOCIETY & CULTURE"
ANTH,1,"ANTH209


	
Anthropology of Religion.


	
ANTH0059


	
Anthropology of Religion


	University College London (UCL) - University of London	England, UK",ANTH209,Anthropology of Religion.,ANTH0059,Anthropology of Religion,"University College London (UCL) - University of London	England, UK"
ANTH,1,ANTH209,ANTH209
ANTH,1,Anthropology of Religion.,Anthropology of Religion.
ANTH,1,ANTH0059,ANTH0059
ANTH,1,Anthropology of Religion,Anthropology of Religion
ANTH,1,"ANTH209


	
Anthropology of Religion.


	
ASPO25A27


	
Religion, Politics, and Society


	Institut d'Études Politiques (Sciences Po) (ALL CAMPUSES)	France",ANTH209,Anthropology of Religion.,ASPO25A27,"Religion, Politics, and Society",Institut d'Études Politiques (Sciences Po) (ALL CAMPUSES)	France
ANTH,1,ANTH209,ANTH209
ANTH,1,Anthropology of Religion.,Anthropology of Religion.
ANTH,1,ASPO25A27,ASPO25A27
ANTH,1,"Religion, Politics, and Society","Religion, Politics, and Society"
ANTH,1,"ANTH212


	
Anthropology of Development.


	
06SM721L129


	
Anthropology of Development


	University of Zurich	Switzerland",ANTH212,Anthropology of Development.,06SM721L129,Anthropology of Development,University of Zurich	Switzerland
ANTH,1,ANTH212,ANTH212
ANTH,1,Anthropology of Development.,Anthropology of Development.
ANTH,1,06SM721L129,06SM721L129
ANTH,1,Anthropology of Development,Anthropology of Development
ANTH,1,"ANTH212


	
Anthropology of Development.


	
3917


	
Imagining the Modern City in the Americas: A Dialogue between New York City, Rio de Janeiro, and Buenos Aires


	University of Torcuato di Tella	Argentina",ANTH212,Anthropology of Development.,3917,"Imagining the Modern City in the Americas: A Dialogue between New York City, Rio de Janeiro, and Buenos Aires",University of Torcuato di Tella	Argentina
ANTH,1,ANTH212,ANTH212
ANTH,1,Anthropology of Development.,Anthropology of Development.
ANTH,1,3917,3917
ANTH,1,"Imagining the Modern City in the Americas: A Dialogue between New York City, Rio de Janeiro, and Buenos Aires","Imagining the Modern City in the Americas: A Dialogue between New York City, Rio de Janeiro, and Buenos Aires"
ANTH,1,"ANTH212


	
Anthropology of Development.


	
ANTH231


	
Culture and Commerce


	Concordia University	Canada",ANTH212,Anthropology of Development.,ANTH231,Culture and Commerce,Concordia University	Canada
ANTH,1,ANTH212,ANTH212
ANTH,1,Anthropology of Development.,Anthropology of Development.
ANTH,1,ANTH231,ANTH231
ANTH,1,Culture and Commerce,Culture and Commerce
ANTH,1,"ANTH212


	
Anthropology of Development.


	
ARTS1250


	
Human Geography: Society, Space and Territory


	University of New South Wales (UNSW)	Australia",ANTH212,Anthropology of Development.,ARTS1250,"Human Geography: Society, Space and Territory",University of New South Wales (UNSW)	Australia
ANTH,1,ANTH212,ANTH212
ANTH,1,Anthropology of Development.,Anthropology of Development.
ANTH,1,ARTS1250,ARTS1250
ANTH,1,"Human Geography: Society, Space and Territory","Human Geography: Society, Space and Territory"
ANTH,1,"ANTH212


	
Anthropology of Development.


	
DEVT10001


	
The Developing World


	University of Melbourne	Australia",ANTH212,Anthropology of Development.,DEVT10001,The Developing World,University of Melbourne	Australia
ANTH,1,ANTH212,ANTH212
ANTH,1,Anthropology of Development.,Anthropology of Development.
ANTH,1,DEVT10001,DEVT10001
ANTH,1,The Developing World,The Developing World
ANTH,1,"ANTH227


	
Medical Anthropology.


	
YBAJ215


	
The Anthropology of Body, Health and Illness


	Charles University in Prague	Czech Republic",ANTH227,Medical Anthropology.,YBAJ215,"The Anthropology of Body, Health and Illness",Charles University in Prague	Czech Republic
ANTH,1,ANTH227,ANTH227
ANTH,1,Medical Anthropology.,Medical Anthropology.
ANTH,1,YBAJ215,YBAJ215
ANTH,1,"The Anthropology of Body, Health and Illness","The Anthropology of Body, Health and Illness"
ANTH,1,"ANTH2XX


	
Anthropology 2XX


	
221


	
Symbolic Anthropology


	Concordia University	Canada",ANTH2XX,Anthropology 2XX,221,Symbolic Anthropology,Concordia University	Canada
ANTH,1,ANTH2XX,ANTH2XX
ANTH,1,Anthropology 2XX,Anthropology 2XX
ANTH,1,221,221
ANTH,1,Symbolic Anthropology,Symbolic Anthropology
ANTH,1,"ANTH2XX


	
Anthropology 2XX


	
2SK146


	
Gender and Economic Development


	Uppsala University	Sweden",ANTH2XX,Anthropology 2XX,2SK146,Gender and Economic Development,Uppsala University	Sweden
ANTH,1,ANTH2XX,ANTH2XX
ANTH,1,Anthropology 2XX,Anthropology 2XX
ANTH,1,2SK146,2SK146
ANTH,1,Gender and Economic Development,Gender and Economic Development
ANTH,1,"ANTH2XX


	
Anthropology 2XX


	
81946


	
Historical Anthropology and Early Modern Globalisation (1) (LM)


	University of Bologna	Italy",ANTH2XX,Anthropology 2XX,81946,Historical Anthropology and Early Modern Globalisation (1) (LM),University of Bologna	Italy
ANTH,1,ANTH2XX,ANTH2XX
ANTH,1,Anthropology 2XX,Anthropology 2XX
ANTH,1,81946,81946
ANTH,1,Historical Anthropology and Early Modern Globalisation (1) (LM),Historical Anthropology and Early Modern Globalisation (1) (LM)
ANTH,1,"ANTH2XX


	
Anthropology 2XX


	
AANA18127U


	
Economies of Tech


	University of Copenhagen	Denmark",ANTH2XX,Anthropology 2XX,AANA18127U,Economies of Tech,University of Copenhagen	Denmark
ANTH,1,ANTH2XX,ANTH2XX
ANTH,1,Anthropology 2XX,Anthropology 2XX
ANTH,1,AANA18127U,AANA18127U
ANTH,1,Economies of Tech,Economies of Tech
ANTH,1,"ANTH2XX


	
Anthropology 2XX


	
AANB05091U


	
The Anthropology of Migration, Introductory Course


	University of Copenhagen	Denmark",ANTH2XX,Anthropology 2XX,AANB05091U,"The Anthropology of Migration, Introductory Course",University of Copenhagen	Denmark
ANTH,1,ANTH2XX,ANTH2XX
ANTH,1,Anthropology 2XX,Anthropology 2XX
ANTH,1,AANB05091U,AANB05091U
ANTH,1,"The Anthropology of Migration, Introductory Course","The Anthropology of Migration, Introductory Course"
ANTH,1,"ANTH2XX


	
Anthropology 2XX


	
ANT101H5


	
Introduction to Biological Anthropology and Archaeology


	University of Toronto	Canada",ANTH2XX,Anthropology 2XX,ANT101H5,Introduction to Biological Anthropology and Archaeology,University of Toronto	Canada
ANTH,1,ANTH2XX,ANTH2XX
ANTH,1,Anthropology 2XX,Anthropology 2XX
ANTH,1,ANT101H5,ANT101H5
ANTH,1,Introduction to Biological Anthropology and Archaeology,Introduction to Biological Anthropology and Archaeology
ANTH,1,"ANTH2XX


	
Anthropology 2XX


	
ANT204


	
Social Cultural Anthropology and Global Issues


	University of Toronto	Canada",ANTH2XX,Anthropology 2XX,ANT204,Social Cultural Anthropology and Global Issues,University of Toronto	Canada
ANTH,1,ANTH2XX,ANTH2XX
ANTH,1,Anthropology 2XX,Anthropology 2XX
ANTH,1,ANT204,ANT204
ANTH,1,Social Cultural Anthropology and Global Issues,Social Cultural Anthropology and Global Issues
ANTH,1,"ANTH2XX


	
Anthropology 2XX


	
ANTH


	
Consumption Anthropology


	Brazilian School of Public and Business Administration	Brazil",ANTH2XX,Anthropology 2XX,ANTH,Consumption Anthropology,Brazilian School of Public and Business Administration	Brazil
ANTH,1,ANTH2XX,ANTH2XX
ANTH,1,Anthropology 2XX,Anthropology 2XX
ANTH,1,ANTH,ANTH
ANTH,1,Consumption Anthropology,Consumption Anthropology
ANTH,1,"ANTH2XX


	
Anthropology 2XX


	
ANTH20001


	
Keeping the body in Mind


	University of Melbourne	Australia",ANTH2XX,Anthropology 2XX,ANTH20001,Keeping the body in Mind,University of Melbourne	Australia
ANTH,1,ANTH2XX,ANTH2XX
ANTH,1,Anthropology 2XX,Anthropology 2XX
ANTH,1,ANTH20001,ANTH20001
ANTH,1,Keeping the body in Mind,Keeping the body in Mind
ANTH,1,"ANTH2XX


	
Anthropology 2XX


	
ANTH275


	
Faces of Culture: An Introduction to Cultural Anthropolog


	Athabasca University	Canada",ANTH2XX,Anthropology 2XX,ANTH275,Faces of Culture: An Introduction to Cultural Anthropolog,Athabasca University	Canada
ANTH,1,ANTH2XX,ANTH2XX
ANTH,1,Anthropology 2XX,Anthropology 2XX
ANTH,1,ANTH275,ANTH275
ANTH,1,Faces of Culture: An Introduction to Cultural Anthropolog,Faces of Culture: An Introduction to Cultural Anthropolog
ANTH,1,"ANTH2XX


	
Anthropology 2XX


	
ANTH302


	
The Practice of Ethnography


	University of Saskatchewan	Canada",ANTH2XX,Anthropology 2XX,ANTH302,The Practice of Ethnography,University of Saskatchewan	Canada
ANTH,1,ANTH2XX,ANTH2XX
ANTH,1,Anthropology 2XX,Anthropology 2XX
ANTH,1,ANTH302,ANTH302
ANTH,1,The Practice of Ethnography,The Practice of Ethnography
ANTH,1,"ANTH2XX


	
Anthropology 2XX


	
ANTHRO110


	
Culture and Creativity


	The University of Auckland / Te Whare Wananga o Tamaki Makaurau	New Zealand",ANTH2XX,Anthropology 2XX,ANTHRO110,Culture and Creativity,The University of Auckland / Te Whare Wananga o Tamaki Makaurau	New Zealand
ANTH,1,ANTH2XX,ANTH2XX
ANTH,1,Anthropology 2XX,Anthropology 2XX
ANTH,1,ANTHRO110,ANTHRO110
ANTH,1,Culture and Creativity,Culture and Creativity
ANTH,1,"ANTH2XX


	
Anthropology 2XX


	
ANTR2030


	
Métodos espaciales en etnografía


	University of the Andes	Colombia",ANTH2XX,Anthropology 2XX,ANTR2030,Métodos espaciales en etnografía,University of the Andes	Colombia
ANTH,1,ANTH2XX,ANTH2XX
ANTH,1,Anthropology 2XX,Anthropology 2XX
ANTH,1,ANTR2030,ANTR2030
ANTH,1,Métodos espaciales en etnografía,Métodos espaciales en etnografía
ANTH,1,"ANTH2XX


	
Anthropology 2XX


	
ANTR2202


	
ARQUEOLOGÍA DE COLOMBIA


	University of the Andes	Colombia",ANTH2XX,Anthropology 2XX,ANTR2202,ARQUEOLOGÍA DE COLOMBIA,University of the Andes	Colombia
ANTH,1,ANTH2XX,ANTH2XX
ANTH,1,Anthropology 2XX,Anthropology 2XX
ANTH,1,ANTR2202,ANTR2202
ANTH,1,ARQUEOLOGÍA DE COLOMBIA,ARQUEOLOGÍA DE COLOMBIA
ANTH,1,"ANTH2XX


	
Anthropology 2XX


	
ANTV20ZL


	
Anthropology of Religion 01


	Waseda University	Japan",ANTH2XX,Anthropology 2XX,ANTV20ZL,Anthropology of Religion 01,Waseda University	Japan
ANTH,1,ANTH2XX,ANTH2XX
ANTH,1,Anthropology 2XX,Anthropology 2XX
ANTH,1,ANTV20ZL,ANTV20ZL
ANTH,1,Anthropology of Religion 01,Anthropology of Religion 01
ANTH,1,"ANTH2XX


	
Anthropology 2XX


	
ARCH30630


	
Human-Animal Relationships. Archaeologies, Ethnographies, Anthropologies


	University College Dublin	Ireland",ANTH2XX,Anthropology 2XX,ARCH30630,"Human-Animal Relationships. Archaeologies, Ethnographies, Anthropologies",University College Dublin	Ireland
ANTH,1,ANTH2XX,ANTH2XX
ANTH,1,Anthropology 2XX,Anthropology 2XX
ANTH,1,ARCH30630,ARCH30630
ANTH,1,"Human-Animal Relationships. Archaeologies, Ethnographies, Anthropologies","Human-Animal Relationships. Archaeologies, Ethnographies, Anthropologies"
ANTH,1,"ANTH2XX


	
Anthropology 2XX


	
CONSUMPTIONANTH


	
Consumption Anthropology


	Brazilian School of Public and Business Administration	Brazil",ANTH2XX,Anthropology 2XX,CONSUMPTIONANTH,Consumption Anthropology,Brazilian School of Public and Business Administration	Brazil
ANTH,1,ANTH2XX,ANTH2XX
ANTH,1,Anthropology 2XX,Anthropology 2XX
ANTH,1,CONSUMPTIONANTH,CONSUMPTIONANTH
ANTH,1,Consumption Anthropology,Consumption Anthropology
ANTH,1,"ANTH2XX


	
Anthropology 2XX


	
OEBXO2104Z


	
Body, Language, and Identity


	Charles University in Prague	Czech Republic",ANTH2XX,Anthropology 2XX,OEBXO2104Z,"Body, Language, and Identity",Charles University in Prague	Czech Republic
ANTH,1,ANTH2XX,ANTH2XX
ANTH,1,Anthropology 2XX,Anthropology 2XX
ANTH,1,OEBXO2104Z,OEBXO2104Z
ANTH,1,"Body, Language, and Identity","Body, Language, and Identity"
ANTH,1,"ANTH2XX


	
Anthropology 2XX


	
SANT28512


	
SANT285-12 Current Anthropological Research: The Class on Class: Towards an Anthropology of Capitalism


	University of Bergen	Norway",ANTH2XX,Anthropology 2XX,SANT28512,SANT285-12 Current Anthropological Research: The Class on Class: Towards an Anthropology of Capitalism,University of Bergen	Norway
ANTH,1,ANTH2XX,ANTH2XX
ANTH,1,Anthropology 2XX,Anthropology 2XX
ANTH,1,SANT28512,SANT28512
ANTH,1,SANT285-12 Current Anthropological Research: The Class on Class: Towards an Anthropology of Capitalism,SANT285-12 Current Anthropological Research: The Class on Class: Towards an Anthropology of Capitalism
ANTH,1,"ANTH2XX


	
Anthropology 2XX


	
ANTH10001


	
Anthropology: Studying Human Diversity


	University of Melbourne	Australia",ANTH2XX,Anthropology 2XX,ANTH10001,Anthropology: Studying Human Diversity,University of Melbourne	Australia
ANTH,1,ANTH2XX,ANTH2XX
ANTH,1,Anthropology 2XX,Anthropology 2XX
ANTH,1,ANTH10001,ANTH10001
ANTH,1,Anthropology: Studying Human Diversity,Anthropology: Studying Human Diversity
ANTH,1,"ANTH308


	
Political Anthropology 01.


	
08F140504


	
Contemporary Issues of Southeast Asia


	The University of Tokyo	Japan",ANTH308,Political Anthropology 01.,08F140504,Contemporary Issues of Southeast Asia,The University of Tokyo	Japan
ANTH,1,ANTH308,ANTH308
ANTH,1,Political Anthropology 01.,Political Anthropology 01.
ANTH,1,08F140504,08F140504
ANTH,1,Contemporary Issues of Southeast Asia,Contemporary Issues of Southeast Asia
ANTH,1,"ANTH322


	
Social Change in Modern Africa.


	
7312R0013Y


	
Anthropology of Urban Africa


	University of Amsterdam	Netherlands",ANTH322,Social Change in Modern Africa.,7312R0013Y,Anthropology of Urban Africa,University of Amsterdam	Netherlands
ANTH,1,ANTH322,ANTH322
ANTH,1,Social Change in Modern Africa.,Social Change in Modern Africa.
ANTH,1,7312R0013Y,7312R0013Y
ANTH,1,Anthropology of Urban Africa,Anthropology of Urban Africa
ANTH,1,"ANTH326


	
Anthropology of Latin America.


	
CISO1505


	
Contextos de América Latina y Colombia


	University of the Andes	Colombia",ANTH326,Anthropology of Latin America.,CISO1505,Contextos de América Latina y Colombia,University of the Andes	Colombia
ANTH,1,ANTH326,ANTH326
ANTH,1,Anthropology of Latin America.,Anthropology of Latin America.
ANTH,1,CISO1505,CISO1505
ANTH,1,Contextos de América Latina y Colombia,Contextos de América Latina y Colombia
ANTH,1,"ANTH326


	
Anthropology of Latin America.


	
SPAN1811


	
Latin America in Its Own Voices


	Mount Allison University	Canada",ANTH326,Anthropology of Latin America.,SPAN1811,Latin America in Its Own Voices,Mount Allison University	Canada
ANTH,1,ANTH326,ANTH326
ANTH,1,Anthropology of Latin America.,Anthropology of Latin America.
ANTH,1,SPAN1811,SPAN1811
ANTH,1,Latin America in Its Own Voices,Latin America in Its Own Voices
ANTH,1,"ANTH327


	
Anthropology of South Asia.


	
7312R0022Y


	
Anthropology of Contemporary South Asia


	University of Amsterdam	Netherlands",ANTH327,Anthropology of South Asia.,7312R0022Y,Anthropology of Contemporary South Asia,University of Amsterdam	Netherlands
ANTH,1,ANTH327,ANTH327
ANTH,1,Anthropology of South Asia.,Anthropology of South Asia.
ANTH,1,7312R0022Y,7312R0022Y
ANTH,1,Anthropology of Contemporary South Asia,Anthropology of Contemporary South Asia
ANTH,1,"ANTH327


	
Peoples of South Asia.


	
SN1101E


	
South Asia: People, Culture, Development


	National University of Singapore	Singapore",ANTH327,Peoples of South Asia.,SN1101E,"South Asia: People, Culture, Development",National University of Singapore	Singapore
ANTH,1,ANTH327,ANTH327
ANTH,1,Peoples of South Asia.,Peoples of South Asia.
ANTH,1,SN1101E,SN1101E
ANTH,1,"South Asia: People, Culture, Development","South Asia: People, Culture, Development"
ANTH,1,"ANTH338


	
Indigenous Studies of Anthropology.


	
ANTH473


	
NATIVE AMERICAN LANGUAGES AND CULTURES


	University of Maryland College Park	USA",ANTH338,Indigenous Studies of Anthropology.,ANTH473,NATIVE AMERICAN LANGUAGES AND CULTURES,University of Maryland College Park	USA
ANTH,1,ANTH338,ANTH338
ANTH,1,Indigenous Studies of Anthropology.,Indigenous Studies of Anthropology.
ANTH,1,ANTH473,ANTH473
ANTH,1,NATIVE AMERICAN LANGUAGES AND CULTURES,NATIVE AMERICAN LANGUAGES AND CULTURES
ANTH,1,"ANTH339


	
Ecological Anthropology.


	
12701


	
Introduction to Living systems


	Technical University of Denmark	Denmark",ANTH339,Ecological Anthropology.,12701,Introduction to Living systems,Technical University of Denmark	Denmark
ANTH,1,ANTH339,ANTH339
ANTH,1,Ecological Anthropology.,Ecological Anthropology.
ANTH,1,12701,12701
ANTH,1,Introduction to Living systems,Introduction to Living systems
ANTH,1,"ANTH339


	
Ecological Anthropology.


	
ANTH0188


	
Environmental Anthropology


	University College London (UCL) - University of London	England, UK",ANTH339,Ecological Anthropology.,ANTH0188,Environmental Anthropology,"University College London (UCL) - University of London	England, UK"
ANTH,1,ANTH339,ANTH339
ANTH,1,Ecological Anthropology.,Ecological Anthropology.
ANTH,1,ANTH0188,ANTH0188
ANTH,1,Environmental Anthropology,Environmental Anthropology
ANTH,1,"ANTH339


	
Ecological Anthropology.


	
ARTS3242


	
Environmental History


	University of New South Wales (UNSW)	Australia",ANTH339,Ecological Anthropology.,ARTS3242,Environmental History,University of New South Wales (UNSW)	Australia
ANTH,1,ANTH339,ANTH339
ANTH,1,Ecological Anthropology.,Ecological Anthropology.
ANTH,1,ARTS3242,ARTS3242
ANTH,1,Environmental History,Environmental History
ANTH,1,"ANTH339


	
Ecological Anthropology.


	
SANT28513


	
Current Anthropological Research: Ocean Anthropology


	University of Bergen	Norway",ANTH339,Ecological Anthropology.,SANT28513,Current Anthropological Research: Ocean Anthropology,University of Bergen	Norway
ANTH,1,ANTH339,ANTH339
ANTH,1,Ecological Anthropology.,Ecological Anthropology.
ANTH,1,SANT28513,SANT28513
ANTH,1,Current Anthropological Research: Ocean Anthropology,Current Anthropological Research: Ocean Anthropology
ANTH,1,"ANTH352


	
History of Anthropological Theory.


	
ANTH301


	
History of Anthropological Thought


	Concordia University	Canada",ANTH352,History of Anthropological Theory.,ANTH301,History of Anthropological Thought,Concordia University	Canada
ANTH,1,ANTH352,ANTH352
ANTH,1,History of Anthropological Theory.,History of Anthropological Theory.
ANTH,1,ANTH301,ANTH301
ANTH,1,History of Anthropological Thought,History of Anthropological Thought
ANTH,1,"ANTH358


	
The Process of Anthropological Research.


	
PSY100


	
General Psychology


	Santa Barbara City College	USA",ANTH358,The Process of Anthropological Research.,PSY100,General Psychology,Santa Barbara City College	USA
ANTH,1,ANTH358,ANTH358
ANTH,1,The Process of Anthropological Research.,The Process of Anthropological Research.
ANTH,1,PSY100,PSY100
ANTH,1,General Psychology,General Psychology
ANTH,1,"ANTH3XX


	
Anthropology 3XX


	
5EE503


	
Swedish Society and Everyday Life


	Uppsala University	Sweden",ANTH3XX,Anthropology 3XX,5EE503,Swedish Society and Everyday Life,Uppsala University	Sweden
ANTH,1,ANTH3XX,ANTH3XX
ANTH,1,Anthropology 3XX,Anthropology 3XX
ANTH,1,5EE503,5EE503
ANTH,1,Swedish Society and Everyday Life,Swedish Society and Everyday Life
ANTH,1,"ANTH3XX


	
Anthropology 3XX


	
7313T0102Y


	
Anthropology of Disasters


	University of Amsterdam	Netherlands",ANTH3XX,Anthropology 3XX,7313T0102Y,Anthropology of Disasters,University of Amsterdam	Netherlands
ANTH,1,ANTH3XX,ANTH3XX
ANTH,1,Anthropology 3XX,Anthropology 3XX
ANTH,1,7313T0102Y,7313T0102Y
ANTH,1,Anthropology of Disasters,Anthropology of Disasters
ANTH,1,"ANTH3XX


	
Anthropology 3XX


	
78904


	
Semiotics of Memory


	University of Bologna	Italy",ANTH3XX,Anthropology 3XX,78904,Semiotics of Memory,University of Bologna	Italy
ANTH,1,ANTH3XX,ANTH3XX
ANTH,1,Anthropology 3XX,Anthropology 3XX
ANTH,1,78904,78904
ANTH,1,Semiotics of Memory,Semiotics of Memory
ANTH,1,"ANTH3XX


	
Anthropology 3XX


	
81951


	
Global Health and Suffering


	University of Bologna	Italy",ANTH3XX,Anthropology 3XX,81951,Global Health and Suffering,University of Bologna	Italy
ANTH,1,ANTH3XX,ANTH3XX
ANTH,1,Anthropology 3XX,Anthropology 3XX
ANTH,1,81951,81951
ANTH,1,Global Health and Suffering,Global Health and Suffering
ANTH,1,"ANTH3XX


	
Anthropology 3XX


	
93140


	
Archaeological Landscapes (LM)


	University of Bologna	Italy",ANTH3XX,Anthropology 3XX,93140,Archaeological Landscapes (LM),University of Bologna	Italy
ANTH,1,ANTH3XX,ANTH3XX
ANTH,1,Anthropology 3XX,Anthropology 3XX
ANTH,1,93140,93140
ANTH,1,Archaeological Landscapes (LM),Archaeological Landscapes (LM)
ANTH,1,"ANTH3XX


	
Anthropology 3XX


	
93143


	
Archaeology of Production in the Ancient and Medieval World (LM)


	University of Bologna	Italy",ANTH3XX,Anthropology 3XX,93143,Archaeology of Production in the Ancient and Medieval World (LM),University of Bologna	Italy
ANTH,1,ANTH3XX,ANTH3XX
ANTH,1,Anthropology 3XX,Anthropology 3XX
ANTH,1,93143,93143
ANTH,1,Archaeology of Production in the Ancient and Medieval World (LM),Archaeology of Production in the Ancient and Medieval World (LM)
ANTH,1,"ANTH3XX


	
Anthropology 3XX


	
AANT2200


	
ANTHROPOLOGY OF JAPAN


	Sophia University	Japan",ANTH3XX,Anthropology 3XX,AANT2200,ANTHROPOLOGY OF JAPAN,Sophia University	Japan
ANTH,1,ANTH3XX,ANTH3XX
ANTH,1,Anthropology 3XX,Anthropology 3XX
ANTH,1,AANT2200,AANT2200
ANTH,1,ANTHROPOLOGY OF JAPAN,ANTHROPOLOGY OF JAPAN
ANTH,1,"ANTH3XX


	
Anthropology 3XX


	
ANT205H5


	
INTRODUCTION TO FORENSIC ANTHROPOLOGY


	University of Toronto	Canada",ANTH3XX,Anthropology 3XX,ANT205H5,INTRODUCTION TO FORENSIC ANTHROPOLOGY,University of Toronto	Canada
ANTH,1,ANTH3XX,ANTH3XX
ANTH,1,Anthropology 3XX,Anthropology 3XX
ANTH,1,ANT205H5,ANT205H5
ANTH,1,INTRODUCTION TO FORENSIC ANTHROPOLOGY,INTRODUCTION TO FORENSIC ANTHROPOLOGY
ANTH,1,"ANTH3XX


	
Anthropology 3XX


	
ANTH0062


	
Anthropology of Cultural Heritage and Museum Anthropology


	University College London (UCL) - University of London	England, UK",ANTH3XX,Anthropology 3XX,ANTH0062,Anthropology of Cultural Heritage and Museum Anthropology,"University College London (UCL) - University of London	England, UK"
ANTH,1,ANTH3XX,ANTH3XX
ANTH,1,Anthropology 3XX,Anthropology 3XX
ANTH,1,ANTH0062,ANTH0062
ANTH,1,Anthropology of Cultural Heritage and Museum Anthropology,Anthropology of Cultural Heritage and Museum Anthropology
ANTH,1,"ANTH3XX


	
Anthropology 3XX


	
ANTH0064


	
Anthropology of the Built Environment


	University College London (UCL) - University of London	England, UK",ANTH3XX,Anthropology 3XX,ANTH0064,Anthropology of the Built Environment,"University College London (UCL) - University of London	England, UK"
ANTH,1,ANTH3XX,ANTH3XX
ANTH,1,Anthropology 3XX,Anthropology 3XX
ANTH,1,ANTH0064,ANTH0064
ANTH,1,Anthropology of the Built Environment,Anthropology of the Built Environment
ANTH,1,"ANTH3XX


	
Anthropology 3XX


	
ANTH0118


	
Anthropology of Fashion


	University College London (UCL) - University of London	England, UK",ANTH3XX,Anthropology 3XX,ANTH0118,Anthropology of Fashion,"University College London (UCL) - University of London	England, UK"
ANTH,1,ANTH3XX,ANTH3XX
ANTH,1,Anthropology 3XX,Anthropology 3XX
ANTH,1,ANTH0118,ANTH0118
ANTH,1,Anthropology of Fashion,Anthropology of Fashion
ANTH,1,"ANTH3XX


	
Anthropology 3XX


	
ANTH0157


	
Decolonising Anthropology


	University College London (UCL) - University of London	England, UK",ANTH3XX,Anthropology 3XX,ANTH0157,Decolonising Anthropology,"University College London (UCL) - University of London	England, UK"
ANTH,1,ANTH3XX,ANTH3XX
ANTH,1,Anthropology 3XX,Anthropology 3XX
ANTH,1,ANTH0157,ANTH0157
ANTH,1,Decolonising Anthropology,Decolonising Anthropology
ANTH,1,"ANTH3XX


	
Anthropology 3XX


	
ANTH20011


	
Ethnic Nationalism and the Modern World


	University of Melbourne	Australia",ANTH3XX,Anthropology 3XX,ANTH20011,Ethnic Nationalism and the Modern World,University of Melbourne	Australia
ANTH,1,ANTH3XX,ANTH3XX
ANTH,1,Anthropology 3XX,Anthropology 3XX
ANTH,1,ANTH20011,ANTH20011
ANTH,1,Ethnic Nationalism and the Modern World,Ethnic Nationalism and the Modern World
ANTH,1,"ANTH3XX


	
Anthropology 3XX


	
ANTH2053


	
life, death and culture


	The University of Adelaide	Australia",ANTH3XX,Anthropology 3XX,ANTH2053,"life, death and culture",The University of Adelaide	Australia
ANTH,1,ANTH3XX,ANTH3XX
ANTH,1,Anthropology 3XX,Anthropology 3XX
ANTH,1,ANTH2053,ANTH2053
ANTH,1,"life, death and culture","life, death and culture"
ANTH,1,"ANTH3XX


	
Anthropology 3XX


	
ANTH2060


	
Environmental Anthropology


	University of Queensland (UQ)	Australia",ANTH3XX,Anthropology 3XX,ANTH2060,Environmental Anthropology,University of Queensland (UQ)	Australia
ANTH,1,ANTH3XX,ANTH3XX
ANTH,1,Anthropology 3XX,Anthropology 3XX
ANTH,1,ANTH2060,ANTH2060
ANTH,1,Environmental Anthropology,Environmental Anthropology
ANTH,1,"ANTH3XX


	
Anthropology 3XX


	
ANTH2350


	
Meanings of Life


	The Chinese University of Hong Kong	Hong Kong, SAR",ANTH3XX,Anthropology 3XX,ANTH2350,Meanings of Life,"The Chinese University of Hong Kong	Hong Kong, SAR"
ANTH,1,ANTH3XX,ANTH3XX
ANTH,1,Anthropology 3XX,Anthropology 3XX
ANTH,1,ANTH2350,ANTH2350
ANTH,1,Meanings of Life,Meanings of Life
ANTH,1,"ANTH3XX


	
Anthropology 3XX


	
ANTH300O


	
Creating the ancient city: Social investment of peripheral neighborhoods in the making of Cahokia, USA


	Connecticut College	USA",ANTH3XX,Anthropology 3XX,ANTH300O,"Creating the ancient city: Social investment of peripheral neighborhoods in the making of Cahokia, USA",Connecticut College	USA
ANTH,1,ANTH3XX,ANTH3XX
ANTH,1,Anthropology 3XX,Anthropology 3XX
ANTH,1,ANTH300O,ANTH300O
ANTH,1,"Creating the ancient city: Social investment of peripheral neighborhoods in the making of Cahokia, USA","Creating the ancient city: Social investment of peripheral neighborhoods in the making of Cahokia, USA"
ANTH,1,"ANTH3XX


	
Anthropology 3XX


	
ANTHRO205


	
Primate Behaviour, Ecology and Conservation


	The University of Auckland / Te Whare Wananga o Tamaki Makaurau	New Zealand",ANTH3XX,Anthropology 3XX,ANTHRO205,"Primate Behaviour, Ecology and Conservation",The University of Auckland / Te Whare Wananga o Tamaki Makaurau	New Zealand
ANTH,1,ANTH3XX,ANTH3XX
ANTH,1,Anthropology 3XX,Anthropology 3XX
ANTH,1,ANTHRO205,ANTHRO205
ANTH,1,"Primate Behaviour, Ecology and Conservation","Primate Behaviour, Ecology and Conservation"
ANTH,1,"ANTH3XX


	
Anthropology 3XX


	
ANTHRO301


	
Contemporary Research in Music and Culture


	The University of Auckland / Te Whare Wananga o Tamaki Makaurau	New Zealand",ANTH3XX,Anthropology 3XX,ANTHRO301,Contemporary Research in Music and Culture,The University of Auckland / Te Whare Wananga o Tamaki Makaurau	New Zealand
ANTH,1,ANTH3XX,ANTH3XX
ANTH,1,Anthropology 3XX,Anthropology 3XX
ANTH,1,ANTHRO301,ANTHRO301
ANTH,1,Contemporary Research in Music and Culture,Contemporary Research in Music and Culture
ANTH,1,"ANTH3XX


	
Anthropology 3XX


	
ARCH10050


	
Intro to Archeology of Ireland


	University College Dublin	Ireland",ANTH3XX,Anthropology 3XX,ARCH10050,Intro to Archeology of Ireland,University College Dublin	Ireland
ANTH,1,ANTH3XX,ANTH3XX
ANTH,1,Anthropology 3XX,Anthropology 3XX
ANTH,1,ARCH10050,ARCH10050
ANTH,1,Intro to Archeology of Ireland,Intro to Archeology of Ireland
ANTH,1,"ANTH3XX


	
Anthropology 3XX


	
ARCH20660


	
Discovering Dublin


	University College Dublin	Ireland",ANTH3XX,Anthropology 3XX,ARCH20660,Discovering Dublin,University College Dublin	Ireland
ANTH,1,ANTH3XX,ANTH3XX
ANTH,1,Anthropology 3XX,Anthropology 3XX
ANTH,1,ARCH20660,ARCH20660
ANTH,1,Discovering Dublin,Discovering Dublin
ANTH,1,"ANTH3XX


	
Anthropology 3XX


	
BKULS0K30A


	
Anthropology and Social Media


	Catholic University of Leuven	Belgium",ANTH3XX,Anthropology 3XX,BKULS0K30A,Anthropology and Social Media,Catholic University of Leuven	Belgium
ANTH,1,ANTH3XX,ANTH3XX
ANTH,1,Anthropology 3XX,Anthropology 3XX
ANTH,1,BKULS0K30A,BKULS0K30A
ANTH,1,Anthropology and Social Media,Anthropology and Social Media
ANTH,1,"ANTH3XX


	
Anthropology 3XX


	
CISO1303


	
Naturaleza y Cultura


	University of the Andes	Colombia",ANTH3XX,Anthropology 3XX,CISO1303,Naturaleza y Cultura,University of the Andes	Colombia
ANTH,1,ANTH3XX,ANTH3XX
ANTH,1,Anthropology 3XX,Anthropology 3XX
ANTH,1,CISO1303,CISO1303
ANTH,1,Naturaleza y Cultura,Naturaleza y Cultura
ANTH,1,"ANTH3XX


	
Anthropology 3XX


	
GE2239


	
Food: Culture, Science and Society


	City University of Hong Kong	Hong Kong, SAR",ANTH3XX,Anthropology 3XX,GE2239,"Food: Culture, Science and Society","City University of Hong Kong	Hong Kong, SAR"
ANTH,1,ANTH3XX,ANTH3XX
ANTH,1,Anthropology 3XX,Anthropology 3XX
ANTH,1,GE2239,GE2239
ANTH,1,"Food: Culture, Science and Society","Food: Culture, Science and Society"
ANTH,1,"ANTH3XX


	
Anthropology 3XX


	
GE2244


	
The Hidden City: Space, Power and Social Processes in Hong Kong


	City University of Hong Kong	Hong Kong, SAR",ANTH3XX,Anthropology 3XX,GE2244,"The Hidden City: Space, Power and Social Processes in Hong Kong","City University of Hong Kong	Hong Kong, SAR"
ANTH,1,ANTH3XX,ANTH3XX
ANTH,1,Anthropology 3XX,Anthropology 3XX
ANTH,1,GE2244,GE2244
ANTH,1,"The Hidden City: Space, Power and Social Processes in Hong Kong","The Hidden City: Space, Power and Social Processes in Hong Kong"
ANTH,1,"ANTH3XX


	
Anthropology 3XX


	
H1058


	
Anthropology of the Body


	Monterrey Institute of Technology and Higher Education	Mexico",ANTH3XX,Anthropology 3XX,H1058,Anthropology of the Body,Monterrey Institute of Technology and Higher Education	Mexico
ANTH,1,ANTH3XX,ANTH3XX
ANTH,1,Anthropology 3XX,Anthropology 3XX
ANTH,1,H1058,H1058
ANTH,1,Anthropology of the Body,Anthropology of the Body
ANTH,1,"ANTH3XX


	
Anthropology 3XX


	
JSB539


	
Anthropology of East - Central Europe


	Charles University in Prague	Czech Republic",ANTH3XX,Anthropology 3XX,JSB539,Anthropology of East - Central Europe,Charles University in Prague	Czech Republic
ANTH,1,ANTH3XX,ANTH3XX
ANTH,1,Anthropology 3XX,Anthropology 3XX
ANTH,1,JSB539,JSB539
ANTH,1,Anthropology of East - Central Europe,Anthropology of East - Central Europe
ANTH,1,"ANTH3XX


	
Anthropology 3XX


	
LAX082B05


	
Theories of Culture IIIa


	University of Groningen	Netherlands",ANTH3XX,Anthropology 3XX,LAX082B05,Theories of Culture IIIa,University of Groningen	Netherlands
ANTH,1,ANTH3XX,ANTH3XX
ANTH,1,Anthropology 3XX,Anthropology 3XX
ANTH,1,LAX082B05,LAX082B05
ANTH,1,Theories of Culture IIIa,Theories of Culture IIIa
ANTH,1,"ANTH3XX


	
Anthropology 3XX


	
PACIFIC100


	
Introduction to Pacific Studies


	The University of Auckland / Te Whare Wananga o Tamaki Makaurau	New Zealand",ANTH3XX,Anthropology 3XX,PACIFIC100,Introduction to Pacific Studies,The University of Auckland / Te Whare Wananga o Tamaki Makaurau	New Zealand
ANTH,1,ANTH3XX,ANTH3XX
ANTH,1,Anthropology 3XX,Anthropology 3XX
ANTH,1,PACIFIC100,PACIFIC100
ANTH,1,Introduction to Pacific Studies,Introduction to Pacific Studies
ANTH,1,"ANTH3XX


	
Anthropology 3XX


	
S0J99A


	
Keywords in Social and Cultural Anthropology


	Catholic University of Leuven	Belgium",ANTH3XX,Anthropology 3XX,S0J99A,Keywords in Social and Cultural Anthropology,Catholic University of Leuven	Belgium
ANTH,1,ANTH3XX,ANTH3XX
ANTH,1,Anthropology 3XX,Anthropology 3XX
ANTH,1,S0J99A,S0J99A
ANTH,1,Keywords in Social and Cultural Anthropology,Keywords in Social and Cultural Anthropology
ANTH,1,"ANTH3XX


	
Anthropology 3XX


	
SASH86


	
Food, Tradition and Innovation


	Lund University (LU)	Sweden",ANTH3XX,Anthropology 3XX,SASH86,"Food, Tradition and Innovation",Lund University (LU)	Sweden
ANTH,1,ANTH3XX,ANTH3XX
ANTH,1,Anthropology 3XX,Anthropology 3XX
ANTH,1,SASH86,SASH86
ANTH,1,"Food, Tradition and Innovation","Food, Tradition and Innovation"
ANTH,1,"ANTH3XX


	
Anthropology 3XX


	
SE3232


	
Death and Dying in Southeast Asia


	National University of Singapore	Singapore",ANTH3XX,Anthropology 3XX,SE3232,Death and Dying in Southeast Asia,National University of Singapore	Singapore
ANTH,1,ANTH3XX,ANTH3XX
ANTH,1,Anthropology 3XX,Anthropology 3XX
ANTH,1,SE3232,SE3232
ANTH,1,Death and Dying in Southeast Asia,Death and Dying in Southeast Asia
ANTH,1,"ANTH3XX


	
Anthropology 3XX


	
ANTH30004


	
Kinship and Family: A Global Perspective


	University of Melbourne	Australia",ANTH3XX,Anthropology 3XX,ANTH30004,Kinship and Family: A Global Perspective,University of Melbourne	Australia
ANTH,1,ANTH3XX,ANTH3XX
ANTH,1,Anthropology 3XX,Anthropology 3XX
ANTH,1,ANTH30004,ANTH30004
ANTH,1,Kinship and Family: A Global Perspective,Kinship and Family: A Global Perspective
ANTH,1,"ANTH3XX


	
Anthropology 3XX


	
ANTH30005


	
Power, Ideology and Inequality


	University of Melbourne	Australia",ANTH3XX,Anthropology 3XX,ANTH30005,"Power, Ideology and Inequality",University of Melbourne	Australia
ANTH,1,ANTH3XX,ANTH3XX
ANTH,1,Anthropology 3XX,Anthropology 3XX
ANTH,1,ANTH30005,ANTH30005
ANTH,1,"Power, Ideology and Inequality","Power, Ideology and Inequality"
ANTH,1,"ANTH410


	
Great Debates in Anthropological Theory.


	
SCET10038


	
Museums and Cultural Representation: Nine Conversations at the National Museum of Scotland


	The University of Edinburgh	Scotland, UK",ANTH410,Great Debates in Anthropological Theory.,SCET10038,Museums and Cultural Representation: Nine Conversations at the National Museum of Scotland,"The University of Edinburgh	Scotland, UK"
ANTH,1,ANTH410,ANTH410
ANTH,1,Great Debates in Anthropological Theory.,Great Debates in Anthropological Theory.
ANTH,1,SCET10038,SCET10038
ANTH,1,Museums and Cultural Representation: Nine Conversations at the National Museum of Scotland,Museums and Cultural Representation: Nine Conversations at the National Museum of Scotland
ANTH,1,"ANTH426


	
Immigration and Culture.


	
GEOG20008


	
Inside the City of Diversity


	University of Melbourne	Australia",ANTH426,Immigration and Culture.,GEOG20008,Inside the City of Diversity,University of Melbourne	Australia
ANTH,1,ANTH426,ANTH426
ANTH,1,Immigration and Culture.,Immigration and Culture.
ANTH,1,GEOG20008,GEOG20008
ANTH,1,Inside the City of Diversity,Inside the City of Diversity
ANTH,1,"ANTH4XX


	
Anthropology 4XX


	
ANTH0018


	
Anthropology of Crime


	University College London (UCL) - University of London	England, UK",ANTH4XX,Anthropology 4XX,ANTH0018,Anthropology of Crime,"University College London (UCL) - University of London	England, UK"
ANTH,1,ANTH4XX,ANTH4XX
ANTH,1,Anthropology 4XX,Anthropology 4XX
ANTH,1,ANTH0018,ANTH0018
ANTH,1,Anthropology of Crime,Anthropology of Crime
ANTH,1,"ANTH4XX


	
Anthropology 4XX


	
ANTH0228


	
Visualizing Others: Colonial and Postcolonial Visual Culture


	University College London (UCL) - University of London	England, UK",ANTH4XX,Anthropology 4XX,ANTH0228,Visualizing Others: Colonial and Postcolonial Visual Culture,"University College London (UCL) - University of London	England, UK"
ANTH,1,ANTH4XX,ANTH4XX
ANTH,1,Anthropology 4XX,Anthropology 4XX
ANTH,1,ANTH0228,ANTH0228
ANTH,1,Visualizing Others: Colonial and Postcolonial Visual Culture,Visualizing Others: Colonial and Postcolonial Visual Culture
ANTH,1,"ANTH4XX


	
Anthropology 4XX


	
ANTH20015


	
Melbourne: Urban Anthropology in Action


	University of Melbourne	Australia",ANTH4XX,Anthropology 4XX,ANTH20015,Melbourne: Urban Anthropology in Action,University of Melbourne	Australia
ANTH,1,ANTH4XX,ANTH4XX
ANTH,1,Anthropology 4XX,Anthropology 4XX
ANTH,1,ANTH20015,ANTH20015
ANTH,1,Melbourne: Urban Anthropology in Action,Melbourne: Urban Anthropology in Action
ANTH,1,"ANTH4XX


	
Anthropology 4XX


	
ANTR3704


	
ANTROPOLOGIA Y ARTE CONTEMPORANEO


	University of the Andes	Colombia",ANTH4XX,Anthropology 4XX,ANTR3704,ANTROPOLOGIA Y ARTE CONTEMPORANEO,University of the Andes	Colombia
ANTH,1,ANTH4XX,ANTH4XX
ANTH,1,Anthropology 4XX,Anthropology 4XX
ANTH,1,ANTR3704,ANTR3704
ANTH,1,ANTROPOLOGIA Y ARTE CONTEMPORANEO,ANTROPOLOGIA Y ARTE CONTEMPORANEO
ANTH,1,"ANTH4XX


	
Anthropology 4XX


	
ANTR3822


	
Antropología de la casa


	University of the Andes	Colombia",ANTH4XX,Anthropology 4XX,ANTR3822,Antropología de la casa,University of the Andes	Colombia
ANTH,1,ANTH4XX,ANTH4XX
ANTH,1,Anthropology 4XX,Anthropology 4XX
ANTH,1,ANTR3822,ANTR3822
ANTH,1,Antropología de la casa,Antropología de la casa
ANTH,1,"ANTH4XX


	
Anthropology 4XX


	
1MV018


	
Climate Change Leadership - Power, Politics and Culture


	Uppsala University	Sweden",ANTH4XX,Anthropology 4XX,1MV018,"Climate Change Leadership - Power, Politics and Culture",Uppsala University	Sweden
ANTH,1,ANTH4XX,ANTH4XX
ANTH,1,Anthropology 4XX,Anthropology 4XX
ANTH,1,1MV018,1MV018
ANTH,1,"Climate Change Leadership - Power, Politics and Culture","Climate Change Leadership - Power, Politics and Culture"
ANTH,1,"New Search	
	Refine Search",New Search,Refine Search
ANTH,1,"New Search	
	Refine Search",New Search,Refine Search
BIOL,1,"Legend:	
	  Equivalent
	
	  Not Equivalent
	
	  Expired",Legend:,Equivalent,Not Equivalent,Expired
BIOL,1,Equivalent,Equivalent
BIOL,1,Not Equivalent,Not Equivalent
BIOL,1,Expired,Expired
BIOL,1,"New Search	
	Refine Search",New Search,Refine Search
BIOL,1,"New Search	
	Refine Search",New Search,Refine Search
BIOL,1,"McGill University
	
External Institution",McGill University,External Institution
BIOL,1,"Course
	
Title
	
Course
	
Title
	
Institution
	
Country
	
Status",Course,Title,Course,Title,Institution,Country,Status
BIOL,1,"BIOL101


	
Organismal Biology Laboratory.


	
BI101


	
Biology


	Clackamas Community College	USA",BIOL101,Organismal Biology Laboratory.,BI101,Biology,Clackamas Community College	USA
BIOL,1,BIOL101,BIOL101
BIOL,1,Organismal Biology Laboratory.,Organismal Biology Laboratory.
BIOL,1,BI101,BI101
BIOL,1,Biology,Biology
BIOL,1,"BIOL115


	
Essential Biology.


	
BIOL118


	
Survey of Physiology


	University of Washington	USA",BIOL115,Essential Biology.,BIOL118,Survey of Physiology,University of Washington	USA
BIOL,1,BIOL115,BIOL115
BIOL,1,Essential Biology.,Essential Biology.
BIOL,1,BIOL118,BIOL118
BIOL,1,Survey of Physiology,Survey of Physiology
BIOL,1,"BIOL1XX


	
Biology (Sci) 1XX


	
BIOL1902


	
Natural History


	Carleton University	Canada",BIOL1XX,Biology (Sci) 1XX,BIOL1902,Natural History,Carleton University	Canada
BIOL,1,BIOL1XX,BIOL1XX
BIOL,1,Biology (Sci) 1XX,Biology (Sci) 1XX
BIOL,1,BIOL1902,BIOL1902
BIOL,1,Natural History,Natural History
BIOL,1,"BIOL200


	
Molecular Biology.


	
87614


	
Molecular Biology of the Cell


	University of Bologna	Italy",BIOL200,Molecular Biology.,87614,Molecular Biology of the Cell,University of Bologna	Italy
BIOL,1,BIOL200,BIOL200
BIOL,1,Molecular Biology.,Molecular Biology.
BIOL,1,87614,87614
BIOL,1,Molecular Biology of the Cell,Molecular Biology of the Cell
BIOL,1,"BIOL201


	
Cell Biology and Metabolism.


	
CH373


	
Principles of Biochemistry


	Boston University	USA",BIOL201,Cell Biology and Metabolism.,CH373,Principles of Biochemistry,Boston University	USA
BIOL,1,BIOL201,BIOL201
BIOL,1,Cell Biology and Metabolism.,Cell Biology and Metabolism.
BIOL,1,CH373,CH373
BIOL,1,Principles of Biochemistry,Principles of Biochemistry
BIOL,1,"BIOL202


	
Basic Genetics.


	
BIOL003


	
Introduction to Genetics


	University College London (UCL) - University of London	England, UK",BIOL202,Basic Genetics.,BIOL003,Introduction to Genetics,"University College London (UCL) - University of London	England, UK"
BIOL,1,BIOL202,BIOL202
BIOL,1,Basic Genetics.,Basic Genetics.
BIOL,1,BIOL003,BIOL003
BIOL,1,Introduction to Genetics,Introduction to Genetics
BIOL,1,"BIOL202


	
Basic Genetics.


	
BIOL2202


	
Genetics


	University of Queensland (UQ)	Australia",BIOL202,Basic Genetics.,BIOL2202,Genetics,University of Queensland (UQ)	Australia
BIOL,1,BIOL202,BIOL202
BIOL,1,Basic Genetics.,Basic Genetics.
BIOL,1,BIOL2202,BIOL2202
BIOL,1,Genetics,Genetics
BIOL,1,"BIOL202


	
Basic Genetics.


	
BIOL234


	
Fundamentals of Genetics


	University of British Columbia (UBC) - All Campuses	Canada",BIOL202,Basic Genetics.,BIOL234,Fundamentals of Genetics,University of British Columbia (UBC) - All Campuses	Canada
BIOL,1,BIOL202,BIOL202
BIOL,1,Basic Genetics.,Basic Genetics.
BIOL,1,BIOL234,BIOL234
BIOL,1,Fundamentals of Genetics,Fundamentals of Genetics
BIOL,1,"BIOL202


	
Basic Genetics.


	
BIOL2410


	
General Genetics


	The Chinese University of Hong Kong, Shenzhen(CUHK-Shenzhen)	China",BIOL202,Basic Genetics.,BIOL2410,General Genetics,"The Chinese University of Hong Kong, Shenzhen(CUHK-Shenzhen)	China"
BIOL,1,BIOL202,BIOL202
BIOL,1,Basic Genetics.,Basic Genetics.
BIOL,1,BIOL2410,BIOL2410
BIOL,1,General Genetics,General Genetics
BIOL,1,"BIOL202


	
Basic Genetics.


	
BIOL4310


	
Human Genetics


	The Chinese University of Hong Kong, Shenzhen(CUHK-Shenzhen)	China",BIOL202,Basic Genetics.,BIOL4310,Human Genetics,"The Chinese University of Hong Kong, Shenzhen(CUHK-Shenzhen)	China"
BIOL,1,BIOL202,BIOL202
BIOL,1,Basic Genetics.,Basic Genetics.
BIOL,1,BIOL4310,BIOL4310
BIOL,1,Human Genetics,Human Genetics
BIOL,1,"BIOL202


	
Basic Genetics.


	
BIOSCI202


	
Genetics


	The University of Auckland / Te Whare Wananga o Tamaki Makaurau	New Zealand",BIOL202,Basic Genetics.,BIOSCI202,Genetics,The University of Auckland / Te Whare Wananga o Tamaki Makaurau	New Zealand
BIOL,1,BIOL202,BIOL202
BIOL,1,Basic Genetics.,Basic Genetics.
BIOL,1,BIOSCI202,BIOSCI202
BIOL,1,Genetics,Genetics
BIOL,1,"BIOL202


	
Basic Genetics.


	
LSM2105


	
Molecular Genetics


	National University of Singapore	Singapore",BIOL202,Basic Genetics.,LSM2105,Molecular Genetics,National University of Singapore	Singapore
BIOL,1,BIOL202,BIOL202
BIOL,1,Basic Genetics.,Basic Genetics.
BIOL,1,LSM2105,LSM2105
BIOL,1,Molecular Genetics,Molecular Genetics
BIOL,1,"BIOL205


	
Functional Biology of Plants and Animals.


	
LBI3112


	
ANIMAL PHYSIOLOGY


	University of the Americas Puebla (UDLAP)	Mexico",BIOL205,Functional Biology of Plants and Animals.,LBI3112,ANIMAL PHYSIOLOGY,University of the Americas Puebla (UDLAP)	Mexico
BIOL,1,BIOL205,BIOL205
BIOL,1,Functional Biology of Plants and Animals.,Functional Biology of Plants and Animals.
BIOL,1,LBI3112,LBI3112
BIOL,1,ANIMAL PHYSIOLOGY,ANIMAL PHYSIOLOGY
BIOL,1,"BIOL210


	
Perspectives of Science.


	
NEUR0022


	
Scientific Thinking for Real World Problems


	University College London (UCL) - University of London	England, UK",BIOL210,Perspectives of Science.,NEUR0022,Scientific Thinking for Real World Problems,"University College London (UCL) - University of London	England, UK"
BIOL,1,BIOL210,BIOL210
BIOL,1,Perspectives of Science.,Perspectives of Science.
BIOL,1,NEUR0022,NEUR0022
BIOL,1,Scientific Thinking for Real World Problems,Scientific Thinking for Real World Problems
BIOL,1,"BIOL215


	
Introduction to Ecology and Evolution.


	
22924


	
Introduction to Evolution & Animal Biology


	The University of Birmingham	England, UK",BIOL215,Introduction to Ecology and Evolution.,22924,Introduction to Evolution & Animal Biology,"The University of Birmingham	England, UK"
BIOL,1,BIOL215,BIOL215
BIOL,1,Introduction to Ecology and Evolution.,Introduction to Ecology and Evolution.
BIOL,1,22924,22924
BIOL,1,Introduction to Evolution & Animal Biology,Introduction to Evolution & Animal Biology
BIOL,1,"BIOL215


	
Introduction to Ecology and Evolution.


	
BIOSCI109


	
Ecology and Evolution : The Continuum of Life


	The University of Auckland / Te Whare Wananga o Tamaki Makaurau	New Zealand",BIOL215,Introduction to Ecology and Evolution.,BIOSCI109,Ecology and Evolution : The Continuum of Life,The University of Auckland / Te Whare Wananga o Tamaki Makaurau	New Zealand
BIOL,1,BIOL215,BIOL215
BIOL,1,Introduction to Ecology and Evolution.,Introduction to Ecology and Evolution.
BIOL,1,BIOSCI109,BIOSCI109
BIOL,1,Ecology and Evolution : The Continuum of Life,Ecology and Evolution : The Continuum of Life
BIOL,1,"BIOL2XX


	
Biology (Sci) 2XX


	
BIOA201


	
Principles of Biological Anthropology


	University of Washington	USA",BIOL2XX,Biology (Sci) 2XX,BIOA201,Principles of Biological Anthropology,University of Washington	USA
BIOL,1,BIOL2XX,BIOL2XX
BIOL,1,Biology (Sci) 2XX,Biology (Sci) 2XX
BIOL,1,BIOA201,BIOA201
BIOL,1,Principles of Biological Anthropology,Principles of Biological Anthropology
BIOL,1,"BIOL2XX


	
Biology (Sci) 2XX


	
BIOC0010


	
Microbial Metabolism and its Regulation


	University College London (UCL) - University of London	England, UK",BIOL2XX,Biology (Sci) 2XX,BIOC0010,Microbial Metabolism and its Regulation,"University College London (UCL) - University of London	England, UK"
BIOL,1,BIOL2XX,BIOL2XX
BIOL,1,Biology (Sci) 2XX,Biology (Sci) 2XX
BIOL,1,BIOC0010,BIOC0010
BIOL,1,Microbial Metabolism and its Regulation,Microbial Metabolism and its Regulation
BIOL,1,"BIOL2XX


	
Biology (Sci) 2XX


	
BIOL2042


	
Genes, Molecules and Cells 2


	The University of Glasgow	Scotland, UK",BIOL2XX,Biology (Sci) 2XX,BIOL2042,"Genes, Molecules and Cells 2","The University of Glasgow	Scotland, UK"
BIOL,1,BIOL2XX,BIOL2XX
BIOL,1,Biology (Sci) 2XX,Biology (Sci) 2XX
BIOL,1,BIOL2042,BIOL2042
BIOL,1,"Genes, Molecules and Cells 2","Genes, Molecules and Cells 2"
BIOL,1,"BIOL2XX


	
Biology (Sci) 2XX


	
BIOL401


	
Cell Biology


	Athabasca University	Canada",BIOL2XX,Biology (Sci) 2XX,BIOL401,Cell Biology,Athabasca University	Canada
BIOL,1,BIOL2XX,BIOL2XX
BIOL,1,Biology (Sci) 2XX,Biology (Sci) 2XX
BIOL,1,BIOL401,BIOL401
BIOL,1,Cell Biology,Cell Biology
BIOL,1,"BIOL2XX


	
Biology (Sci) 2XX


	
LSM2252


	
Biodiversity


	National University of Singapore	Singapore",BIOL2XX,Biology (Sci) 2XX,LSM2252,Biodiversity,National University of Singapore	Singapore
BIOL,1,BIOL2XX,BIOL2XX
BIOL,1,Biology (Sci) 2XX,Biology (Sci) 2XX
BIOL,1,LSM2252,LSM2252
BIOL,1,Biodiversity,Biodiversity
BIOL,1,"BIOL2XX


	
Biology (Sci) 2XX


	
WZ0161


	
Introduction to Genomics and Practical Course in Genetics


	Munich University of Technology	Germany",BIOL2XX,Biology (Sci) 2XX,WZ0161,Introduction to Genomics and Practical Course in Genetics,Munich University of Technology	Germany
BIOL,1,BIOL2XX,BIOL2XX
BIOL,1,Biology (Sci) 2XX,Biology (Sci) 2XX
BIOL,1,WZ0161,WZ0161
BIOL,1,Introduction to Genomics and Practical Course in Genetics,Introduction to Genomics and Practical Course in Genetics
BIOL,1,"BIOL2XX


	
Biology (Sci) 2XX


	
EVSC20004


	
Blue Planet-Intro to Marine Environments


	University of Melbourne	Australia",BIOL2XX,Biology (Sci) 2XX,EVSC20004,Blue Planet-Intro to Marine Environments,University of Melbourne	Australia
BIOL,1,BIOL2XX,BIOL2XX
BIOL,1,Biology (Sci) 2XX,Biology (Sci) 2XX
BIOL,1,EVSC20004,EVSC20004
BIOL,1,Blue Planet-Intro to Marine Environments,Blue Planet-Intro to Marine Environments
BIOL,1,"BIOL2XX


	
Biology (Sci) 2XX


	
MARS2014


	
Marine Science


	University of Queensland (UQ)	Australia",BIOL2XX,Biology (Sci) 2XX,MARS2014,Marine Science,University of Queensland (UQ)	Australia
BIOL,1,BIOL2XX,BIOL2XX
BIOL,1,Biology (Sci) 2XX,Biology (Sci) 2XX
BIOL,1,MARS2014,MARS2014
BIOL,1,Marine Science,Marine Science
BIOL,1,"BIOL2XX


	
Biology (Sci) 2XX


	
ZOOL20005


	
Animal Structure And Function


	University of Melbourne	Australia",BIOL2XX,Biology (Sci) 2XX,ZOOL20005,Animal Structure And Function,University of Melbourne	Australia
BIOL,1,BIOL2XX,BIOL2XX
BIOL,1,Biology (Sci) 2XX,Biology (Sci) 2XX
BIOL,1,ZOOL20005,ZOOL20005
BIOL,1,Animal Structure And Function,Animal Structure And Function
BIOL,1,"BIOL300


	
Molecular Biology of the Gene.


	
11221


	
LH Eukaryotic Gene Expression


	The University of Birmingham	England, UK",BIOL300,Molecular Biology of the Gene.,11221,LH Eukaryotic Gene Expression,"The University of Birmingham	England, UK"
BIOL,1,BIOL300,BIOL300
BIOL,1,Molecular Biology of the Gene.,Molecular Biology of the Gene.
BIOL,1,11221,11221
BIOL,1,LH Eukaryotic Gene Expression,LH Eukaryotic Gene Expression
BIOL,1,"BIOL301


	
Cell and Molecular Laboratory.


	
BIOL10412


	
Introduction to Experimental Biology - Molecular & Cellular Biology


	The University of Manchester	England, UK",BIOL301,Cell and Molecular Laboratory.,BIOL10412,Introduction to Experimental Biology - Molecular & Cellular Biology,"The University of Manchester	England, UK"
BIOL,1,BIOL301,BIOL301
BIOL,1,Cell and Molecular Laboratory.,Cell and Molecular Laboratory.
BIOL,1,BIOL10412,BIOL10412
BIOL,1,Introduction to Experimental Biology - Molecular & Cellular Biology,Introduction to Experimental Biology - Molecular & Cellular Biology
BIOL,1,"BIOL301


	
Cell and Molecular Laboratory.


	
NPLB17003U


	
Experimental Molecular Biology


	University of Copenhagen	Denmark",BIOL301,Cell and Molecular Laboratory.,NPLB17003U,Experimental Molecular Biology,University of Copenhagen	Denmark
BIOL,1,BIOL301,BIOL301
BIOL,1,Cell and Molecular Laboratory.,Cell and Molecular Laboratory.
BIOL,1,NPLB17003U,NPLB17003U
BIOL,1,Experimental Molecular Biology,Experimental Molecular Biology
BIOL,1,"BIOL303


	
Developmental Biology


	
BILG09010


	
Developmental Biology 3


	The University of Edinburgh	Scotland, UK",BIOL303,Developmental Biology,BILG09010,Developmental Biology 3,"The University of Edinburgh	Scotland, UK"
BIOL,1,BIOL303,BIOL303
BIOL,1,Developmental Biology,Developmental Biology
BIOL,1,BILG09010,BILG09010
BIOL,1,Developmental Biology 3,Developmental Biology 3
BIOL,1,"BIOL303


	
Developmental Biology


	
DEVB3002


	
Stem Cells; Regenerative Medicine


	University of Queensland (UQ)	Australia",BIOL303,Developmental Biology,DEVB3002,Stem Cells; Regenerative Medicine,University of Queensland (UQ)	Australia
BIOL,1,BIOL303,BIOL303
BIOL,1,Developmental Biology,Developmental Biology
BIOL,1,DEVB3002,DEVB3002
BIOL,1,Stem Cells; Regenerative Medicine,Stem Cells; Regenerative Medicine
BIOL,1,"BIOL303


	
Developmental Biology.


	
BIOL3210


	
Biological Development Studies


	Elmira College	USA",BIOL303,Developmental Biology.,BIOL3210,Biological Development Studies,Elmira College	USA
BIOL,1,BIOL303,BIOL303
BIOL,1,Developmental Biology.,Developmental Biology.
BIOL,1,BIOL3210,BIOL3210
BIOL,1,Biological Development Studies,Biological Development Studies
BIOL,1,"BIOL303


	
Developmental Biology.


	
BIOL3416


	
Developmental Biology


	The University of Hong Kong (HKU)	Hong Kong, SAR",BIOL303,Developmental Biology.,BIOL3416,Developmental Biology,"The University of Hong Kong (HKU)	Hong Kong, SAR"
BIOL,1,BIOL303,BIOL303
BIOL,1,Developmental Biology.,Developmental Biology.
BIOL,1,BIOL3416,BIOL3416
BIOL,1,Developmental Biology,Developmental Biology
BIOL,1,"BIOL303


	
Developmental Biology.


	
BLGY3223


	
Animal Developmental Biology


	University of Leeds	England, UK",BIOL303,Developmental Biology.,BLGY3223,Animal Developmental Biology,"University of Leeds	England, UK"
BIOL,1,BIOL303,BIOL303
BIOL,1,Developmental Biology.,Developmental Biology.
BIOL,1,BLGY3223,BLGY3223
BIOL,1,Animal Developmental Biology,Animal Developmental Biology
BIOL,1,"BIOL303


	
Developmental Biology.


	
MB170P122


	
Comparative embryology


	Charles University in Prague	Czech Republic",BIOL303,Developmental Biology.,MB170P122,Comparative embryology,Charles University in Prague	Czech Republic
BIOL,1,BIOL303,BIOL303
BIOL,1,Developmental Biology.,Developmental Biology.
BIOL,1,MB170P122,MB170P122
BIOL,1,Comparative embryology,Comparative embryology
BIOL,1,"BIOL303


	
Developmental Biology.


	
WZ0144


	
Introduction to Developmental Biology


	Munich University of Technology	Germany",BIOL303,Developmental Biology.,WZ0144,Introduction to Developmental Biology,Munich University of Technology	Germany
BIOL,1,BIOL303,BIOL303
BIOL,1,Developmental Biology.,Developmental Biology.
BIOL,1,WZ0144,WZ0144
BIOL,1,Introduction to Developmental Biology,Introduction to Developmental Biology
BIOL,1,"BIOL304


	
Evolution.


	
5102EVAN6Y


	
Evolutionary Anthropology


	University of Amsterdam	Netherlands",BIOL304,Evolution.,5102EVAN6Y,Evolutionary Anthropology,University of Amsterdam	Netherlands
BIOL,1,BIOL304,BIOL304
BIOL,1,Evolution.,Evolution.
BIOL,1,5102EVAN6Y,5102EVAN6Y
BIOL,1,Evolutionary Anthropology,Evolutionary Anthropology
BIOL,1,"BIOL304


	
Evolution.


	
BIOL2201


	
Evolution


	University of Queensland (UQ)	Australia",BIOL304,Evolution.,BIOL2201,Evolution,University of Queensland (UQ)	Australia
BIOL,1,BIOL304,BIOL304
BIOL,1,Evolution.,Evolution.
BIOL,1,BIOL2201,BIOL2201
BIOL,1,Evolution,Evolution
BIOL,1,"BIOL305


	
Animal Diversity.


	
28822


	
Animal Biology


	The University of Birmingham	England, UK",BIOL305,Animal Diversity.,28822,Animal Biology,"The University of Birmingham	England, UK"
BIOL,1,BIOL305,BIOL305
BIOL,1,Animal Diversity.,Animal Diversity.
BIOL,1,28822,28822
BIOL,1,Animal Biology,Animal Biology
BIOL,1,"BIOL305


	
Animal Diversity.


	
BIOL2204


	
Zoology


	University of Queensland (UQ)	Australia",BIOL305,Animal Diversity.,BIOL2204,Zoology,University of Queensland (UQ)	Australia
BIOL,1,BIOL305,BIOL305
BIOL,1,Animal Diversity.,Animal Diversity.
BIOL,1,BIOL2204,BIOL2204
BIOL,1,Zoology,Zoology
BIOL,1,"BIOL305


	
Animal Diversity.


	
ZOOL221


	
Animal Designs for Living


	University of Otago / Te Whare Wananga o Otago	New Zealand",BIOL305,Animal Diversity.,ZOOL221,Animal Designs for Living,University of Otago / Te Whare Wananga o Otago	New Zealand
BIOL,1,BIOL305,BIOL305
BIOL,1,Animal Diversity.,Animal Diversity.
BIOL,1,ZOOL221,ZOOL221
BIOL,1,Animal Designs for Living,Animal Designs for Living
BIOL,1,"BIOL306


	
Neural Basis of Behaviour.


	
PALS0011


	
Neural Basis of Perception, Memory and Language


	University College London (UCL) - University of London	England, UK",BIOL306,Neural Basis of Behaviour.,PALS0011,"Neural Basis of Perception, Memory and Language","University College London (UCL) - University of London	England, UK"
BIOL,1,BIOL306,BIOL306
BIOL,1,Neural Basis of Behaviour.,Neural Basis of Behaviour.
BIOL,1,PALS0011,PALS0011
BIOL,1,"Neural Basis of Perception, Memory and Language","Neural Basis of Perception, Memory and Language"
BIOL,1,"BIOL307


	
Behavioural Ecology.


	
BIOL3207


	
Animal Behavior


	University of Queensland (UQ)	Australia",BIOL307,Behavioural Ecology.,BIOL3207,Animal Behavior,University of Queensland (UQ)	Australia
BIOL,1,BIOL307,BIOL307
BIOL,1,Behavioural Ecology.,Behavioural Ecology.
BIOL,1,BIOL3207,BIOL3207
BIOL,1,Animal Behavior,Animal Behavior
BIOL,1,"BIOL307


	
Behavioural Ecology.


	
BIOS2000


	
Animal Behaviour


	University of Oslo	Norway",BIOL307,Behavioural Ecology.,BIOS2000,Animal Behaviour,University of Oslo	Norway
BIOL,1,BIOL307,BIOL307
BIOL,1,Behavioural Ecology.,Behavioural Ecology.
BIOL,1,BIOS2000,BIOS2000
BIOL,1,Animal Behaviour,Animal Behaviour
BIOL,1,"BIOL311


	
Advanced Methods in Organismal Biology.


	
BIOL2305


	
Integrated Skills for Biosciences 2


	University of Leeds	England, UK",BIOL311,Advanced Methods in Organismal Biology.,BIOL2305,Integrated Skills for Biosciences 2,"University of Leeds	England, UK"
BIOL,1,BIOL311,BIOL311
BIOL,1,Advanced Methods in Organismal Biology.,Advanced Methods in Organismal Biology.
BIOL,1,BIOL2305,BIOL2305
BIOL,1,Integrated Skills for Biosciences 2,Integrated Skills for Biosciences 2
BIOL,1,"BIOL313


	
Eukaryotic Cell Biology.


	
BIOL3006


	
Molecular Cell Biology II


	University of Queensland (UQ)	Australia",BIOL313,Eukaryotic Cell Biology.,BIOL3006,Molecular Cell Biology II,University of Queensland (UQ)	Australia
BIOL,1,BIOL313,BIOL313
BIOL,1,Eukaryotic Cell Biology.,Eukaryotic Cell Biology.
BIOL,1,BIOL3006,BIOL3006
BIOL,1,Molecular Cell Biology II,Molecular Cell Biology II
BIOL,1,"BIOL314


	
Molecular Biology of Cancer.


	
101897


	
Molecular and Cell Biology of Cancer


	Autonomous University of Barcelona	Spain",BIOL314,Molecular Biology of Cancer.,101897,Molecular and Cell Biology of Cancer,Autonomous University of Barcelona	Spain
BIOL,1,BIOL314,BIOL314
BIOL,1,Molecular Biology of Cancer.,Molecular Biology of Cancer.
BIOL,1,101897,101897
BIOL,1,Molecular and Cell Biology of Cancer,Molecular and Cell Biology of Cancer
BIOL,1,"BIOL314


	
Molecular Biology of Cancer.


	
900362SCIY


	
Cancer Biology and Treatment


	University of Amsterdam	Netherlands",BIOL314,Molecular Biology of Cancer.,900362SCIY,Cancer Biology and Treatment,University of Amsterdam	Netherlands
BIOL,1,BIOL314,BIOL314
BIOL,1,Molecular Biology of Cancer.,Molecular Biology of Cancer.
BIOL,1,900362SCIY,900362SCIY
BIOL,1,Cancer Biology and Treatment,Cancer Biology and Treatment
BIOL,1,"BIOL314


	
Molecular Biology of Oncogenes.


	
BIOL3215


	
Cancer Biology


	University of Leeds	England, UK",BIOL314,Molecular Biology of Oncogenes.,BIOL3215,Cancer Biology,"University of Leeds	England, UK"
BIOL,1,BIOL314,BIOL314
BIOL,1,Molecular Biology of Oncogenes.,Molecular Biology of Oncogenes.
BIOL,1,BIOL3215,BIOL3215
BIOL,1,Cancer Biology,Cancer Biology
BIOL,1,"BIOL342


	
Global Change Biology of Aquatic Ecosystems.


	
900202SCIY


	
Freshwater and Marine Biology


	University of Amsterdam	Netherlands",BIOL342,Global Change Biology of Aquatic Ecosystems.,900202SCIY,Freshwater and Marine Biology,University of Amsterdam	Netherlands
BIOL,1,BIOL342,BIOL342
BIOL,1,Global Change Biology of Aquatic Ecosystems.,Global Change Biology of Aquatic Ecosystems.
BIOL,1,900202SCIY,900202SCIY
BIOL,1,Freshwater and Marine Biology,Freshwater and Marine Biology
BIOL,1,"BIOL352


	
Dinosaur Biology.


	
PALEO200


	
Introduction to Dinosaurs in the Fossil Record


	University of Alberta	Canada",BIOL352,Dinosaur Biology.,PALEO200,Introduction to Dinosaurs in the Fossil Record,University of Alberta	Canada
BIOL,1,BIOL352,BIOL352
BIOL,1,Dinosaur Biology.,Dinosaur Biology.
BIOL,1,PALEO200,PALEO200
BIOL,1,Introduction to Dinosaurs in the Fossil Record,Introduction to Dinosaurs in the Fossil Record
BIOL,1,"BIOL373


	
Biometry.


	
NBIK23000U


	
Data Science for Genomics


	University of Copenhagen	Denmark",BIOL373,Biometry.,NBIK23000U,Data Science for Genomics,University of Copenhagen	Denmark
BIOL,1,BIOL373,BIOL373
BIOL,1,Biometry.,Biometry.
BIOL,1,NBIK23000U,NBIK23000U
BIOL,1,Data Science for Genomics,Data Science for Genomics
BIOL,1,"BIOL373


	
Biometry.


	
PLSC214


	
statistical method


	University of Saskatchewan	Canada",BIOL373,Biometry.,PLSC214,statistical method,University of Saskatchewan	Canada
BIOL,1,BIOL373,BIOL373
BIOL,1,Biometry.,Biometry.
BIOL,1,PLSC214,PLSC214
BIOL,1,statistical method,statistical method
BIOL,1,"BIOL3XX


	
Biology (Sci) 3XX


	
13B006


	
Biologie humaine


	University of Geneva	Switzerland",BIOL3XX,Biology (Sci) 3XX,13B006,Biologie humaine,University of Geneva	Switzerland
BIOL,1,BIOL3XX,BIOL3XX
BIOL,1,Biology (Sci) 3XX,Biology (Sci) 3XX
BIOL,1,13B006,13B006
BIOL,1,Biologie humaine,Biologie humaine
BIOL,1,"BIOL3XX


	
Biology (Sci) 3XX


	
24985


	
Cell And Developmental Biology


	The University of Birmingham	England, UK",BIOL3XX,Biology (Sci) 3XX,24985,Cell And Developmental Biology,"The University of Birmingham	England, UK"
BIOL,1,BIOL3XX,BIOL3XX
BIOL,1,Biology (Sci) 3XX,Biology (Sci) 3XX
BIOL,1,24985,24985
BIOL,1,Cell And Developmental Biology,Cell And Developmental Biology
BIOL,1,"BIOL3XX


	
Biology (Sci) 3XX


	
28780


	
Evolution of Humans and Other Animals


	The University of Birmingham	England, UK",BIOL3XX,Biology (Sci) 3XX,28780,Evolution of Humans and Other Animals,"The University of Birmingham	England, UK"
BIOL,1,BIOL3XX,BIOL3XX
BIOL,1,Biology (Sci) 3XX,Biology (Sci) 3XX
BIOL,1,28780,28780
BIOL,1,Evolution of Humans and Other Animals,Evolution of Humans and Other Animals
BIOL,1,"BIOL3XX


	
Biology (Sci) 3XX


	
5103EPE12Y


	
Evolutionary Psychobiology: Ecology, Behavior & Cognition


	University of Amsterdam	Netherlands",BIOL3XX,Biology (Sci) 3XX,5103EPE12Y,"Evolutionary Psychobiology: Ecology, Behavior & Cognition",University of Amsterdam	Netherlands
BIOL,1,BIOL3XX,BIOL3XX
BIOL,1,Biology (Sci) 3XX,Biology (Sci) 3XX
BIOL,1,5103EPE12Y,5103EPE12Y
BIOL,1,"Evolutionary Psychobiology: Ecology, Behavior & Cognition","Evolutionary Psychobiology: Ecology, Behavior & Cognition"
BIOL,1,"BIOL3XX


	
Biology (Sci) 3XX


	
BEES6601


	
AN INTRODUCTION TO THE SYDNEY ENVIRONMENT


	University of New South Wales (UNSW)	Australia",BIOL3XX,Biology (Sci) 3XX,BEES6601,AN INTRODUCTION TO THE SYDNEY ENVIRONMENT,University of New South Wales (UNSW)	Australia
BIOL,1,BIOL3XX,BIOL3XX
BIOL,1,Biology (Sci) 3XX,Biology (Sci) 3XX
BIOL,1,BEES6601,BEES6601
BIOL,1,AN INTRODUCTION TO THE SYDNEY ENVIRONMENT,AN INTRODUCTION TO THE SYDNEY ENVIRONMENT
BIOL,1,"BIOL3XX


	
Biology (Sci) 3XX


	
BIMB23


	
Biomedicine: The Cell and its Environment


	Lund University (LU)	Sweden",BIOL3XX,Biology (Sci) 3XX,BIMB23,Biomedicine: The Cell and its Environment,Lund University (LU)	Sweden
BIOL,1,BIOL3XX,BIOL3XX
BIOL,1,Biology (Sci) 3XX,Biology (Sci) 3XX
BIOL,1,BIMB23,BIMB23
BIOL,1,Biomedicine: The Cell and its Environment,Biomedicine: The Cell and its Environment
BIOL,1,"BIOL3XX


	
Biology (Sci) 3XX


	
BIOL0021


	
Advanced Human Genetics


	University College London (UCL) - University of London	England, UK",BIOL3XX,Biology (Sci) 3XX,BIOL0021,Advanced Human Genetics,"University College London (UCL) - University of London	England, UK"
BIOL,1,BIOL3XX,BIOL3XX
BIOL,1,Biology (Sci) 3XX,Biology (Sci) 3XX
BIOL,1,BIOL0021,BIOL0021
BIOL,1,Advanced Human Genetics,Advanced Human Genetics
BIOL,1,"BIOL3XX


	
Biology (Sci) 3XX


	
BIOL0029


	
Computational Biology


	University College London (UCL) - University of London	England, UK",BIOL3XX,Biology (Sci) 3XX,BIOL0029,Computational Biology,"University College London (UCL) - University of London	England, UK"
BIOL,1,BIOL3XX,BIOL3XX
BIOL,1,Biology (Sci) 3XX,Biology (Sci) 3XX
BIOL,1,BIOL0029,BIOL0029
BIOL,1,Computational Biology,Computational Biology
BIOL,1,"BIOL3XX


	
Biology (Sci) 3XX


	
BIOL3018


	
Gene Technology and Genomics


	University of Sydney	Australia",BIOL3XX,Biology (Sci) 3XX,BIOL3018,Gene Technology and Genomics,University of Sydney	Australia
BIOL,1,BIOL3XX,BIOL3XX
BIOL,1,Biology (Sci) 3XX,Biology (Sci) 3XX
BIOL,1,BIOL3018,BIOL3018
BIOL,1,Gene Technology and Genomics,Gene Technology and Genomics
BIOL,1,"BIOL3XX


	
Biology (Sci) 3XX


	
BIOS3081


	
Ocean to Estuarine Ecosystems


	University of New South Wales (UNSW)	Australia",BIOL3XX,Biology (Sci) 3XX,BIOS3081,Ocean to Estuarine Ecosystems,University of New South Wales (UNSW)	Australia
BIOL,1,BIOL3XX,BIOL3XX
BIOL,1,Biology (Sci) 3XX,Biology (Sci) 3XX
BIOL,1,BIOS3081,BIOS3081
BIOL,1,Ocean to Estuarine Ecosystems,Ocean to Estuarine Ecosystems
BIOL,1,"BIOL3XX


	
Biology (Sci) 3XX


	
CELL0018


	
Research Techniques in Cell Biology


	University College London (UCL) - University of London	England, UK",BIOL3XX,Biology (Sci) 3XX,CELL0018,Research Techniques in Cell Biology,"University College London (UCL) - University of London	England, UK"
BIOL,1,BIOL3XX,BIOL3XX
BIOL,1,Biology (Sci) 3XX,Biology (Sci) 3XX
BIOL,1,CELL0018,CELL0018
BIOL,1,Research Techniques in Cell Biology,Research Techniques in Cell Biology
BIOL,1,"BIOL3XX


	
Biology (Sci) 3XX


	
ECOL211


	
Ecology of Communities and Ecosystems


	University of Otago / Te Whare Wananga o Otago	New Zealand",BIOL3XX,Biology (Sci) 3XX,ECOL211,Ecology of Communities and Ecosystems,University of Otago / Te Whare Wananga o Otago	New Zealand
BIOL,1,BIOL3XX,BIOL3XX
BIOL,1,Biology (Sci) 3XX,Biology (Sci) 3XX
BIOL,1,ECOL211,ECOL211
BIOL,1,Ecology of Communities and Ecosystems,Ecology of Communities and Ecosystems
BIOL,1,"BIOL3XX


	
Biology (Sci) 3XX


	
MARI301


	
Marine Ecology


	University of Otago / Te Whare Wananga o Otago	New Zealand",BIOL3XX,Biology (Sci) 3XX,MARI301,Marine Ecology,University of Otago / Te Whare Wananga o Otago	New Zealand
BIOL,1,BIOL3XX,BIOL3XX
BIOL,1,Biology (Sci) 3XX,Biology (Sci) 3XX
BIOL,1,MARI301,MARI301
BIOL,1,Marine Ecology,Marine Ecology
BIOL,1,"BIOL3XX


	
Biology (Sci) 3XX


	
BIOL3009


	
Arthropods & Human Health


	University of Queensland (UQ)	Australia",BIOL3XX,Biology (Sci) 3XX,BIOL3009,Arthropods & Human Health,University of Queensland (UQ)	Australia
BIOL,1,BIOL3XX,BIOL3XX
BIOL,1,Biology (Sci) 3XX,Biology (Sci) 3XX
BIOL,1,BIOL3009,BIOL3009
BIOL,1,Arthropods & Human Health,Arthropods & Human Health
BIOL,1,"BIOL3XX


	
Biology (Sci) 3XX


	
BIOL3201


	
Plant Diseases


	University of Queensland (UQ)	Australia",BIOL3XX,Biology (Sci) 3XX,BIOL3201,Plant Diseases,University of Queensland (UQ)	Australia
BIOL,1,BIOL3XX,BIOL3XX
BIOL,1,Biology (Sci) 3XX,Biology (Sci) 3XX
BIOL,1,BIOL3201,BIOL3201
BIOL,1,Plant Diseases,Plant Diseases
BIOL,1,"BIOL3XX


	
Biology (Sci) 3XX


	
BIOL3215


	
Coral Reef Ecology & Conservation


	University of Queensland (UQ)	Australia",BIOL3XX,Biology (Sci) 3XX,BIOL3215,Coral Reef Ecology & Conservation,University of Queensland (UQ)	Australia
BIOL,1,BIOL3XX,BIOL3XX
BIOL,1,Biology (Sci) 3XX,Biology (Sci) 3XX
BIOL,1,BIOL3215,BIOL3215
BIOL,1,Coral Reef Ecology & Conservation,Coral Reef Ecology & Conservation
BIOL,1,"BIOL3XX


	
Biology (Sci) 3XX


	
BIOS3161


	
Life in Arid Lands


	University of New South Wales (UNSW)	Australia",BIOL3XX,Biology (Sci) 3XX,BIOS3161,Life in Arid Lands,University of New South Wales (UNSW)	Australia
BIOL,1,BIOL3XX,BIOL3XX
BIOL,1,Biology (Sci) 3XX,Biology (Sci) 3XX
BIOL,1,BIOS3161,BIOS3161
BIOL,1,Life in Arid Lands,Life in Arid Lands
BIOL,1,"BIOL3XX


	
Biology (Sci) 3XX


	
CEDB30002


	
Concepts in Cell & Developmental Biology


	University of Melbourne	Australia",BIOL3XX,Biology (Sci) 3XX,CEDB30002,Concepts in Cell & Developmental Biology,University of Melbourne	Australia
BIOL,1,BIOL3XX,BIOL3XX
BIOL,1,Biology (Sci) 3XX,Biology (Sci) 3XX
BIOL,1,CEDB30002,CEDB30002
BIOL,1,Concepts in Cell & Developmental Biology,Concepts in Cell & Developmental Biology
BIOL,1,"BIOL432


	
Limnology.


	
WZ2512


	
Limnology of Lakes


	Munich University of Technology	Germany",BIOL432,Limnology.,WZ2512,Limnology of Lakes,Munich University of Technology	Germany
BIOL,1,BIOL432,BIOL432
BIOL,1,Limnology.,Limnology.
BIOL,1,WZ2512,WZ2512
BIOL,1,Limnology of Lakes,Limnology of Lakes
BIOL,1,"BIOL4XX


	
Biology (Sci) 4XX


	
5052CONE6Y


	
Cognitive Neurobiology


	University of Amsterdam	Netherlands",BIOL4XX,Biology (Sci) 4XX,5052CONE6Y,Cognitive Neurobiology,University of Amsterdam	Netherlands
BIOL,1,BIOL4XX,BIOL4XX
BIOL,1,Biology (Sci) 4XX,Biology (Sci) 4XX
BIOL,1,5052CONE6Y,5052CONE6Y
BIOL,1,Cognitive Neurobiology,Cognitive Neurobiology
BIOL,1,"BIOL4XX


	
Biology (Sci) 4XX


	
WZ0463


	
Practical Course in Neurogenetics


	Munich University of Technology	Germany",BIOL4XX,Biology (Sci) 4XX,WZ0463,Practical Course in Neurogenetics,Munich University of Technology	Germany
BIOL,1,BIOL4XX,BIOL4XX
BIOL,1,Biology (Sci) 4XX,Biology (Sci) 4XX
BIOL,1,WZ0463,WZ0463
BIOL,1,Practical Course in Neurogenetics,Practical Course in Neurogenetics
BIOL,1,"BIOL592


	
Integrated Bioinformatics.


	
BIOC0016


	
Computational and System Biology


	University College London (UCL) - University of London	England, UK",BIOL592,Integrated Bioinformatics.,BIOC0016,Computational and System Biology,"University College London (UCL) - University of London	England, UK"
BIOL,1,BIOL592,BIOL592
BIOL,1,Integrated Bioinformatics.,Integrated Bioinformatics.
BIOL,1,BIOC0016,BIOC0016
BIOL,1,Computational and System Biology,Computational and System Biology
BIOL,1,"BIOL5XX


	
Biology (Sci) 5XX


	
BIOL0020


	
Sex, Genes, and Evolution


	University College London (UCL) - University of London	England, UK",BIOL5XX,Biology (Sci) 5XX,BIOL0020,"Sex, Genes, and Evolution","University College London (UCL) - University of London	England, UK"
BIOL,1,BIOL5XX,BIOL5XX
BIOL,1,Biology (Sci) 5XX,Biology (Sci) 5XX
BIOL,1,BIOL0020,BIOL0020
BIOL,1,"Sex, Genes, and Evolution","Sex, Genes, and Evolution"
BIOL,1,"BIOL5XX


	
Biology (Sci) 5XX


	
BIOS6671


	
Biodiversity and Conservation of Natural Resources


	University of New South Wales (UNSW)	Australia",BIOL5XX,Biology (Sci) 5XX,BIOS6671,Biodiversity and Conservation of Natural Resources,University of New South Wales (UNSW)	Australia
BIOL,1,BIOL5XX,BIOL5XX
BIOL,1,Biology (Sci) 5XX,Biology (Sci) 5XX
BIOL,1,BIOS6671,BIOS6671
BIOL,1,Biodiversity and Conservation of Natural Resources,Biodiversity and Conservation of Natural Resources
BIOL,1,"BIOL5XX


	
Biology (Sci) 5XX


	
GEU33045


	
Genomics & Systems Biology


	The University of Dublin (Trinity College)	Ireland",BIOL5XX,Biology (Sci) 5XX,GEU33045,Genomics & Systems Biology,The University of Dublin (Trinity College)	Ireland
BIOL,1,BIOL5XX,BIOL5XX
BIOL,1,Biology (Sci) 5XX,Biology (Sci) 5XX
BIOL,1,GEU33045,GEU33045
BIOL,1,Genomics & Systems Biology,Genomics & Systems Biology
BIOL,1,"BIOL5XX


	
Biology (Sci) 5XX


	
MSCI6681


	
Topics in Australian Marine Science


	University of New South Wales (UNSW)	Australia",BIOL5XX,Biology (Sci) 5XX,MSCI6681,Topics in Australian Marine Science,University of New South Wales (UNSW)	Australia
BIOL,1,BIOL5XX,BIOL5XX
BIOL,1,Biology (Sci) 5XX,Biology (Sci) 5XX
BIOL,1,MSCI6681,MSCI6681
BIOL,1,Topics in Australian Marine Science,Topics in Australian Marine Science
BIOL,1,"BIOLXXX


	
Biology (Sci) XXX


	
21894


	
Molecular and Cellular Immunology


	The University of Birmingham	England, UK",BIOLXXX,Biology (Sci) XXX,21894,Molecular and Cellular Immunology,"The University of Birmingham	England, UK"
BIOL,1,BIOLXXX,BIOLXXX
BIOL,1,Biology (Sci) XXX,Biology (Sci) XXX
BIOL,1,21894,21894
BIOL,1,Molecular and Cellular Immunology,Molecular and Cellular Immunology
BIOL,1,"BIOLXXX


	
Biology (Sci) XXX


	
BI0486


	
Botany, Plant Sistematics and Laboratory


	EAFIT University	Colombia",BIOLXXX,Biology (Sci) XXX,BI0486,"Botany, Plant Sistematics and Laboratory",EAFIT University	Colombia
BIOL,1,BIOLXXX,BIOLXXX
BIOL,1,Biology (Sci) XXX,Biology (Sci) XXX
BIOL,1,BI0486,BI0486
BIOL,1,"Botany, Plant Sistematics and Laboratory","Botany, Plant Sistematics and Laboratory"
BIOL,1,"BIOLXXX


	
Biology (Sci) XXX


	
BI0495


	
Molecular Modelling


	EAFIT University	Colombia",BIOLXXX,Biology (Sci) XXX,BI0495,Molecular Modelling,EAFIT University	Colombia
BIOL,1,BIOLXXX,BIOLXXX
BIOL,1,Biology (Sci) XXX,Biology (Sci) XXX
BIOL,1,BI0495,BI0495
BIOL,1,Molecular Modelling,Molecular Modelling
BIOL,1,"BIOLXXX


	
Biology (Sci) XXX


	
BI0497


	
Environmental Modeling


	EAFIT University	Colombia",BIOLXXX,Biology (Sci) XXX,BI0497,Environmental Modeling,EAFIT University	Colombia
BIOL,1,BIOLXXX,BIOLXXX
BIOL,1,Biology (Sci) XXX,Biology (Sci) XXX
BIOL,1,BI0497,BI0497
BIOL,1,Environmental Modeling,Environmental Modeling
BIOL,1,"BIOLXXX


	
Biology (Sci) XXX


	
BI0515


	
Physiology and Laboratory


	EAFIT University	Colombia",BIOLXXX,Biology (Sci) XXX,BI0515,Physiology and Laboratory,EAFIT University	Colombia
BIOL,1,BIOLXXX,BIOLXXX
BIOL,1,Biology (Sci) XXX,Biology (Sci) XXX
BIOL,1,BI0515,BI0515
BIOL,1,Physiology and Laboratory,Physiology and Laboratory
BIOL,1,"BIOLXXX


	
Biology (Sci) XXX


	
BI0522


	
Fundamentals of Biotechnology


	EAFIT University	Colombia",BIOLXXX,Biology (Sci) XXX,BI0522,Fundamentals of Biotechnology,EAFIT University	Colombia
BIOL,1,BIOLXXX,BIOLXXX
BIOL,1,Biology (Sci) XXX,Biology (Sci) XXX
BIOL,1,BI0522,BI0522
BIOL,1,Fundamentals of Biotechnology,Fundamentals of Biotechnology
BIOL,1,"BIOLXXX


	
Biology (Sci) XXX


	
BI0524


	
Biotechnology Applications


	EAFIT University	Colombia",BIOLXXX,Biology (Sci) XXX,BI0524,Biotechnology Applications,EAFIT University	Colombia
BIOL,1,BIOLXXX,BIOLXXX
BIOL,1,Biology (Sci) XXX,Biology (Sci) XXX
BIOL,1,BI0524,BI0524
BIOL,1,Biotechnology Applications,Biotechnology Applications
BIOL,1,"BIOLXXX


	
Biology (Sci) XXX


	
BIO3440


	
Phycology


	Prince Sattam bin Abdulaziz University	Saudi Arabia",BIOLXXX,Biology (Sci) XXX,BIO3440,Phycology,Prince Sattam bin Abdulaziz University	Saudi Arabia
BIOL,1,BIOLXXX,BIOLXXX
BIOL,1,Biology (Sci) XXX,Biology (Sci) XXX
BIOL,1,BIO3440,BIO3440
BIOL,1,Phycology,Phycology
BIOL,1,"BIOLXXX


	
Biology (Sci) XXX


	
BIO392


	
Oncology


	École Polytechnique Fédérale de Lausanne	Switzerland",BIOLXXX,Biology (Sci) XXX,BIO392,Oncology,École Polytechnique Fédérale de Lausanne	Switzerland
BIOL,1,BIOLXXX,BIOLXXX
BIOL,1,Biology (Sci) XXX,Biology (Sci) XXX
BIOL,1,BIO392,BIO392
BIOL,1,Oncology,Oncology
BIOL,1,"BIOLXXX


	
Biology (Sci) XXX


	
BIO491


	
New tools & research strategies in personalized health


	École Polytechnique Fédérale de Lausanne	Switzerland",BIOLXXX,Biology (Sci) XXX,BIO491,New tools & research strategies in personalized health,École Polytechnique Fédérale de Lausanne	Switzerland
BIOL,1,BIOLXXX,BIOLXXX
BIOL,1,Biology (Sci) XXX,Biology (Sci) XXX
BIOL,1,BIO491,BIO491
BIOL,1,New tools & research strategies in personalized health,New tools & research strategies in personalized health
BIOL,1,"BIOLXXX


	
Biology (Sci) XXX


	
BIOL21332


	
Motor Systems


	The University of Manchester	England, UK",BIOLXXX,Biology (Sci) XXX,BIOL21332,Motor Systems,"The University of Manchester	England, UK"
BIOL,1,BIOLXXX,BIOLXXX
BIOL,1,Biology (Sci) XXX,Biology (Sci) XXX
BIOL,1,BIOL21332,BIOL21332
BIOL,1,Motor Systems,Motor Systems
BIOL,1,"BIOLXXX


	
Biology (Sci) XXX


	
BIOL3030


	
Urban Ecology


	University of Queensland (UQ)	Australia",BIOLXXX,Biology (Sci) XXX,BIOL3030,Urban Ecology,University of Queensland (UQ)	Australia
BIOL,1,BIOLXXX,BIOLXXX
BIOL,1,Biology (Sci) XXX,Biology (Sci) XXX
BIOL,1,BIOL3030,BIOL3030
BIOL,1,Urban Ecology,Urban Ecology
BIOL,1,"BIOLXXX


	
Biology (Sci) XXX


	
BIOL31602


	
Toxins, Toxicants, and Toxicity


	The University of Manchester	England, UK",BIOLXXX,Biology (Sci) XXX,BIOL31602,"Toxins, Toxicants, and Toxicity","The University of Manchester	England, UK"
BIOL,1,BIOLXXX,BIOLXXX
BIOL,1,Biology (Sci) XXX,Biology (Sci) XXX
BIOL,1,BIOL31602,BIOL31602
BIOL,1,"Toxins, Toxicants, and Toxicity","Toxins, Toxicants, and Toxicity"
BIOL,1,"BIOLXXX


	
Biology (Sci) XXX


	
BIOL31622


	
Membrane Transport and Signalling in Health and Disease


	The University of Manchester	England, UK",BIOLXXX,Biology (Sci) XXX,BIOL31622,Membrane Transport and Signalling in Health and Disease,"The University of Manchester	England, UK"
BIOL,1,BIOLXXX,BIOLXXX
BIOL,1,Biology (Sci) XXX,Biology (Sci) XXX
BIOL,1,BIOL31622,BIOL31622
BIOL,1,Membrane Transport and Signalling in Health and Disease,Membrane Transport and Signalling in Health and Disease
BIOL,1,"BIOLXXX


	
Biology (Sci) XXX


	
BIOL31792


	
Advanced Parasitology


	The University of Manchester	England, UK",BIOLXXX,Biology (Sci) XXX,BIOL31792,Advanced Parasitology,"The University of Manchester	England, UK"
BIOL,1,BIOLXXX,BIOLXXX
BIOL,1,Biology (Sci) XXX,Biology (Sci) XXX
BIOL,1,BIOL31792,BIOL31792
BIOL,1,Advanced Parasitology,Advanced Parasitology
BIOL,1,"BIOLXXX


	
Biology (Sci) XXX


	
BIOL354


	
Molecular Basis of Chronic Disease


	Capilano University	Canada",BIOLXXX,Biology (Sci) XXX,BIOL354,Molecular Basis of Chronic Disease,Capilano University	Canada
BIOL,1,BIOLXXX,BIOLXXX
BIOL,1,Biology (Sci) XXX,Biology (Sci) XXX
BIOL,1,BIOL354,BIOL354
BIOL,1,Molecular Basis of Chronic Disease,Molecular Basis of Chronic Disease
BIOL,1,"BIOLXXX


	
Biology (Sci) XXX


	
G0F83A


	
Diversity of the Vascular Plants


	Catholic University of Leuven	Belgium",BIOLXXX,Biology (Sci) XXX,G0F83A,Diversity of the Vascular Plants,Catholic University of Leuven	Belgium
BIOL,1,BIOLXXX,BIOLXXX
BIOL,1,Biology (Sci) XXX,Biology (Sci) XXX
BIOL,1,G0F83A,G0F83A
BIOL,1,Diversity of the Vascular Plants,Diversity of the Vascular Plants
BIOL,1,"BIOLXXX


	
Biology (Sci) XXX


	
G0G53A


	
Neurobiology


	Catholic University of Leuven	Belgium",BIOLXXX,Biology (Sci) XXX,G0G53A,Neurobiology,Catholic University of Leuven	Belgium
BIOL,1,BIOLXXX,BIOLXXX
BIOL,1,Biology (Sci) XXX,Biology (Sci) XXX
BIOL,1,G0G53A,G0G53A
BIOL,1,Neurobiology,Neurobiology
BIOL,1,"BIOLXXX


	
Biology (Sci) XXX


	
LBI4082


	
Methods in Conservation Biology


	University of the Americas Puebla (UDLAP)	Mexico",BIOLXXX,Biology (Sci) XXX,LBI4082,Methods in Conservation Biology,University of the Americas Puebla (UDLAP)	Mexico
BIOL,1,BIOLXXX,BIOLXXX
BIOL,1,Biology (Sci) XXX,Biology (Sci) XXX
BIOL,1,LBI4082,LBI4082
BIOL,1,Methods in Conservation Biology,Methods in Conservation Biology
BIOL,1,"BIOLXXX


	
Biology (Sci) XXX


	
LBIK10207U


	
Synthetic Biology


	University of Copenhagen	Denmark",BIOLXXX,Biology (Sci) XXX,LBIK10207U,Synthetic Biology,University of Copenhagen	Denmark
BIOL,1,BIOLXXX,BIOLXXX
BIOL,1,Biology (Sci) XXX,Biology (Sci) XXX
BIOL,1,LBIK10207U,LBIK10207U
BIOL,1,Synthetic Biology,Synthetic Biology
BIOL,1,"BIOLXXX


	
Biology (Sci) XXX


	
NBIK15014U


	
Human Genetics


	University of Copenhagen	Denmark",BIOLXXX,Biology (Sci) XXX,NBIK15014U,Human Genetics,University of Copenhagen	Denmark
BIOL,1,BIOLXXX,BIOLXXX
BIOL,1,Biology (Sci) XXX,Biology (Sci) XXX
BIOL,1,NBIK15014U,NBIK15014U
BIOL,1,Human Genetics,Human Genetics
BIOL,1,"BIOLXXX


	
Biology (Sci) XXX


	
SDG215


	
UN Sustainable Development Goal 15: Life on land


	University of Bergen	Norway",BIOLXXX,Biology (Sci) XXX,SDG215,UN Sustainable Development Goal 15: Life on land,University of Bergen	Norway
BIOL,1,BIOLXXX,BIOLXXX
BIOL,1,Biology (Sci) XXX,Biology (Sci) XXX
BIOL,1,SDG215,SDG215
BIOL,1,UN Sustainable Development Goal 15: Life on land,UN Sustainable Development Goal 15: Life on land
BIOL,1,"New Search	
	Refine Search",New Search,Refine Search
BIOL,1,"New Search	
	Refine Search",New Search,Refine Search
CHEM,1,"Legend:	
	  Equivalent
	
	  Not Equivalent
	
	  Expired",Legend:,Equivalent,Not Equivalent,Expired
CHEM,1,Equivalent,Equivalent
CHEM,1,Not Equivalent,Not Equivalent
CHEM,1,Expired,Expired
CHEM,1,"New Search	
	Refine Search",New Search,Refine Search
CHEM,1,"New Search	
	Refine Search",New Search,Refine Search
CHEM,1,"McGill University
	
External Institution",McGill University,External Institution
CHEM,1,"Course
	
Title
	
Course
	
Title
	
Institution
	
Country
	
Status",Course,Title,Course,Title,Institution,Country,Status
CHEM,1,"CHEM110


	
General Chemistry 1.


	
0703C100


	
General Chemistry I


	Jinan University	China",CHEM110,General Chemistry 1.,0703C100,General Chemistry I,Jinan University	China
CHEM,1,CHEM110,CHEM110
CHEM,1,General Chemistry 1.,General Chemistry 1.
CHEM,1,0703C100,0703C100
CHEM,1,General Chemistry I,General Chemistry I
CHEM,1,"CHEM110


	
General Chemistry 1.


	
0703C101


	
General Chemistry I


	Jinan University	China",CHEM110,General Chemistry 1.,0703C101,General Chemistry I,Jinan University	China
CHEM,1,CHEM110,CHEM110
CHEM,1,General Chemistry 1.,General Chemistry 1.
CHEM,1,0703C101,0703C101
CHEM,1,General Chemistry I,General Chemistry I
CHEM,1,"CHEM110


	
General Chemistry 1.


	
CH101


	
General Chemistry 1


	Boston University	USA",CHEM110,General Chemistry 1.,CH101,General Chemistry 1,Boston University	USA
CHEM,1,CHEM110,CHEM110
CHEM,1,General Chemistry 1.,General Chemistry 1.
CHEM,1,CH101,CH101
CHEM,1,General Chemistry 1,General Chemistry 1
CHEM,1,"CHEM110


	
General Chemistry 1.


	
CH109


	
Advanced General Chemistry with Quantitative Analysis Lab 1


	Boston University	USA",CHEM110,General Chemistry 1.,CH109,Advanced General Chemistry with Quantitative Analysis Lab 1,Boston University	USA
CHEM,1,CHEM110,CHEM110
CHEM,1,General Chemistry 1.,General Chemistry 1.
CHEM,1,CH109,CH109
CHEM,1,Advanced General Chemistry with Quantitative Analysis Lab 1,Advanced General Chemistry with Quantitative Analysis Lab 1
CHEM,1,"CHEM110


	
General Chemistry 1.


	
CH110


	
Principles of Chemistry I


	Massachusetts Bay Community College	USA",CHEM110,General Chemistry 1.,CH110,Principles of Chemistry I,Massachusetts Bay Community College	USA
CHEM,1,CHEM110,CHEM110
CHEM,1,General Chemistry 1.,General Chemistry 1.
CHEM,1,CH110,CH110
CHEM,1,Principles of Chemistry I,Principles of Chemistry I
CHEM,1,"CHEM110


	
General Chemistry 1.


	
CH221


	
General Chemistry


	Clackamas Community College	USA",CHEM110,General Chemistry 1.,CH221,General Chemistry,Clackamas Community College	USA
CHEM,1,CHEM110,CHEM110
CHEM,1,General Chemistry 1.,General Chemistry 1.
CHEM,1,CH221,CH221
CHEM,1,General Chemistry,General Chemistry
CHEM,1,"CHEM110


	
General Chemistry 1.


	
CH301


	
Principles of Chemistry I


	University of Texas at Austin	USA",CHEM110,General Chemistry 1.,CH301,Principles of Chemistry I,University of Texas at Austin	USA
CHEM,1,CHEM110,CHEM110
CHEM,1,General Chemistry 1.,General Chemistry 1.
CHEM,1,CH301,CH301
CHEM,1,Principles of Chemistry I,Principles of Chemistry I
CHEM,1,"CHEM110


	
General Chemistry 1.


	
CHE110


	
Introduction to Chemistry (with Lab)


	University of International Business and Economics (UIBE)	China",CHEM110,General Chemistry 1.,CHE110,Introduction to Chemistry (with Lab),University of International Business and Economics (UIBE)	China
CHEM,1,CHEM110,CHEM110
CHEM,1,General Chemistry 1.,General Chemistry 1.
CHEM,1,CHE110,CHE110
CHEM,1,Introduction to Chemistry (with Lab),Introduction to Chemistry (with Lab)
CHEM,1,"CHEM110


	
General Chemistry 1.


	
CHEM101


	
Fundamentals of Chemistry I


	University of Victoria	Canada",CHEM110,General Chemistry 1.,CHEM101,Fundamentals of Chemistry I,University of Victoria	Canada
CHEM,1,CHEM110,CHEM110
CHEM,1,General Chemistry 1.,General Chemistry 1.
CHEM,1,CHEM101,CHEM101
CHEM,1,Fundamentals of Chemistry I,Fundamentals of Chemistry I
CHEM,1,"CHEM110


	
General Chemistry 1.


	
CHEM101


	
General Chemistry I


	Bard College	USA",CHEM110,General Chemistry 1.,CHEM101,General Chemistry I,Bard College	USA
CHEM,1,CHEM110,CHEM110
CHEM,1,General Chemistry 1.,General Chemistry 1.
CHEM,1,CHEM101,CHEM101
CHEM,1,General Chemistry I,General Chemistry I
CHEM,1,"CHEM110


	
General Chemistry 1.


	
CHEM10200


	
General Chemistry 1


	Hunter College (CUNY)	USA",CHEM110,General Chemistry 1.,CHEM10200,General Chemistry 1,Hunter College (CUNY)	USA
CHEM,1,CHEM110,CHEM110
CHEM,1,General Chemistry 1.,General Chemistry 1.
CHEM,1,CHEM10200,CHEM10200
CHEM,1,General Chemistry 1,General Chemistry 1
CHEM,1,"CHEM110


	
General Chemistry 1.


	
CHEM107


	
General Chemistry


	Tompkins Cortland Community College	USA",CHEM110,General Chemistry 1.,CHEM107,General Chemistry,Tompkins Cortland Community College	USA
CHEM,1,CHEM110,CHEM110
CHEM,1,General Chemistry 1.,General Chemistry 1.
CHEM,1,CHEM107,CHEM107
CHEM,1,General Chemistry,General Chemistry
CHEM,1,"CHEM110


	
General Chemistry 1.


	
CHEM111


	
General Chemistry for Science and Engineering Majors


	University of Massachusetts Amherst	USA",CHEM110,General Chemistry 1.,CHEM111,General Chemistry for Science and Engineering Majors,University of Massachusetts Amherst	USA
CHEM,1,CHEM110,CHEM110
CHEM,1,General Chemistry 1.,General Chemistry 1.
CHEM,1,CHEM111,CHEM111
CHEM,1,General Chemistry for Science and Engineering Majors,General Chemistry for Science and Engineering Majors
CHEM,1,"CHEM110


	
General Chemistry 1.


	
CHEM1111


	
Introduction to Chemical Principles of Matter


	University of Winnipeg	Canada",CHEM110,General Chemistry 1.,CHEM1111,Introduction to Chemical Principles of Matter,University of Winnipeg	Canada
CHEM,1,CHEM110,CHEM110
CHEM,1,General Chemistry 1.,General Chemistry 1.
CHEM,1,CHEM1111,CHEM1111
CHEM,1,Introduction to Chemical Principles of Matter,Introduction to Chemical Principles of Matter
CHEM,1,"CHEM110


	
General Chemistry 1.


	
CHEM1211LAB
AND


CHEM1211K


	
Priciples of Chemistry Lab
AND


Principles of Chemistry 1


	Georgia State University	USA",CHEM110,General Chemistry 1.,CHEM1211LAB,AND,CHEM1211K,Priciples of Chemistry Lab,AND,Principles of Chemistry 1,Georgia State University	USA
CHEM,1,CHEM110,CHEM110
CHEM,1,General Chemistry 1.,General Chemistry 1.
CHEM,1,"CHEM1211LAB
AND",CHEM1211LAB,AND
CHEM,1,CHEM1211K,CHEM1211K
CHEM,1,"Priciples of Chemistry Lab
AND",Priciples of Chemistry Lab,AND
CHEM,1,Principles of Chemistry 1,Principles of Chemistry 1
CHEM,1,"CHEM110


	
General Chemistry 1.


	
CHEM125


	
General Chemistry I & Labratory


	New York University (NYU)	USA",CHEM110,General Chemistry 1.,CHEM125,General Chemistry I & Labratory,New York University (NYU)	USA
CHEM,1,CHEM110,CHEM110
CHEM,1,General Chemistry 1.,General Chemistry 1.
CHEM,1,CHEM125,CHEM125
CHEM,1,General Chemistry I & Labratory,General Chemistry I & Labratory
CHEM,1,"CHEM110


	
General Chemistry 1.


	
CHEM1500


	
Fundamentals of Chemistry I


	Ohio University	USA",CHEM110,General Chemistry 1.,CHEM1500,Fundamentals of Chemistry I,Ohio University	USA
CHEM,1,CHEM110,CHEM110
CHEM,1,General Chemistry 1.,General Chemistry 1.
CHEM,1,CHEM1500,CHEM1500
CHEM,1,Fundamentals of Chemistry I,Fundamentals of Chemistry I
CHEM,1,"CHEM110


	
General Chemistry 1.


	
CHEM205


	
General Chemisty I


	Concordia University	Canada",CHEM110,General Chemistry 1.,CHEM205,General Chemisty I,Concordia University	Canada
CHEM,1,CHEM110,CHEM110
CHEM,1,General Chemistry 1.,General Chemistry 1.
CHEM,1,CHEM205,CHEM205
CHEM,1,General Chemisty I,General Chemisty I
CHEM,1,"CHEM110


	
General Chemistry 1.


	
CHEM3


	
Intr Inorganic Chem


	Cabrillo College	USA",CHEM110,General Chemistry 1.,CHEM3,Intr Inorganic Chem,Cabrillo College	USA
CHEM,1,CHEM110,CHEM110
CHEM,1,General Chemistry 1.,General Chemistry 1.
CHEM,1,CHEM3,CHEM3
CHEM,1,Intr Inorganic Chem,Intr Inorganic Chem
CHEM,1,"CHEM110


	
General Chemistry 1.


	
CHM1963


	
Chimie générale


	Universite de Montreal	Canada",CHEM110,General Chemistry 1.,CHM1963,Chimie générale,Universite de Montreal	Canada
CHEM,1,CHEM110,CHEM110
CHEM,1,General Chemistry 1.,General Chemistry 1.
CHEM,1,CHM1963,CHM1963
CHEM,1,Chimie générale,Chimie générale
CHEM,1,"CHEM110


	
General Chemistry 1.


	
CHM2045C


	
General Chemistry 1


	Florida State College at Jacksonville	USA",CHEM110,General Chemistry 1.,CHM2045C,General Chemistry 1,Florida State College at Jacksonville	USA
CHEM,1,CHEM110,CHEM110
CHEM,1,General Chemistry 1.,General Chemistry 1.
CHEM,1,CHM2045C,CHM2045C
CHEM,1,General Chemistry 1,General Chemistry 1
CHEM,1,"CHEM120


	
General Chemistry 2.


	
CH112


	
Intensive General Chemistry with Quantitative Analysis Lab 2


	Boston University	USA",CHEM120,General Chemistry 2.,CH112,Intensive General Chemistry with Quantitative Analysis Lab 2,Boston University	USA
CHEM,1,CHEM120,CHEM120
CHEM,1,General Chemistry 2.,General Chemistry 2.
CHEM,1,CH112,CH112
CHEM,1,Intensive General Chemistry with Quantitative Analysis Lab 2,Intensive General Chemistry with Quantitative Analysis Lab 2
CHEM,1,"CHEM120


	
General Chemistry 2.


	
CH114


	
General Chemistry II with Laboratory


	Trine University	USA",CHEM120,General Chemistry 2.,CH114,General Chemistry II with Laboratory,Trine University	USA
CHEM,1,CHEM120,CHEM120
CHEM,1,General Chemistry 2.,General Chemistry 2.
CHEM,1,CH114,CH114
CHEM,1,General Chemistry II with Laboratory,General Chemistry II with Laboratory
CHEM,1,"CHEM120


	
General Chemistry 2.


	
CH302


	
Principles of Chemistry II


	University of Texas at Austin	USA",CHEM120,General Chemistry 2.,CH302,Principles of Chemistry II,University of Texas at Austin	USA
CHEM,1,CHEM120,CHEM120
CHEM,1,General Chemistry 2.,General Chemistry 2.
CHEM,1,CH302,CH302
CHEM,1,Principles of Chemistry II,Principles of Chemistry II
CHEM,1,"CHEM120


	
General Chemistry 2.


	
CHEM0330


	
equilibrium, rate, structure


	Brown University	USA",CHEM120,General Chemistry 2.,CHEM0330,"equilibrium, rate, structure",Brown University	USA
CHEM,1,CHEM120,CHEM120
CHEM,1,General Chemistry 2.,General Chemistry 2.
CHEM,1,CHEM0330,CHEM0330
CHEM,1,"equilibrium, rate, structure","equilibrium, rate, structure"
CHEM,1,"CHEM120


	
General Chemistry 2.


	
CHEM08023


	
Biological Chemistry 1B


	The University of Edinburgh	Scotland, UK",CHEM120,General Chemistry 2.,CHEM08023,Biological Chemistry 1B,"The University of Edinburgh	Scotland, UK"
CHEM,1,CHEM120,CHEM120
CHEM,1,General Chemistry 2.,General Chemistry 2.
CHEM,1,CHEM08023,CHEM08023
CHEM,1,Biological Chemistry 1B,Biological Chemistry 1B
CHEM,1,"CHEM120


	
General Chemistry 2.


	
CHEM102


	
Fundamentals of Chemistry II


	University of Victoria	Canada",CHEM120,General Chemistry 2.,CHEM102,Fundamentals of Chemistry II,University of Victoria	Canada
CHEM,1,CHEM120,CHEM120
CHEM,1,General Chemistry 2.,General Chemistry 2.
CHEM,1,CHEM102,CHEM102
CHEM,1,Fundamentals of Chemistry II,Fundamentals of Chemistry II
CHEM,1,"CHEM120


	
General Chemistry 2.


	
CHEM102


	
General Chemistry II


	Bard College	USA",CHEM120,General Chemistry 2.,CHEM102,General Chemistry II,Bard College	USA
CHEM,1,CHEM120,CHEM120
CHEM,1,General Chemistry 2.,General Chemistry 2.
CHEM,1,CHEM102,CHEM102
CHEM,1,General Chemistry II,General Chemistry II
CHEM,1,"CHEM120


	
General Chemistry 2.


	
CHEM1112


	
Basic Principles of Chemical Reactivity


	University of Winnipeg	Canada",CHEM120,General Chemistry 2.,CHEM1112,Basic Principles of Chemical Reactivity,University of Winnipeg	Canada
CHEM,1,CHEM120,CHEM120
CHEM,1,General Chemistry 2.,General Chemistry 2.
CHEM,1,CHEM1112,CHEM1112
CHEM,1,Basic Principles of Chemical Reactivity,Basic Principles of Chemical Reactivity
CHEM,1,"CHEM120


	
General Chemistry 2.


	
CHEM1450


	
General Chemistry 2


	University of Vermont	USA",CHEM120,General Chemistry 2.,CHEM1450,General Chemistry 2,University of Vermont	USA
CHEM,1,CHEM120,CHEM120
CHEM,1,General Chemistry 2.,General Chemistry 2.
CHEM,1,CHEM1450,CHEM1450
CHEM,1,General Chemistry 2,General Chemistry 2
CHEM,1,"CHEM120


	
General Chemistry 2.


	
CHEM1A3
AND


CHEM1A03


	
Introductory Chemistry 2
AND


Introductory Chemistry 1


	McMaster University	Canada",CHEM120,General Chemistry 2.,CHEM1A3,AND,CHEM1A03,Introductory Chemistry 2,AND,Introductory Chemistry 1,McMaster University	Canada
CHEM,1,CHEM120,CHEM120
CHEM,1,General Chemistry 2.,General Chemistry 2.
CHEM,1,"CHEM1A3
AND",CHEM1A3,AND
CHEM,1,CHEM1A03,CHEM1A03
CHEM,1,"Introductory Chemistry 2
AND",Introductory Chemistry 2,AND
CHEM,1,Introductory Chemistry 1,Introductory Chemistry 1
CHEM,1,"CHEM120


	
General Chemistry 2.


	
CHEM1E03
AND


CHEM1AA3


	
General Chemistry for engineers
AND


Introductory Chemistry II


	McMaster University	Canada",CHEM120,General Chemistry 2.,CHEM1E03,AND,CHEM1AA3,General Chemistry for engineers,AND,Introductory Chemistry II,McMaster University	Canada
CHEM,1,CHEM120,CHEM120
CHEM,1,General Chemistry 2.,General Chemistry 2.
CHEM,1,"CHEM1E03
AND",CHEM1E03,AND
CHEM,1,CHEM1AA3,CHEM1AA3
CHEM,1,"General Chemistry for engineers
AND",General Chemistry for engineers,AND
CHEM,1,Introductory Chemistry II,Introductory Chemistry II
CHEM,1,"CHEM120


	
General Chemistry 2.


	
CHEM206


	
General Chemistry II


	Concordia University	Canada",CHEM120,General Chemistry 2.,CHEM206,General Chemistry II,Concordia University	Canada
CHEM,1,CHEM120,CHEM120
CHEM,1,General Chemistry 2.,General Chemistry 2.
CHEM,1,CHEM206,CHEM206
CHEM,1,General Chemistry II,General Chemistry II
CHEM,1,"CHEM120


	
General Chemistry 2.


	
CHM020


	
Chimie des solutions


	Universite de Sherbrooke	Canada",CHEM120,General Chemistry 2.,CHM020,Chimie des solutions,Universite de Sherbrooke	Canada
CHEM,1,CHEM120,CHEM120
CHEM,1,General Chemistry 2.,General Chemistry 2.
CHEM,1,CHM020,CHM020
CHEM,1,Chimie des solutions,Chimie des solutions
CHEM,1,"CHEM120


	
General Chemistry 2.


	
CHM192


	
General Chemistry II


	Bishop's University	Canada",CHEM120,General Chemistry 2.,CHM192,General Chemistry II,Bishop's University	Canada
CHEM,1,CHEM120,CHEM120
CHEM,1,General Chemistry 2.,General Chemistry 2.
CHEM,1,CHM192,CHM192
CHEM,1,General Chemistry II,General Chemistry II
CHEM,1,"CHEM1XX


	
Chemistry 1XX


	
CCST9045


	
The science and lore of culinary culture


	The University of Hong Kong (HKU)	Hong Kong, SAR",CHEM1XX,Chemistry 1XX,CCST9045,The science and lore of culinary culture,"The University of Hong Kong (HKU)	Hong Kong, SAR"
CHEM,1,CHEM1XX,CHEM1XX
CHEM,1,Chemistry 1XX,Chemistry 1XX
CHEM,1,CCST9045,CCST9045
CHEM,1,The science and lore of culinary culture,The science and lore of culinary culture
CHEM,1,"CHEM1XX


	
Chemistry 1XX


	
CHEM217


	
Chemical Prinicples I


	Athabasca University	Canada",CHEM1XX,Chemistry 1XX,CHEM217,Chemical Prinicples I,Athabasca University	Canada
CHEM,1,CHEM1XX,CHEM1XX
CHEM,1,Chemistry 1XX,Chemistry 1XX
CHEM,1,CHEM217,CHEM217
CHEM,1,Chemical Prinicples I,Chemical Prinicples I
CHEM,1,"CHEM1XX


	
Chemistry 1XX


	
CHEMMAT100G


	
Materials of the Modern World


	The University of Auckland / Te Whare Wananga o Tamaki Makaurau	New Zealand",CHEM1XX,Chemistry 1XX,CHEMMAT100G,Materials of the Modern World,The University of Auckland / Te Whare Wananga o Tamaki Makaurau	New Zealand
CHEM,1,CHEM1XX,CHEM1XX
CHEM,1,Chemistry 1XX,Chemistry 1XX
CHEM,1,CHEMMAT100G,CHEMMAT100G
CHEM,1,Materials of the Modern World,Materials of the Modern World
CHEM,1,"CHEM1XX


	
Chemistry 1XX


	
FOOD1071


	
Traditional and Alcoholic Beverages


	University of Leeds	England, UK",CHEM1XX,Chemistry 1XX,FOOD1071,Traditional and Alcoholic Beverages,"University of Leeds	England, UK"
CHEM,1,CHEM1XX,CHEM1XX
CHEM,1,Chemistry 1XX,Chemistry 1XX
CHEM,1,FOOD1071,FOOD1071
CHEM,1,Traditional and Alcoholic Beverages,Traditional and Alcoholic Beverages
CHEM,1,"CHEM1XX


	
Chemistry 1XX


	
N361001


	
Organic Chemistry of Life-E2


	Kyoto University	Japan",CHEM1XX,Chemistry 1XX,N361001,Organic Chemistry of Life-E2,Kyoto University	Japan
CHEM,1,CHEM1XX,CHEM1XX
CHEM,1,Chemistry 1XX,Chemistry 1XX
CHEM,1,N361001,N361001
CHEM,1,Organic Chemistry of Life-E2,Organic Chemistry of Life-E2
CHEM,1,"CHEM1XX


	
Chemistry 1XX


	
ULAS7010002SE50


	
ILAS Seminar-E2: Smart Materials (Innovations in Material Chemistry)


	Kyoto University	Japan",CHEM1XX,Chemistry 1XX,ULAS7010002SE50,ILAS Seminar-E2: Smart Materials (Innovations in Material Chemistry),Kyoto University	Japan
CHEM,1,CHEM1XX,CHEM1XX
CHEM,1,Chemistry 1XX,Chemistry 1XX
CHEM,1,ULAS7010002SE50,ULAS7010002SE50
CHEM,1,ILAS Seminar-E2: Smart Materials (Innovations in Material Chemistry),ILAS Seminar-E2: Smart Materials (Innovations in Material Chemistry)
CHEM,1,"CHEM1XX


	
Chemistry 1XX


	
Z002082


	
ILAS Seminar-E2 :Chemistry in Art


	Kyoto University	Japan",CHEM1XX,Chemistry 1XX,Z002082,ILAS Seminar-E2 :Chemistry in Art,Kyoto University	Japan
CHEM,1,CHEM1XX,CHEM1XX
CHEM,1,Chemistry 1XX,Chemistry 1XX
CHEM,1,Z002082,Z002082
CHEM,1,ILAS Seminar-E2 :Chemistry in Art,ILAS Seminar-E2 :Chemistry in Art
CHEM,1,"CHEM211


	
Organic Chemistry 1 Lectures.


	
CHM111


	
Organic Chemistry I


	Bishop's University	Canada",CHEM211,Organic Chemistry 1 Lectures.,CHM111,Organic Chemistry I,Bishop's University	Canada
CHEM,1,CHEM211,CHEM211
CHEM,1,Organic Chemistry 1 Lectures.,Organic Chemistry 1 Lectures.
CHEM,1,CHM111,CHM111
CHEM,1,Organic Chemistry I,Organic Chemistry I
CHEM,1,"CHEM211


	
Organic Chemistry 1 Lectures.


	
CHM1982


	
Organic Chemistry


	Universite de Montreal	Canada",CHEM211,Organic Chemistry 1 Lectures.,CHM1982,Organic Chemistry,Universite de Montreal	Canada
CHEM,1,CHEM211,CHEM211
CHEM,1,Organic Chemistry 1 Lectures.,Organic Chemistry 1 Lectures.
CHEM,1,CHM1982,CHM1982
CHEM,1,Organic Chemistry,Organic Chemistry
CHEM,1,"CHEM212


	
Intro Organic Chemistry 1


	
CHEM307


	
Organic Chemistry 1


	Rutgers University - Newark Campus	USA",CHEM212,Intro Organic Chemistry 1,CHEM307,Organic Chemistry 1,Rutgers University - Newark Campus	USA
CHEM,1,CHEM212,CHEM212
CHEM,1,Intro Organic Chemistry 1,Intro Organic Chemistry 1
CHEM,1,CHEM307,CHEM307
CHEM,1,Organic Chemistry 1,Organic Chemistry 1
CHEM,1,"CHEM212


	
Introductory Organic Chemistry 1.


	
CASCH203


	
Organic Chemistry 1


	Boston University	USA",CHEM212,Introductory Organic Chemistry 1.,CASCH203,Organic Chemistry 1,Boston University	USA
CHEM,1,CHEM212,CHEM212
CHEM,1,Introductory Organic Chemistry 1.,Introductory Organic Chemistry 1.
CHEM,1,CASCH203,CASCH203
CHEM,1,Organic Chemistry 1,Organic Chemistry 1
CHEM,1,"CHEM212


	
Introductory Organic Chemistry 1.


	
CHEM212


	
Principles of Chemical Reactivity


	Queen's University	Canada",CHEM212,Introductory Organic Chemistry 1.,CHEM212,Principles of Chemical Reactivity,Queen's University	Canada
CHEM,1,CHEM212,CHEM212
CHEM,1,Introductory Organic Chemistry 1.,Introductory Organic Chemistry 1.
CHEM,1,CHEM212,CHEM212
CHEM,1,Principles of Chemical Reactivity,Principles of Chemical Reactivity
CHEM,1,"CHEM212


	
Introductory Organic Chemistry 1.


	
CHEM3321
AND


CHEM3311


	
Organic Chemistry 1 Lab
AND


Organic Chemistry 1


	University of Colorado at Boulder	USA",CHEM212,Introductory Organic Chemistry 1.,CHEM3321,AND,CHEM3311,Organic Chemistry 1 Lab,AND,Organic Chemistry 1,University of Colorado at Boulder	USA
CHEM,1,CHEM212,CHEM212
CHEM,1,Introductory Organic Chemistry 1.,Introductory Organic Chemistry 1.
CHEM,1,"CHEM3321
AND",CHEM3321,AND
CHEM,1,CHEM3311,CHEM3311
CHEM,1,"Organic Chemistry 1 Lab
AND",Organic Chemistry 1 Lab,AND
CHEM,1,Organic Chemistry 1,Organic Chemistry 1
CHEM,1,"CHEM212


	
Introductory Organic Chemistry 1.


	
CHM136H1


	
Introductory Organic Chemistry I


	University of Toronto	Canada",CHEM212,Introductory Organic Chemistry 1.,CHM136H1,Introductory Organic Chemistry I,University of Toronto	Canada
CHEM,1,CHEM212,CHEM212
CHEM,1,Introductory Organic Chemistry 1.,Introductory Organic Chemistry 1.
CHEM,1,CHM136H1,CHM136H1
CHEM,1,Introductory Organic Chemistry I,Introductory Organic Chemistry I
CHEM,1,"CHEM212


	
Introductory Organic Chemistry 1.


	
IEE203001


	
Organic Chemistry (1)


	Yonsei University	South Korea",CHEM212,Introductory Organic Chemistry 1.,IEE203001,Organic Chemistry (1),Yonsei University	South Korea
CHEM,1,CHEM212,CHEM212
CHEM,1,Introductory Organic Chemistry 1.,Introductory Organic Chemistry 1.
CHEM,1,IEE203001,IEE203001
CHEM,1,Organic Chemistry (1),Organic Chemistry (1)
CHEM,1,"CHEM214


	
Physical Chemistry/Biological Sciences 2.


	
CHEM20120


	
PHYSICAL CHEMISTRY (LEVEL 2)


	University College Dublin	Ireland",CHEM214,Physical Chemistry/Biological Sciences 2.,CHEM20120,PHYSICAL CHEMISTRY (LEVEL 2),University College Dublin	Ireland
CHEM,1,CHEM214,CHEM214
CHEM,1,Physical Chemistry/Biological Sciences 2.,Physical Chemistry/Biological Sciences 2.
CHEM,1,CHEM20120,CHEM20120
CHEM,1,PHYSICAL CHEMISTRY (LEVEL 2),PHYSICAL CHEMISTRY (LEVEL 2)
CHEM,1,"CHEM222


	
Introductory Organic Chemistry 2.


	
CHEM0017


	
Fundamentals of Organic Chemistry


	University College London (UCL) - University of London	England, UK",CHEM222,Introductory Organic Chemistry 2.,CHEM0017,Fundamentals of Organic Chemistry,"University College London (UCL) - University of London	England, UK"
CHEM,1,CHEM222,CHEM222
CHEM,1,Introductory Organic Chemistry 2.,Introductory Organic Chemistry 2.
CHEM,1,CHEM0017,CHEM0017
CHEM,1,Fundamentals of Organic Chemistry,Fundamentals of Organic Chemistry
CHEM,1,"CHEM222


	
Introductory Organic Chemistry 2.


	
CHEM0018


	
Organic Reaction Mechanism


	University College London (UCL) - University of London	England, UK",CHEM222,Introductory Organic Chemistry 2.,CHEM0018,Organic Reaction Mechanism,"University College London (UCL) - University of London	England, UK"
CHEM,1,CHEM222,CHEM222
CHEM,1,Introductory Organic Chemistry 2.,Introductory Organic Chemistry 2.
CHEM,1,CHEM0018,CHEM0018
CHEM,1,Organic Reaction Mechanism,Organic Reaction Mechanism
CHEM,1,"CHEM222


	
Introductory Organic Chemistry 2.


	
CHEM202


	
Organic Chemistry II


	Duke University	USA",CHEM222,Introductory Organic Chemistry 2.,CHEM202,Organic Chemistry II,Duke University	USA
CHEM,1,CHEM222,CHEM222
CHEM,1,Introductory Organic Chemistry 2.,Introductory Organic Chemistry 2.
CHEM,1,CHEM202,CHEM202
CHEM,1,Organic Chemistry II,Organic Chemistry II
CHEM,1,"CHEM222


	
Introductory Organic Chemistry 2.


	
CHEM204


	
Organic Chemistry


	University of British Columbia (UBC) - All Campuses	Canada",CHEM222,Introductory Organic Chemistry 2.,CHEM204,Organic Chemistry,University of British Columbia (UBC) - All Campuses	Canada
CHEM,1,CHEM222,CHEM222
CHEM,1,Introductory Organic Chemistry 2.,Introductory Organic Chemistry 2.
CHEM,1,CHEM204,CHEM204
CHEM,1,Organic Chemistry,Organic Chemistry
CHEM,1,"CHEM222


	
Introductory Organic Chemistry 2.


	
CHEM213


	
Organic Chemistry


	University of British Columbia (UBC) - All Campuses	Canada",CHEM222,Introductory Organic Chemistry 2.,CHEM213,Organic Chemistry,University of British Columbia (UBC) - All Campuses	Canada
CHEM,1,CHEM222,CHEM222
CHEM,1,Introductory Organic Chemistry 2.,Introductory Organic Chemistry 2.
CHEM,1,CHEM213,CHEM213
CHEM,1,Organic Chemistry,Organic Chemistry
CHEM,1,"CHEM222


	
Introductory Organic Chemistry 2.


	
CHEM262


	
Organic Chemistry II


	University of Massachusetts Amherst	USA",CHEM222,Introductory Organic Chemistry 2.,CHEM262,Organic Chemistry II,University of Massachusetts Amherst	USA
CHEM,1,CHEM222,CHEM222
CHEM,1,Introductory Organic Chemistry 2.,Introductory Organic Chemistry 2.
CHEM,1,CHEM262,CHEM262
CHEM,1,Organic Chemistry II,Organic Chemistry II
CHEM,1,"CHEM222


	
Introductory Organic Chemistry 2.


	
CHEMSHU226


	
Organic Chemistry II


	New York University (NYU) Shanghai	China",CHEM222,Introductory Organic Chemistry 2.,CHEMSHU226,Organic Chemistry II,New York University (NYU) Shanghai	China
CHEM,1,CHEM222,CHEM222
CHEM,1,Introductory Organic Chemistry 2.,Introductory Organic Chemistry 2.
CHEM,1,CHEMSHU226,CHEMSHU226
CHEM,1,Organic Chemistry II,Organic Chemistry II
CHEM,1,"CHEM222


	
Introductory Organic Chemistry 2.


	
CHEMUA226
AND


CHEMUA226L


	
Organic Chemistry II Lecture
AND


Organic Chemistry II Lab


	New York University (NYU)	USA",CHEM222,Introductory Organic Chemistry 2.,CHEMUA226,AND,CHEMUA226L,Organic Chemistry II Lecture,AND,Organic Chemistry II Lab,New York University (NYU)	USA
CHEM,1,CHEM222,CHEM222
CHEM,1,Introductory Organic Chemistry 2.,Introductory Organic Chemistry 2.
CHEM,1,"CHEMUA226
AND",CHEMUA226,AND
CHEM,1,CHEMUA226L,CHEMUA226L
CHEM,1,"Organic Chemistry II Lecture
AND",Organic Chemistry II Lecture,AND
CHEM,1,Organic Chemistry II Lab,Organic Chemistry II Lab
CHEM,1,"CHEM222


	
Introductory Organic Chemistry 2.


	
CHM211


	
Organic Chemistry II


	Bishop's University	Canada",CHEM222,Introductory Organic Chemistry 2.,CHM211,Organic Chemistry II,Bishop's University	Canada
CHEM,1,CHEM222,CHEM222
CHEM,1,Introductory Organic Chemistry 2.,Introductory Organic Chemistry 2.
CHEM,1,CHM211,CHM211
CHEM,1,Organic Chemistry II,Organic Chemistry II
CHEM,1,"CHEM222


	
Introductory Organic Chemistry 2.


	
CHM247H1


	
Introductory Organic Chemistry II


	University of Toronto	Canada",CHEM222,Introductory Organic Chemistry 2.,CHM247H1,Introductory Organic Chemistry II,University of Toronto	Canada
CHEM,1,CHEM222,CHEM222
CHEM,1,Introductory Organic Chemistry 2.,Introductory Organic Chemistry 2.
CHEM,1,CHM247H1,CHM247H1
CHEM,1,Introductory Organic Chemistry II,Introductory Organic Chemistry II
CHEM,1,"CHEM222


	
Introductory Organic Chemistry 2.


	
ZPEM2102


	
Organic Chemistry 2


	University of New South Wales (UNSW)	Australia",CHEM222,Introductory Organic Chemistry 2.,ZPEM2102,Organic Chemistry 2,University of New South Wales (UNSW)	Australia
CHEM,1,CHEM222,CHEM222
CHEM,1,Introductory Organic Chemistry 2.,Introductory Organic Chemistry 2.
CHEM,1,ZPEM2102,ZPEM2102
CHEM,1,Organic Chemistry 2,Organic Chemistry 2
CHEM,1,"CHEM224


	
Organic Chemistry Laboratory 1.


	
CHEM201


	
Organic Chemistry I w/Lab


	Bard College	USA",CHEM224,Organic Chemistry Laboratory 1.,CHEM201,Organic Chemistry I w/Lab,Bard College	USA
CHEM,1,CHEM224,CHEM224
CHEM,1,Organic Chemistry Laboratory 1.,Organic Chemistry Laboratory 1.
CHEM,1,CHEM201,CHEM201
CHEM,1,Organic Chemistry I w/Lab,Organic Chemistry I w/Lab
CHEM,1,"CHEM234


	
Topics in Organic Chemistry.


	
26020


	
Chemistry (Polytechnical Foundation)


	Technical University of Denmark	Denmark",CHEM234,Topics in Organic Chemistry.,26020,Chemistry (Polytechnical Foundation),Technical University of Denmark	Denmark
CHEM,1,CHEM234,CHEM234
CHEM,1,Topics in Organic Chemistry.,Topics in Organic Chemistry.
CHEM,1,26020,26020
CHEM,1,Chemistry (Polytechnical Foundation),Chemistry (Polytechnical Foundation)
CHEM,1,"CHEM234


	
Topics in Organic Chemistry.


	
261301
AND


26433


	
Spectroscopic Methods
AND


Organic Chemistry 3


	Technical University of Denmark	Denmark",CHEM234,Topics in Organic Chemistry.,261301,AND,26433,Spectroscopic Methods,AND,Organic Chemistry 3,Technical University of Denmark	Denmark
CHEM,1,CHEM234,CHEM234
CHEM,1,Topics in Organic Chemistry.,Topics in Organic Chemistry.
CHEM,1,"261301
AND",261301,AND
CHEM,1,26433,26433
CHEM,1,"Spectroscopic Methods
AND",Spectroscopic Methods,AND
CHEM,1,Organic Chemistry 3,Organic Chemistry 3
CHEM,1,"CHEM244


	
Organic Chemistry Laboratory 2.


	
26002


	
Chemical Synthesis


	Technical University of Denmark	Denmark",CHEM244,Organic Chemistry Laboratory 2.,26002,Chemical Synthesis,Technical University of Denmark	Denmark
CHEM,1,CHEM244,CHEM244
CHEM,1,Organic Chemistry Laboratory 2.,Organic Chemistry Laboratory 2.
CHEM,1,26002,26002
CHEM,1,Chemical Synthesis,Chemical Synthesis
CHEM,1,"CHEM244


	
Organic Chemistry Laboratory 2.


	
26407


	
Practical Organic Chemistry


	Technical University of Denmark	Denmark",CHEM244,Organic Chemistry Laboratory 2.,26407,Practical Organic Chemistry,Technical University of Denmark	Denmark
CHEM,1,CHEM244,CHEM244
CHEM,1,Organic Chemistry Laboratory 2.,Organic Chemistry Laboratory 2.
CHEM,1,26407,26407
CHEM,1,Practical Organic Chemistry,Practical Organic Chemistry
CHEM,1,"CHEM287


	
Introductory Analytical Chemistry.


	
CAN1001


	
introduction à la chimie analytique


	Université du Québec à Trois-Rivières (UQTR)	Canada",CHEM287,Introductory Analytical Chemistry.,CAN1001,introduction à la chimie analytique,Université du Québec à Trois-Rivières (UQTR)	Canada
CHEM,1,CHEM287,CHEM287
CHEM,1,Introductory Analytical Chemistry.,Introductory Analytical Chemistry.
CHEM,1,CAN1001,CAN1001
CHEM,1,introduction à la chimie analytique,introduction à la chimie analytique
CHEM,1,"CHEM297


	
Introductory Analytical Chemistry Laboratory.


	
CHL141


	
Analytical Chemistry Laboratory


	Bishop's University	Canada",CHEM297,Introductory Analytical Chemistry Laboratory.,CHL141,Analytical Chemistry Laboratory,Bishop's University	Canada
CHEM,1,CHEM297,CHEM297
CHEM,1,Introductory Analytical Chemistry Laboratory.,Introductory Analytical Chemistry Laboratory.
CHEM,1,CHL141,CHL141
CHEM,1,Analytical Chemistry Laboratory,Analytical Chemistry Laboratory
CHEM,1,"CHEM2XX


	
Chemistry 2XX


	
ULAS13


	
Analytical Chemistry and Forensic Science-E2


	Kyoto University	Japan",CHEM2XX,Chemistry 2XX,ULAS13,Analytical Chemistry and Forensic Science-E2,Kyoto University	Japan
CHEM,1,CHEM2XX,CHEM2XX
CHEM,1,Chemistry 2XX,Chemistry 2XX
CHEM,1,ULAS13,ULAS13
CHEM,1,Analytical Chemistry and Forensic Science-E2,Analytical Chemistry and Forensic Science-E2
CHEM,1,"CHEM302


	
Introductory Organic Chemistry 3.


	
CHEM324


	
Organic chemistry III - Organic reactions


	Concordia University	Canada",CHEM302,Introductory Organic Chemistry 3.,CHEM324,Organic chemistry III - Organic reactions,Concordia University	Canada
CHEM,1,CHEM302,CHEM302
CHEM,1,Introductory Organic Chemistry 3.,Introductory Organic Chemistry 3.
CHEM,1,CHEM324,CHEM324
CHEM,1,Organic chemistry III - Organic reactions,Organic chemistry III - Organic reactions
CHEM,1,"CHEM332


	
Biological Chemistry.


	
CHEM10712


	
Biological Chemistry


	The University of Manchester	England, UK",CHEM332,Biological Chemistry.,CHEM10712,Biological Chemistry,"The University of Manchester	England, UK"
CHEM,1,CHEM332,CHEM332
CHEM,1,Biological Chemistry.,Biological Chemistry.
CHEM,1,CHEM10712,CHEM10712
CHEM,1,Biological Chemistry,Biological Chemistry
CHEM,1,"CHEM332


	
Biological Chemistry.


	
CHEM20026


	
Principles of Chemical Biology


	University of Melbourne	Australia",CHEM332,Biological Chemistry.,CHEM20026,Principles of Chemical Biology,University of Melbourne	Australia
CHEM,1,CHEM332,CHEM332
CHEM,1,Biological Chemistry.,Biological Chemistry.
CHEM,1,CHEM20026,CHEM20026
CHEM,1,Principles of Chemical Biology,Principles of Chemical Biology
CHEM,1,"CHEM332


	
Biological Chemistry.


	
CHEM271


	
Biochemistry I


	Concordia University	Canada",CHEM332,Biological Chemistry.,CHEM271,Biochemistry I,Concordia University	Canada
CHEM,1,CHEM332,CHEM332
CHEM,1,Biological Chemistry.,Biological Chemistry.
CHEM,1,CHEM271,CHEM271
CHEM,1,Biochemistry I,Biochemistry I
CHEM,1,"CHEM345


	
Introduction to Quantum Chemistry.


	
CHEM321


	
Quantum Chemistry


	Korea University	South Korea",CHEM345,Introduction to Quantum Chemistry.,CHEM321,Quantum Chemistry,Korea University	South Korea
CHEM,1,CHEM345,CHEM345
CHEM,1,Introduction to Quantum Chemistry.,Introduction to Quantum Chemistry.
CHEM,1,CHEM321,CHEM321
CHEM,1,Quantum Chemistry,Quantum Chemistry
CHEM,1,"CHEM381


	
Inorganic Chemistry 2.


	
CH222


	
Coordination Chemistry


	École Polytechnique Fédérale de Lausanne	Switzerland",CHEM381,Inorganic Chemistry 2.,CH222,Coordination Chemistry,École Polytechnique Fédérale de Lausanne	Switzerland
CHEM,1,CHEM381,CHEM381
CHEM,1,Inorganic Chemistry 2.,Inorganic Chemistry 2.
CHEM,1,CH222,CH222
CHEM,1,Coordination Chemistry,Coordination Chemistry
CHEM,1,"CHEM3XX


	
Chemistry 3XX


	
CH223


	
Organometallic Chemistry


	École Polytechnique Fédérale de Lausanne	Switzerland",CHEM3XX,Chemistry 3XX,CH223,Organometallic Chemistry,École Polytechnique Fédérale de Lausanne	Switzerland
CHEM,1,CHEM3XX,CHEM3XX
CHEM,1,Chemistry 3XX,Chemistry 3XX
CHEM,1,CH223,CH223
CHEM,1,Organometallic Chemistry,Organometallic Chemistry
CHEM,1,"CHEM3XX


	
Chemistry 3XX


	
CHEM30016


	
Reactivity and Mechanism


	University of Melbourne	Australia",CHEM3XX,Chemistry 3XX,CHEM30016,Reactivity and Mechanism,University of Melbourne	Australia
CHEM,1,CHEM3XX,CHEM3XX
CHEM,1,Chemistry 3XX,Chemistry 3XX
CHEM,1,CHEM30016,CHEM30016
CHEM,1,Reactivity and Mechanism,Reactivity and Mechanism
CHEM,1,"CHEM3XX


	
Chemistry 3XX


	
CHEM307


	
Biochemistry 1


	Korea University	South Korea",CHEM3XX,Chemistry 3XX,CHEM307,Biochemistry 1,Korea University	South Korea
CHEM,1,CHEM3XX,CHEM3XX
CHEM,1,Chemistry 3XX,Chemistry 3XX
CHEM,1,CHEM307,CHEM307
CHEM,1,Biochemistry 1,Biochemistry 1
CHEM,1,"CHEM3XX


	
Chemistry 3XX


	
CHEM41450


	
Sustainable Development Chemistry


	University College Dublin	Ireland",CHEM3XX,Chemistry 3XX,CHEM41450,Sustainable Development Chemistry,University College Dublin	Ireland
CHEM,1,CHEM3XX,CHEM3XX
CHEM,1,Chemistry 3XX,Chemistry 3XX
CHEM,1,CHEM41450,CHEM41450
CHEM,1,Sustainable Development Chemistry,Sustainable Development Chemistry
CHEM,1,"CHEM3XX


	
Chemistry 3XX


	
LCHM1341


	
Organic chemistry III


	Catholic University of Louvain	Belgium",CHEM3XX,Chemistry 3XX,LCHM1341,Organic chemistry III,Catholic University of Louvain	Belgium
CHEM,1,CHEM3XX,CHEM3XX
CHEM,1,Chemistry 3XX,Chemistry 3XX
CHEM,1,LCHM1341,LCHM1341
CHEM,1,Organic chemistry III,Organic chemistry III
CHEM,1,"CHEM480


	
Undergraduate Research Project 2.


	
CH492


	
Project in molecular sciences Ia


	École Polytechnique Fédérale de Lausanne	Switzerland",CHEM480,Undergraduate Research Project 2.,CH492,Project in molecular sciences Ia,École Polytechnique Fédérale de Lausanne	Switzerland
CHEM,1,CHEM480,CHEM480
CHEM,1,Undergraduate Research Project 2.,Undergraduate Research Project 2.
CHEM,1,CH492,CH492
CHEM,1,Project in molecular sciences Ia,Project in molecular sciences Ia
CHEM,1,"CHEM4XX


	
Chemistry 4XX


	
102497


	
Environmental Chemistry and Sustainability


	Autonomous University of Barcelona	Spain",CHEM4XX,Chemistry 4XX,102497,Environmental Chemistry and Sustainability,Autonomous University of Barcelona	Spain
CHEM,1,CHEM4XX,CHEM4XX
CHEM,1,Chemistry 4XX,Chemistry 4XX
CHEM,1,102497,102497
CHEM,1,Environmental Chemistry and Sustainability,Environmental Chemistry and Sustainability
CHEM,1,"CHEM4XX


	
Chemistry 4XX


	
CH427


	
Chemistry of f elements


	École Polytechnique Fédérale de Lausanne	Switzerland",CHEM4XX,Chemistry 4XX,CH427,Chemistry of f elements,École Polytechnique Fédérale de Lausanne	Switzerland
CHEM,1,CHEM4XX,CHEM4XX
CHEM,1,Chemistry 4XX,Chemistry 4XX
CHEM,1,CH427,CH427
CHEM,1,Chemistry of f elements,Chemistry of f elements
CHEM,1,"CHEM4XX


	
Chemistry 4XX


	
CHEM248


	
An introduction to medicinal chemistry


	University of Liverpool	England, UK",CHEM4XX,Chemistry 4XX,CHEM248,An introduction to medicinal chemistry,"University of Liverpool	England, UK"
CHEM,1,CHEM4XX,CHEM4XX
CHEM,1,Chemistry 4XX,Chemistry 4XX
CHEM,1,CHEM248,CHEM248
CHEM,1,An introduction to medicinal chemistry,An introduction to medicinal chemistry
CHEM,1,"CHEM4XX


	
Chemistry 4XX


	
CHEM30017


	
Specialised Topics in Chemistry A


	University of Melbourne	Australia",CHEM4XX,Chemistry 4XX,CHEM30017,Specialised Topics in Chemistry A,University of Melbourne	Australia
CHEM,1,CHEM4XX,CHEM4XX
CHEM,1,Chemistry 4XX,Chemistry 4XX
CHEM,1,CHEM30017,CHEM30017
CHEM,1,Specialised Topics in Chemistry A,Specialised Topics in Chemistry A
CHEM,1,"CHEM4XX


	
Chemistry 4XX


	
CM3011


	
Chemical Spectroscopy and applications


	Nanyang Technological University	Singapore",CHEM4XX,Chemistry 4XX,CM3011,Chemical Spectroscopy and applications,Nanyang Technological University	Singapore
CHEM,1,CHEM4XX,CHEM4XX
CHEM,1,Chemistry 4XX,Chemistry 4XX
CHEM,1,CM3011,CM3011
CHEM,1,Chemical Spectroscopy and applications,Chemical Spectroscopy and applications
CHEM,1,"CHEM4XX


	
Chemistry 4XX


	
ENVIRO04192


	
Environmental chemistry


	University of Navarra	Spain",CHEM4XX,Chemistry 4XX,ENVIRO04192,Environmental chemistry,University of Navarra	Spain
CHEM,1,CHEM4XX,CHEM4XX
CHEM,1,Chemistry 4XX,Chemistry 4XX
CHEM,1,ENVIRO04192,ENVIRO04192
CHEM,1,Environmental chemistry,Environmental chemistry
CHEM,1,"CHEM4XX


	
Chemistry 4XX


	
MCB6003


	
Bioaérosols et aérobiologie


	Université Laval	Canada",CHEM4XX,Chemistry 4XX,MCB6003,Bioaérosols et aérobiologie,Université Laval	Canada
CHEM,1,CHEM4XX,CHEM4XX
CHEM,1,Chemistry 4XX,Chemistry 4XX
CHEM,1,MCB6003,MCB6003
CHEM,1,Bioaérosols et aérobiologie,Bioaérosols et aérobiologie
CHEM,1,"CHEM4XX


	
Chemistry 4XX


	
NKEB24001U


	
Chemistry in the Green Energy Transition (Green Energy)


	University of Copenhagen	Denmark",CHEM4XX,Chemistry 4XX,NKEB24001U,Chemistry in the Green Energy Transition (Green Energy),University of Copenhagen	Denmark
CHEM,1,CHEM4XX,CHEM4XX
CHEM,1,Chemistry 4XX,Chemistry 4XX
CHEM,1,NKEB24001U,NKEB24001U
CHEM,1,Chemistry in the Green Energy Transition (Green Energy),Chemistry in the Green Energy Transition (Green Energy)
CHEM,1,"CHEM503


	
Drug Discovery.


	
44020013


	
Drug Design


	Tsinghua University	China",CHEM503,Drug Discovery.,44020013,Drug Design,Tsinghua University	China
CHEM,1,CHEM503,CHEM503
CHEM,1,Drug Discovery.,Drug Discovery.
CHEM,1,44020013,44020013
CHEM,1,Drug Design,Drug Design
CHEM,1,"CHEM503


	
Drug Discovery.


	
CHEM30442


	
Synthesis for Drug Discovery and Development


	The University of Manchester	England, UK",CHEM503,Drug Discovery.,CHEM30442,Synthesis for Drug Discovery and Development,"The University of Manchester	England, UK"
CHEM,1,CHEM503,CHEM503
CHEM,1,Drug Discovery.,Drug Discovery.
CHEM,1,CHEM30442,CHEM30442
CHEM,1,Synthesis for Drug Discovery and Development,Synthesis for Drug Discovery and Development
CHEM,1,"CHEM531


	
Chemistry of Inorganic Materials.


	
CM4061


	
Materials Chemistry


	Nanyang Technological University	Singapore",CHEM531,Chemistry of Inorganic Materials.,CM4061,Materials Chemistry,Nanyang Technological University	Singapore
CHEM,1,CHEM531,CHEM531
CHEM,1,Chemistry of Inorganic Materials.,Chemistry of Inorganic Materials.
CHEM,1,CM4061,CM4061
CHEM,1,Materials Chemistry,Materials Chemistry
CHEM,1,"CHEM534


	
Nanoscience and Nanotechnology.


	
H06G4A


	
Materials Physics for Nanotechnology


	Catholic University of Leuven	Belgium",CHEM534,Nanoscience and Nanotechnology.,H06G4A,Materials Physics for Nanotechnology,Catholic University of Leuven	Belgium
CHEM,1,CHEM534,CHEM534
CHEM,1,Nanoscience and Nanotechnology.,Nanoscience and Nanotechnology.
CHEM,1,H06G4A,H06G4A
CHEM,1,Materials Physics for Nanotechnology,Materials Physics for Nanotechnology
CHEM,1,"CHEM574


	
Introductory Polymer Chemistry.


	
28213


	
Polymer Technology


	Technical University of Denmark	Denmark",CHEM574,Introductory Polymer Chemistry.,28213,Polymer Technology,Technical University of Denmark	Denmark
CHEM,1,CHEM574,CHEM574
CHEM,1,Introductory Polymer Chemistry.,Introductory Polymer Chemistry.
CHEM,1,28213,28213
CHEM,1,Polymer Technology,Polymer Technology
CHEM,1,"CHEM574


	
Introductory Polymer Chemistry.


	
ABCT4740


	
POLYMER CHEMISTRY AND NANOTECHNOLOGY


	The Hong Kong Polytechnic University	Hong Kong, SAR",CHEM574,Introductory Polymer Chemistry.,ABCT4740,POLYMER CHEMISTRY AND NANOTECHNOLOGY,"The Hong Kong Polytechnic University	Hong Kong, SAR"
CHEM,1,CHEM574,CHEM574
CHEM,1,Introductory Polymer Chemistry.,Introductory Polymer Chemistry.
CHEM,1,ABCT4740,ABCT4740
CHEM,1,POLYMER CHEMISTRY AND NANOTECHNOLOGY,POLYMER CHEMISTRY AND NANOTECHNOLOGY
CHEM,1,"CHEM5XX


	
Chemistry 5XX


	
CH431


	
Physical and Computational Chemistry


	École Polytechnique Fédérale de Lausanne	Switzerland",CHEM5XX,Chemistry 5XX,CH431,Physical and Computational Chemistry,École Polytechnique Fédérale de Lausanne	Switzerland
CHEM,1,CHEM5XX,CHEM5XX
CHEM,1,Chemistry 5XX,Chemistry 5XX
CHEM,1,CH431,CH431
CHEM,1,Physical and Computational Chemistry,Physical and Computational Chemistry
CHEM,1,"CHEM5XX


	
Chemistry 5XX


	
CH452


	
Computational methods in molecular quantum mechanics


	École Polytechnique Fédérale de Lausanne	Switzerland",CHEM5XX,Chemistry 5XX,CH452,Computational methods in molecular quantum mechanics,École Polytechnique Fédérale de Lausanne	Switzerland
CHEM,1,CHEM5XX,CHEM5XX
CHEM,1,Chemistry 5XX,Chemistry 5XX
CHEM,1,CH452,CH452
CHEM,1,Computational methods in molecular quantum mechanics,Computational methods in molecular quantum mechanics
CHEM,1,"CHEM5XX


	
Chemistry 5XX


	
CHU33307


	
Solid State Materials and Modelling


	The University of Dublin (Trinity College)	Ireland",CHEM5XX,Chemistry 5XX,CHU33307,Solid State Materials and Modelling,The University of Dublin (Trinity College)	Ireland
CHEM,1,CHEM5XX,CHEM5XX
CHEM,1,Chemistry 5XX,Chemistry 5XX
CHEM,1,CHU33307,CHU33307
CHEM,1,Solid State Materials and Modelling,Solid State Materials and Modelling
CHEM,1,"CHEM5XX


	
Chemistry 5XX


	
CHU33442


	
Drug Design and Development


	The University of Dublin (Trinity College)	Ireland",CHEM5XX,Chemistry 5XX,CHU33442,Drug Design and Development,The University of Dublin (Trinity College)	Ireland
CHEM,1,CHEM5XX,CHEM5XX
CHEM,1,Chemistry 5XX,Chemistry 5XX
CHEM,1,CHU33442,CHU33442
CHEM,1,Drug Design and Development,Drug Design and Development
CHEM,1,"New Search	
	Refine Search",New Search,Refine Search
CHEM,1,"New Search	
	Refine Search",New Search,Refine Search
CLAS,1,"Legend:	
	  Equivalent
	
	  Not Equivalent
	
	  Expired",Legend:,Equivalent,Not Equivalent,Expired
CLAS,1,Equivalent,Equivalent
CLAS,1,Not Equivalent,Not Equivalent
CLAS,1,Expired,Expired
CLAS,1,"New Search	
	Refine Search",New Search,Refine Search
CLAS,1,"New Search	
	Refine Search",New Search,Refine Search
CLAS,1,"McGill University
	
External Institution",McGill University,External Institution
CLAS,1,"Course
	
Title
	
Course
	
Title
	
Institution
	
Country
	
Status",Course,Title,Course,Title,Institution,Country,Status
CLAS,1,"CLAS1XX


	
Classics 1XX


	
CLST150


	
Warfare in the Ancient World


	Queen's University	Canada",CLAS1XX,Classics 1XX,CLST150,Warfare in the Ancient World,Queen's University	Canada
CLAS,1,CLAS1XX,CLAS1XX
CLAS,1,Classics 1XX,Classics 1XX
CLAS,1,CLST150,CLST150
CLAS,1,Warfare in the Ancient World,Warfare in the Ancient World
CLAS,1,"CLAS201


	
Greece and Rome.


	
CLA160H1


	
Introduction to Classical Studies


	University of Toronto	Canada",CLAS201,Greece and Rome.,CLA160H1,Introduction to Classical Studies,University of Toronto	Canada
CLAS,1,CLAS201,CLAS201
CLAS,1,Greece and Rome.,Greece and Rome.
CLAS,1,CLA160H1,CLA160H1
CLAS,1,Introduction to Classical Studies,Introduction to Classical Studies
CLAS,1,"CLAS201


	
Greece and Rome.


	
CLU22202


	
Culture and Ideology in the Ancient World


	The University of Dublin (Trinity College)	Ireland",CLAS201,Greece and Rome.,CLU22202,Culture and Ideology in the Ancient World,The University of Dublin (Trinity College)	Ireland
CLAS,1,CLAS201,CLAS201
CLAS,1,Greece and Rome.,Greece and Rome.
CLAS,1,CLU22202,CLU22202
CLAS,1,Culture and Ideology in the Ancient World,Culture and Ideology in the Ancient World
CLAS,1,"CLAS201


	
Greece and Rome.


	
GRST205


	
Introduction to Greece and Rome


	University of Calgary	Canada",CLAS201,Greece and Rome.,GRST205,Introduction to Greece and Rome,University of Calgary	Canada
CLAS,1,CLAS201,CLAS201
CLAS,1,Greece and Rome.,Greece and Rome.
CLAS,1,GRST205,GRST205
CLAS,1,Introduction to Greece and Rome,Introduction to Greece and Rome
CLAS,1,"CLAS203


	
Greek Mythology


	
CLA204H1


	
Introduction to Classical Mythology


	University of Toronto	Canada",CLAS203,Greek Mythology,CLA204H1,Introduction to Classical Mythology,University of Toronto	Canada
CLAS,1,CLAS203,CLAS203
CLAS,1,Greek Mythology,Greek Mythology
CLAS,1,CLA204H1,CLA204H1
CLAS,1,Introduction to Classical Mythology,Introduction to Classical Mythology
CLAS,1,"CLAS203


	
Greek Mythology.


	
01190207


	
Greek and Roman Mythology


	Rutgers University - New Brunswick Campus	USA",CLAS203,Greek Mythology.,01190207,Greek and Roman Mythology,Rutgers University - New Brunswick Campus	USA
CLAS,1,CLAS203,CLAS203
CLAS,1,Greek Mythology.,Greek Mythology.
CLAS,1,01190207,01190207
CLAS,1,Greek and Roman Mythology,Greek and Roman Mythology
CLAS,1,"CLAS203


	
Greek Mythology.


	
112222266Y


	
Classical Mythology


	University of Amsterdam	Netherlands",CLAS203,Greek Mythology.,112222266Y,Classical Mythology,University of Amsterdam	Netherlands
CLAS,1,CLAS203,CLAS203
CLAS,1,Greek Mythology.,Greek Mythology.
CLAS,1,112222266Y,112222266Y
CLAS,1,Classical Mythology,Classical Mythology
CLAS,1,"CLAS203


	
Greek Mythology.


	
260


	
Classical Mythology


	John Cabot University	Italy",CLAS203,Greek Mythology.,260,Classical Mythology,John Cabot University	Italy
CLAS,1,CLAS203,CLAS203
CLAS,1,Greek Mythology.,Greek Mythology.
CLAS,1,260,260
CLAS,1,Classical Mythology,Classical Mythology
CLAS,1,"CLAS203


	
Greek Mythology.


	
ANCIENT110


	
Classical Mythology


	The University of Auckland / Te Whare Wananga o Tamaki Makaurau	New Zealand",CLAS203,Greek Mythology.,ANCIENT110,Classical Mythology,The University of Auckland / Te Whare Wananga o Tamaki Makaurau	New Zealand
CLAS,1,CLAS203,CLAS203
CLAS,1,Greek Mythology.,Greek Mythology.
CLAS,1,ANCIENT110,ANCIENT110
CLAS,1,Classical Mythology,Classical Mythology
CLAS,1,"CLAS203


	
Greek Mythology.


	
ANCW20015


	
Classical Mythology


	University of Melbourne	Australia",CLAS203,Greek Mythology.,ANCW20015,Classical Mythology,University of Melbourne	Australia
CLAS,1,CLAS203,CLAS203
CLAS,1,Greek Mythology.,Greek Mythology.
CLAS,1,ANCW20015,ANCW20015
CLAS,1,Classical Mythology,Classical Mythology
CLAS,1,"CLAS203


	
Greek Mythology.


	
ANHS1602


	
Greek and Roman Myth


	University of Sydney	Australia",CLAS203,Greek Mythology.,ANHS1602,Greek and Roman Myth,University of Sydney	Australia
CLAS,1,CLAS203,CLAS203
CLAS,1,Greek Mythology.,Greek Mythology.
CLAS,1,ANHS1602,ANHS1602
CLAS,1,Greek and Roman Myth,Greek and Roman Myth
CLAS,1,"CLAS203


	
Greek Mythology.


	
ANT2800


	
Classical Mythology


	University of Oslo	Norway",CLAS203,Greek Mythology.,ANT2800,Classical Mythology,University of Oslo	Norway
CLAS,1,CLAS203,CLAS203
CLAS,1,Greek Mythology.,Greek Mythology.
CLAS,1,ANT2800,ANT2800
CLAS,1,Classical Mythology,Classical Mythology
CLAS,1,"CLAS203


	
Greek Mythology.


	
ARTS2542


	
Gods, Heroines and Heroes in Greek Myth


	University of New South Wales (UNSW)	Australia",CLAS203,Greek Mythology.,ARTS2542,"Gods, Heroines and Heroes in Greek Myth",University of New South Wales (UNSW)	Australia
CLAS,1,CLAS203,CLAS203
CLAS,1,Greek Mythology.,Greek Mythology.
CLAS,1,ARTS2542,ARTS2542
CLAS,1,"Gods, Heroines and Heroes in Greek Myth","Gods, Heroines and Heroes in Greek Myth"
CLAS,1,"CLAS203


	
Greek Mythology.


	
CC1101


	
Mythology and the City in Ancient Greece


	University of Galway(Post 2022)	Ireland",CLAS203,Greek Mythology.,CC1101,Mythology and the City in Ancient Greece,University of Galway(Post 2022)	Ireland
CLAS,1,CLAS203,CLAS203
CLAS,1,Greek Mythology.,Greek Mythology.
CLAS,1,CC1101,CC1101
CLAS,1,Mythology and the City in Ancient Greece,Mythology and the City in Ancient Greece
CLAS,1,"CLAS203


	
Greek Mythology.


	
CLA204H5


	
Introduction to Classical Mythology


	University of Toronto	Canada",CLAS203,Greek Mythology.,CLA204H5,Introduction to Classical Mythology,University of Toronto	Canada
CLAS,1,CLAS203,CLAS203
CLAS,1,Greek Mythology.,Greek Mythology.
CLAS,1,CLA204H5,CLA204H5
CLAS,1,Introduction to Classical Mythology,Introduction to Classical Mythology
CLAS,1,"CLAS203


	
Greek Mythology.


	
CLAS0001


	
Greek Myth: Its use and meaning


	University College London (UCL) - University of London	England, UK",CLAS203,Greek Mythology.,CLAS0001,Greek Myth: Its use and meaning,"University College London (UCL) - University of London	England, UK"
CLAS,1,CLAS203,CLAS203
CLAS,1,Greek Mythology.,Greek Mythology.
CLAS,1,CLAS0001,CLAS0001
CLAS,1,Greek Myth: Its use and meaning,Greek Myth: Its use and meaning
CLAS,1,"CLAS203


	
Greek Mythology.


	
CLAS104


	
Classical Mythology


	University of Waterloo	Canada",CLAS203,Greek Mythology.,CLAS104,Classical Mythology,University of Waterloo	Canada
CLAS,1,CLAS203,CLAS203
CLAS,1,Greek Mythology.,Greek Mythology.
CLAS,1,CLAS104,CLAS104
CLAS,1,Classical Mythology,Classical Mythology
CLAS,1,"CLAS203


	
Greek Mythology.


	
CLAS105


	
Greek Mythology


	University of Otago / Te Whare Wananga o Otago	New Zealand",CLAS203,Greek Mythology.,CLAS105,Greek Mythology,University of Otago / Te Whare Wananga o Otago	New Zealand
CLAS,1,CLAS203,CLAS203
CLAS,1,Greek Mythology.,Greek Mythology.
CLAS,1,CLAS105,CLAS105
CLAS,1,Greek Mythology,Greek Mythology
CLAS,1,"CLAS203


	
Greek Mythology.


	
CLAS2000


	
Classical Mythology


	University of Guelph	Canada",CLAS203,Greek Mythology.,CLAS2000,Classical Mythology,University of Guelph	Canada
CLAS,1,CLAS203,CLAS203
CLAS,1,Greek Mythology.,Greek Mythology.
CLAS,1,CLAS2000,CLAS2000
CLAS,1,Classical Mythology,Classical Mythology
CLAS,1,"CLAS203


	
Greek Mythology.


	
CLASS102


	
Greek and Roman Mythology


	University of Alberta	Canada",CLAS203,Greek Mythology.,CLASS102,Greek and Roman Mythology,University of Alberta	Canada
CLAS,1,CLAS203,CLAS203
CLAS,1,Greek Mythology.,Greek Mythology.
CLAS,1,CLASS102,CLASS102
CLAS,1,Greek and Roman Mythology,Greek and Roman Mythology
CLAS,1,"CLAS203


	
Greek Mythology.


	
HL2040


	
Adaptations of Greek Mythology


	Nanyang Technological University	Singapore",CLAS203,Greek Mythology.,HL2040,Adaptations of Greek Mythology,Nanyang Technological University	Singapore
CLAS,1,CLAS203,CLAS203
CLAS,1,Greek Mythology.,Greek Mythology.
CLAS,1,HL2040,HL2040
CLAS,1,Adaptations of Greek Mythology,Adaptations of Greek Mythology
CLAS,1,"CLAS203


	
Greek Mythology.


	
HUM237


	
Méditerranée antique : dieux, héros et monstres


	École Polytechnique Fédérale de Lausanne	Switzerland",CLAS203,Greek Mythology.,HUM237,"Méditerranée antique : dieux, héros et monstres",École Polytechnique Fédérale de Lausanne	Switzerland
CLAS,1,CLAS203,CLAS203
CLAS,1,Greek Mythology.,Greek Mythology.
CLAS,1,HUM237,HUM237
CLAS,1,"Méditerranée antique : dieux, héros et monstres","Méditerranée antique : dieux, héros et monstres"
CLAS,1,"CLAS203


	
Greek Mythology.


	
HUMS2471


	
Ancient Greek Mythology


	Hubei University of Technology	China",CLAS203,Greek Mythology.,HUMS2471,Ancient Greek Mythology,Hubei University of Technology	China
CLAS,1,CLAS203,CLAS203
CLAS,1,Greek Mythology.,Greek Mythology.
CLAS,1,HUMS2471,HUMS2471
CLAS,1,Ancient Greek Mythology,Ancient Greek Mythology
CLAS,1,"CLAS210


	
Introductory Latin 1.


	
LAT201


	
Intermediate Latin I


	Bard College	USA",CLAS210,Introductory Latin 1.,LAT201,Intermediate Latin I,Bard College	USA
CLAS,1,CLAS210,CLAS210
CLAS,1,Introductory Latin 1.,Introductory Latin 1.
CLAS,1,LAT201,LAT201
CLAS,1,Intermediate Latin I,Intermediate Latin I
CLAS,1,"CLAS210


	
Introductory Latin 1.


	
LATN1110


	
Introductory Latin


	University of Queensland (UQ)	Australia",CLAS210,Introductory Latin 1.,LATN1110,Introductory Latin,University of Queensland (UQ)	Australia
CLAS,1,CLAS210,CLAS210
CLAS,1,Introductory Latin 1.,Introductory Latin 1.
CLAS,1,LATN1110,LATN1110
CLAS,1,Introductory Latin,Introductory Latin
CLAS,1,"CLAS212


	
Introductory Latin 2.


	
LT1150


	
Elementary Latin II


	Rockhurst University	USA",CLAS212,Introductory Latin 2.,LT1150,Elementary Latin II,Rockhurst University	USA
CLAS,1,CLAS212,CLAS212
CLAS,1,Introductory Latin 2.,Introductory Latin 2.
CLAS,1,LT1150,LT1150
CLAS,1,Elementary Latin II,Elementary Latin II
CLAS,1,"CLAS220


	
Introductory Ancient Greek 1.


	
CLU12313


	
Elementary Greek I


	The University of Dublin (Trinity College)	Ireland",CLAS220,Introductory Ancient Greek 1.,CLU12313,Elementary Greek I,The University of Dublin (Trinity College)	Ireland
CLAS,1,CLAS220,CLAS220
CLAS,1,Introductory Ancient Greek 1.,Introductory Ancient Greek 1.
CLAS,1,CLU12313,CLU12313
CLAS,1,Elementary Greek I,Elementary Greek I
CLAS,1,"CLAS220


	
Introductory Ancient Greek 1.


	
E000003468


	
Greek 1


	Comillas Pontifical University	Spain",CLAS220,Introductory Ancient Greek 1.,E000003468,Greek 1,Comillas Pontifical University	Spain
CLAS,1,CLAS220,CLAS220
CLAS,1,Introductory Ancient Greek 1.,Introductory Ancient Greek 1.
CLAS,1,E000003468,E000003468
CLAS,1,Greek 1,Greek 1
CLAS,1,"CLAS220


	
Introductory Ancient Greek 1.


	
GREK1110


	
Introductory Greek


	University of Queensland (UQ)	Australia",CLAS220,Introductory Ancient Greek 1.,GREK1110,Introductory Greek,University of Queensland (UQ)	Australia
CLAS,1,CLAS220,CLAS220
CLAS,1,Introductory Ancient Greek 1.,Introductory Ancient Greek 1.
CLAS,1,GREK1110,GREK1110
CLAS,1,Introductory Greek,Introductory Greek
CLAS,1,"CLAS230D1


	
Introductory Modern Greek.


	
HUM120


	
Humanities 120 Understanding Greek life and culture


	American College of Thessaloniki	Greece",CLAS230D1,Introductory Modern Greek.,HUM120,Humanities 120 Understanding Greek life and culture,American College of Thessaloniki	Greece
CLAS,1,CLAS230D1,CLAS230D1
CLAS,1,Introductory Modern Greek.,Introductory Modern Greek.
CLAS,1,HUM120,HUM120
CLAS,1,Humanities 120 Understanding Greek life and culture,Humanities 120 Understanding Greek life and culture
CLAS,1,"CLAS240


	
Introduction to Classical Archaeology.


	
4AACAH01


	
Art and Archaeology of Greece and Rome


	University of London - King's College London	England, UK",CLAS240,Introduction to Classical Archaeology.,4AACAH01,Art and Archaeology of Greece and Rome,"University of London - King's College London	England, UK"
CLAS,1,CLAS240,CLAS240
CLAS,1,Introduction to Classical Archaeology.,Introduction to Classical Archaeology.
CLAS,1,4AACAH01,4AACAH01
CLAS,1,Art and Archaeology of Greece and Rome,Art and Archaeology of Greece and Rome
CLAS,1,"CLAS240


	
Introduction to Classical Archaeology.


	
CLU33217


	
Visual and Material Culture in the Ancient World


	The University of Dublin (Trinity College)	Ireland",CLAS240,Introduction to Classical Archaeology.,CLU33217,Visual and Material Culture in the Ancient World,The University of Dublin (Trinity College)	Ireland
CLAS,1,CLAS240,CLAS240
CLAS,1,Introduction to Classical Archaeology.,Introduction to Classical Archaeology.
CLAS,1,CLU33217,CLU33217
CLAS,1,Visual and Material Culture in the Ancient World,Visual and Material Culture in the Ancient World
CLAS,1,"CLAS2XX


	
Classics 2XX


	
AKA500121


	
Greek sanctuaries: archaeological perspective


	Charles University in Prague	Czech Republic",CLAS2XX,Classics 2XX,AKA500121,Greek sanctuaries: archaeological perspective,Charles University in Prague	Czech Republic
CLAS,1,CLAS2XX,CLAS2XX
CLAS,1,Classics 2XX,Classics 2XX
CLAS,1,AKA500121,AKA500121
CLAS,1,Greek sanctuaries: archaeological perspective,Greek sanctuaries: archaeological perspective
CLAS,1,"CLAS2XX


	
Classics 2XX


	
ARCL0001


	
Introduction to Roman Archaeology


	University College London (UCL) - University of London	England, UK",CLAS2XX,Classics 2XX,ARCL0001,Introduction to Roman Archaeology,"University College London (UCL) - University of London	England, UK"
CLAS,1,CLAS2XX,CLAS2XX
CLAS,1,Classics 2XX,Classics 2XX
CLAS,1,ARCL0001,ARCL0001
CLAS,1,Introduction to Roman Archaeology,Introduction to Roman Archaeology
CLAS,1,"CLAS2XX


	
Classics 2XX


	
CLAS0136


	
Greek Comedy


	University College London (UCL) - University of London	England, UK",CLAS2XX,Classics 2XX,CLAS0136,Greek Comedy,"University College London (UCL) - University of London	England, UK"
CLAS,1,CLAS2XX,CLAS2XX
CLAS,1,Classics 2XX,Classics 2XX
CLAS,1,CLAS0136,CLAS0136
CLAS,1,Greek Comedy,Greek Comedy
CLAS,1,"CLAS2XX


	
Classics 2XX


	
CLAS0146


	
Ancient Emotions in the Modern World


	University College London (UCL) - University of London	England, UK",CLAS2XX,Classics 2XX,CLAS0146,Ancient Emotions in the Modern World,"University College London (UCL) - University of London	England, UK"
CLAS,1,CLAS2XX,CLAS2XX
CLAS,1,Classics 2XX,Classics 2XX
CLAS,1,CLAS0146,CLAS0146
CLAS,1,Ancient Emotions in the Modern World,Ancient Emotions in the Modern World
CLAS,1,"CLAS2XX


	
Classics 2XX


	
CLAS109


	
Roman Social History: Slaves, Gladiators, Prostitutes


	University of Otago / Te Whare Wananga o Otago	New Zealand",CLAS2XX,Classics 2XX,CLAS109,"Roman Social History: Slaves, Gladiators, Prostitutes",University of Otago / Te Whare Wananga o Otago	New Zealand
CLAS,1,CLAS2XX,CLAS2XX
CLAS,1,Classics 2XX,Classics 2XX
CLAS,1,CLAS109,CLAS109
CLAS,1,"Roman Social History: Slaves, Gladiators, Prostitutes","Roman Social History: Slaves, Gladiators, Prostitutes"
CLAS,1,"CLAS2XX


	
Classics 2XX


	
CLAS1400


	
The Roman World: An Introduction


	University of Leeds	England, UK",CLAS2XX,Classics 2XX,CLAS1400,The Roman World: An Introduction,"University of Leeds	England, UK"
CLAS,1,CLAS2XX,CLAS2XX
CLAS,1,Classics 2XX,Classics 2XX
CLAS,1,CLAS1400,CLAS1400
CLAS,1,The Roman World: An Introduction,The Roman World: An Introduction
CLAS,1,"CLAS2XX


	
Classics 2XX


	
CLASS103


	
INTRO TO ANCIENT GREECE


	University of Alberta	Canada",CLAS2XX,Classics 2XX,CLASS103,INTRO TO ANCIENT GREECE,University of Alberta	Canada
CLAS,1,CLAS2XX,CLAS2XX
CLAS,1,Classics 2XX,Classics 2XX
CLAS,1,CLASS103,CLASS103
CLAS,1,INTRO TO ANCIENT GREECE,INTRO TO ANCIENT GREECE
CLAS,1,"CLAS2XX


	
Classics 2XX


	
CLGE08001


	
The Greek World 1A: Greece in the Making


	The University of Edinburgh	Scotland, UK",CLAS2XX,Classics 2XX,CLGE08001,The Greek World 1A: Greece in the Making,"The University of Edinburgh	Scotland, UK"
CLAS,1,CLAS2XX,CLAS2XX
CLAS,1,Classics 2XX,Classics 2XX
CLAS,1,CLGE08001,CLGE08001
CLAS,1,The Greek World 1A: Greece in the Making,The Greek World 1A: Greece in the Making
CLAS,1,"CLAS2XX


	
Classics 2XX


	
CLGE080032023


	
The Roman World 1A: The Rise of Rome


	The University of Edinburgh	Scotland, UK",CLAS2XX,Classics 2XX,CLGE080032023,The Roman World 1A: The Rise of Rome,"The University of Edinburgh	Scotland, UK"
CLAS,1,CLAS2XX,CLAS2XX
CLAS,1,Classics 2XX,Classics 2XX
CLAS,1,CLGE080032023,CLGE080032023
CLAS,1,The Roman World 1A: The Rise of Rome,The Roman World 1A: The Rise of Rome
CLAS,1,"CLAS2XX


	
Classics 2XX


	
CLU11102


	
Introduction to Roman History


	The University of Dublin (Trinity College)	Ireland",CLAS2XX,Classics 2XX,CLU11102,Introduction to Roman History,The University of Dublin (Trinity College)	Ireland
CLAS,1,CLAS2XX,CLAS2XX
CLAS,1,Classics 2XX,Classics 2XX
CLAS,1,CLU11102,CLU11102
CLAS,1,Introduction to Roman History,Introduction to Roman History
CLAS,1,"CLAS2XX


	
Classics 2XX


	
CLU11106


	
Introduction to Roman Art and Architecture


	The University of Dublin (Trinity College)	Ireland",CLAS2XX,Classics 2XX,CLU11106,Introduction to Roman Art and Architecture,The University of Dublin (Trinity College)	Ireland
CLAS,1,CLAS2XX,CLAS2XX
CLAS,1,Classics 2XX,Classics 2XX
CLAS,1,CLU11106,CLU11106
CLAS,1,Introduction to Roman Art and Architecture,Introduction to Roman Art and Architecture
CLAS,1,"CLAS2XX


	
Classics 2XX


	
CLU22201


	
Heroism Identity and Authority


	The University of Dublin (Trinity College)	Ireland",CLAS2XX,Classics 2XX,CLU22201,Heroism Identity and Authority,The University of Dublin (Trinity College)	Ireland
CLAS,1,CLAS2XX,CLAS2XX
CLAS,1,Classics 2XX,Classics 2XX
CLAS,1,CLU22201,CLU22201
CLAS,1,Heroism Identity and Authority,Heroism Identity and Authority
CLAS,1,"CLAS2XX


	
Classics 2XX


	
CLU22203


	
Gender and Sexuality in the Ancient World


	The University of Dublin (Trinity College)	Ireland",CLAS2XX,Classics 2XX,CLU22203,Gender and Sexuality in the Ancient World,The University of Dublin (Trinity College)	Ireland
CLAS,1,CLAS2XX,CLAS2XX
CLAS,1,Classics 2XX,Classics 2XX
CLAS,1,CLU22203,CLU22203
CLAS,1,Gender and Sexuality in the Ancient World,Gender and Sexuality in the Ancient World
CLAS,1,"CLAS2XX


	
Classics 2XX


	
GRC10200


	
Classical greece


	University College Dublin	Ireland",CLAS2XX,Classics 2XX,GRC10200,Classical greece,University College Dublin	Ireland
CLAS,1,CLAS2XX,CLAS2XX
CLAS,1,Classics 2XX,Classics 2XX
CLAS,1,GRC10200,GRC10200
CLAS,1,Classical greece,Classical greece
CLAS,1,"CLAS2XX


	
Classics 2XX


	
GRC20220


	
Greeks, Romans and Barbarians


	University College Dublin	Ireland",CLAS2XX,Classics 2XX,GRC20220,"Greeks, Romans and Barbarians",University College Dublin	Ireland
CLAS,1,CLAS2XX,CLAS2XX
CLAS,1,Classics 2XX,Classics 2XX
CLAS,1,GRC20220,GRC20220
CLAS,1,"Greeks, Romans and Barbarians","Greeks, Romans and Barbarians"
CLAS,1,"CLAS2XX


	
Classics 2XX


	
HDCB01152U


	
DCC Nordic Mythology


	University of Copenhagen	Denmark",CLAS2XX,Classics 2XX,HDCB01152U,DCC Nordic Mythology,University of Copenhagen	Denmark
CLAS,1,CLAS2XX,CLAS2XX
CLAS,1,Classics 2XX,Classics 2XX
CLAS,1,HDCB01152U,HDCB01152U
CLAS,1,DCC Nordic Mythology,DCC Nordic Mythology
CLAS,1,"CLAS2XX


	
Classics 2XX


	
N1S2


	
Introduction au latin (N1S2) TD4


	Université Panthéon Sorbonne (Paris I)	France",CLAS2XX,Classics 2XX,N1S2,Introduction au latin (N1S2) TD4,Université Panthéon Sorbonne (Paris I)	France
CLAS,1,CLAS2XX,CLAS2XX
CLAS,1,Classics 2XX,Classics 2XX
CLAS,1,N1S2,N1S2
CLAS,1,Introduction au latin (N1S2) TD4,Introduction au latin (N1S2) TD4
CLAS,1,"CLAS2XX


	
Classics 2XX


	
UHUM1225


	
Antiquité grecque et son héritage (L')


	Institut d'Études Politiques (Sciences Po) (ALL CAMPUSES)	France",CLAS2XX,Classics 2XX,UHUM1225,Antiquité grecque et son héritage (L'),Institut d'Études Politiques (Sciences Po) (ALL CAMPUSES)	France
CLAS,1,CLAS2XX,CLAS2XX
CLAS,1,Classics 2XX,Classics 2XX
CLAS,1,UHUM1225,UHUM1225
CLAS,1,Antiquité grecque et son héritage (L'),Antiquité grecque et son héritage (L')
CLAS,1,"CLAS310


	
Intermediate Latin 1.


	
LATI08011


	
Latin 2A


	The University of Edinburgh	Scotland, UK",CLAS310,Intermediate Latin 1.,LATI08011,Latin 2A,"The University of Edinburgh	Scotland, UK"
CLAS,1,CLAS310,CLAS310
CLAS,1,Intermediate Latin 1.,Intermediate Latin 1.
CLAS,1,LATI08011,LATI08011
CLAS,1,Latin 2A,Latin 2A
CLAS,1,"CLAS312


	
Intermediate Latin 2.


	
301


	
Sallust, Cicero, and ""The Catilinarian Conspiracy""


	University of Wisconsin - Madison	USA",CLAS312,Intermediate Latin 2.,301,"Sallust, Cicero, and ""The Catilinarian Conspiracy""",University of Wisconsin - Madison	USA
CLAS,1,CLAS312,CLAS312
CLAS,1,Intermediate Latin 2.,Intermediate Latin 2.
CLAS,1,301,301
CLAS,1,"Sallust, Cicero, and ""The Catilinarian Conspiracy""","Sallust, Cicero, and ""The Catilinarian Conspiracy"""
CLAS,1,"CLAS312


	
Intermediate Latin 2.


	
LAT204


	
Readings in Latin Literature


	Bard College	USA",CLAS312,Intermediate Latin 2.,LAT204,Readings in Latin Literature,Bard College	USA
CLAS,1,CLAS312,CLAS312
CLAS,1,Intermediate Latin 2.,Intermediate Latin 2.
CLAS,1,LAT204,LAT204
CLAS,1,Readings in Latin Literature,Readings in Latin Literature
CLAS,1,"CLAS345


	
Study Tour: Greece.


	
HGL3170


	
Voyage d’études (section Attica and the Peloponnese)


	Universite de Montreal	Canada",CLAS345,Study Tour: Greece.,HGL3170,Voyage d’études (section Attica and the Peloponnese),Universite de Montreal	Canada
CLAS,1,CLAS345,CLAS345
CLAS,1,Study Tour: Greece.,Study Tour: Greece.
CLAS,1,HGL3170,HGL3170
CLAS,1,Voyage d’études (section Attica and the Peloponnese),Voyage d’études (section Attica and the Peloponnese)
CLAS,1,"CLAS350


	
Special Topics in Classics.


	
CLASSIC1001


	
Classical Civilisation 1A: Early Greece, From Troy To Plataea


	The University of Glasgow	Scotland, UK",CLAS350,Special Topics in Classics.,CLASSIC1001,"Classical Civilisation 1A: Early Greece, From Troy To Plataea","The University of Glasgow	Scotland, UK"
CLAS,1,CLAS350,CLAS350
CLAS,1,Special Topics in Classics.,Special Topics in Classics.
CLAS,1,CLASSIC1001,CLASSIC1001
CLAS,1,"Classical Civilisation 1A: Early Greece, From Troy To Plataea","Classical Civilisation 1A: Early Greece, From Troy To Plataea"
CLAS,1,"CLAS3XX


	
Classics 3XX


	
CHUM25F10


	
De la crise démocratique à #MeToo : les enjeux contemporains au miroir de l'Antiquité


	Institut d'Études Politiques (Sciences Po) (ALL CAMPUSES)	France",CLAS3XX,Classics 3XX,CHUM25F10,De la crise démocratique à #MeToo : les enjeux contemporains au miroir de l'Antiquité,Institut d'Études Politiques (Sciences Po) (ALL CAMPUSES)	France
CLAS,1,CLAS3XX,CLAS3XX
CLAS,1,Classics 3XX,Classics 3XX
CLAS,1,CHUM25F10,CHUM25F10
CLAS,1,De la crise démocratique à #MeToo : les enjeux contemporains au miroir de l'Antiquité,De la crise démocratique à #MeToo : les enjeux contemporains au miroir de l'Antiquité
CLAS,1,"CLAS3XX


	
Classics 3XX


	
UHUM1220


	
Humanités classiques : Latin et enjeux de la civilisation latine


	Institut d'Études Politiques (Sciences Po) (ALL CAMPUSES)	France",CLAS3XX,Classics 3XX,UHUM1220,Humanités classiques : Latin et enjeux de la civilisation latine,Institut d'Études Politiques (Sciences Po) (ALL CAMPUSES)	France
CLAS,1,CLAS3XX,CLAS3XX
CLAS,1,Classics 3XX,Classics 3XX
CLAS,1,UHUM1220,UHUM1220
CLAS,1,Humanités classiques : Latin et enjeux de la civilisation latine,Humanités classiques : Latin et enjeux de la civilisation latine
CLAS,1,"CLAS412


	
Advanced Latin: Themes.


	
539


	
Tacitus and the Women of Julio-Claudian Rome


	University of Wisconsin - Madison	USA",CLAS412,Advanced Latin: Themes.,539,Tacitus and the Women of Julio-Claudian Rome,University of Wisconsin - Madison	USA
CLAS,1,CLAS412,CLAS412
CLAS,1,Advanced Latin: Themes.,Advanced Latin: Themes.
CLAS,1,539,539
CLAS,1,Tacitus and the Women of Julio-Claudian Rome,Tacitus and the Women of Julio-Claudian Rome
CLAS,1,"CLAS610


	
Readings in Latin Literature.


	
4AACAL1B


	
Latin Literature: An Introduction


	University of London - King's College London	England, UK",CLAS610,Readings in Latin Literature.,4AACAL1B,Latin Literature: An Introduction,"University of London - King's College London	England, UK"
CLAS,1,CLAS610,CLAS610
CLAS,1,Readings in Latin Literature.,Readings in Latin Literature.
CLAS,1,4AACAL1B,4AACAL1B
CLAS,1,Latin Literature: An Introduction,Latin Literature: An Introduction
CLAS,1,"CLASXXX


	
Classics XXX


	
80960182


	
Comparing Classical Cultures


	Tsinghua University	China",CLASXXX,Classics XXX,80960182,Comparing Classical Cultures,Tsinghua University	China
CLAS,1,CLASXXX,CLASXXX
CLAS,1,Classics XXX,Classics XXX
CLAS,1,80960182,80960182
CLAS,1,Comparing Classical Cultures,Comparing Classical Cultures
CLAS,1,"CLASXXX


	
Classics XXX


	
CLAS20071


	
The Hellenistic World


	University of Bristol	England, UK",CLASXXX,Classics XXX,CLAS20071,The Hellenistic World,"University of Bristol	England, UK"
CLAS,1,CLASXXX,CLASXXX
CLAS,1,Classics XXX,Classics XXX
CLAS,1,CLAS20071,CLAS20071
CLAS,1,The Hellenistic World,The Hellenistic World
CLAS,1,"New Search	
	Refine Search",New Search,Refine Search
CLAS,1,"New Search	
	Refine Search",New Search,Refine Search
COMP,1,"Legend:	
	  Equivalent
	
	  Not Equivalent
	
	  Expired",Legend:,Equivalent,Not Equivalent,Expired
COMP,1,Equivalent,Equivalent
COMP,1,Not Equivalent,Not Equivalent
COMP,1,Expired,Expired
COMP,1,"New Search	
	Refine Search",New Search,Refine Search
COMP,1,"New Search	
	Refine Search",New Search,Refine Search
COMP,1,"McGill University
	
External Institution",McGill University,External Institution
COMP,1,"Course
	
Title
	
Course
	
Title
	
Institution
	
Country
	
Status",Course,Title,Course,Title,Institution,Country,Status
COMP,1,"COMP1XX


	
Computer Science (Sci) 1XX


	
03SM22BIS018


	
Best Practices and Guidelines for Visualization


	University of Zurich	Switzerland",COMP1XX,Computer Science (Sci) 1XX,03SM22BIS018,Best Practices and Guidelines for Visualization,University of Zurich	Switzerland
COMP,1,COMP1XX,COMP1XX
COMP,1,Computer Science (Sci) 1XX,Computer Science (Sci) 1XX
COMP,1,03SM22BIS018,03SM22BIS018
COMP,1,Best Practices and Guidelines for Visualization,Best Practices and Guidelines for Visualization
COMP,1,"COMP1XX


	
Computer Science (Sci) 1XX


	
08C321688


	
Research Methods for International Relations


	The University of Tokyo	Japan",COMP1XX,Computer Science (Sci) 1XX,08C321688,Research Methods for International Relations,The University of Tokyo	Japan
COMP,1,COMP1XX,COMP1XX
COMP,1,Computer Science (Sci) 1XX,Computer Science (Sci) 1XX
COMP,1,08C321688,08C321688
COMP,1,Research Methods for International Relations,Research Methods for International Relations
COMP,1,"COMP1XX


	
Computer Science (Sci) 1XX


	
AOKOM02T1


	
Computer Science


	University Medical School of Debrecen	Hungary",COMP1XX,Computer Science (Sci) 1XX,AOKOM02T1,Computer Science,University Medical School of Debrecen	Hungary
COMP,1,COMP1XX,COMP1XX
COMP,1,Computer Science (Sci) 1XX,Computer Science (Sci) 1XX
COMP,1,AOKOM02T1,AOKOM02T1
COMP,1,Computer Science,Computer Science
COMP,1,"COMP1XX


	
Computer Science (Sci) 1XX


	
COMP210


	
Introduction to Information Systems and Computer Applications


	Athabasca University	Canada",COMP1XX,Computer Science (Sci) 1XX,COMP210,Introduction to Information Systems and Computer Applications,Athabasca University	Canada
COMP,1,COMP1XX,COMP1XX
COMP,1,Computer Science (Sci) 1XX,Computer Science (Sci) 1XX
COMP,1,COMP210,COMP210
COMP,1,Introduction to Information Systems and Computer Applications,Introduction to Information Systems and Computer Applications
COMP,1,"COMP1XX


	
Computer Science (Sci) 1XX


	
COMP214


	
Interactive Technologies


	Athabasca University	Canada",COMP1XX,Computer Science (Sci) 1XX,COMP214,Interactive Technologies,Athabasca University	Canada
COMP,1,COMP1XX,COMP1XX
COMP,1,Computer Science (Sci) 1XX,Computer Science (Sci) 1XX
COMP,1,COMP214,COMP214
COMP,1,Interactive Technologies,Interactive Technologies
COMP,1,"COMP1XX


	
Computer Science (Sci) 1XX


	
COMPSCI1016


	
Introduction to computational thinking


	The University of Glasgow	Scotland, UK",COMP1XX,Computer Science (Sci) 1XX,COMPSCI1016,Introduction to computational thinking,"The University of Glasgow	Scotland, UK"
COMP,1,COMP1XX,COMP1XX
COMP,1,Computer Science (Sci) 1XX,Computer Science (Sci) 1XX
COMP,1,COMPSCI1016,COMPSCI1016
COMP,1,Introduction to computational thinking,Introduction to computational thinking
COMP,1,"COMP1XX


	
Computer Science (Sci) 1XX


	
SM2231


	
3D ANIMATION I - BASIC


	City University of Hong Kong	Hong Kong, SAR",COMP1XX,Computer Science (Sci) 1XX,SM2231,3D ANIMATION I - BASIC,"City University of Hong Kong	Hong Kong, SAR"
COMP,1,COMP1XX,COMP1XX
COMP,1,Computer Science (Sci) 1XX,Computer Science (Sci) 1XX
COMP,1,SM2231,SM2231
COMP,1,3D ANIMATION I - BASIC,3D ANIMATION I - BASIC
COMP,1,"COMP202


	
Foundations of Programming.


	
02312


	
Introductory Programming


	Technical University of Denmark	Denmark",COMP202,Foundations of Programming.,02312,Introductory Programming,Technical University of Denmark	Denmark
COMP,1,COMP202,COMP202
COMP,1,Foundations of Programming.,Foundations of Programming.
COMP,1,02312,02312
COMP,1,Introductory Programming,Introductory Programming
COMP,1,"COMP202


	
Foundations of Programming.


	
4IZ565


	
Programming for data science in Python


	Prague University of Economics and Business (VSE)	Czech Republic",COMP202,Foundations of Programming.,4IZ565,Programming for data science in Python,Prague University of Economics and Business (VSE)	Czech Republic
COMP,1,COMP202,COMP202
COMP,1,Foundations of Programming.,Foundations of Programming.
COMP,1,4IZ565,4IZ565
COMP,1,Programming for data science in Python,Programming for data science in Python
COMP,1,"COMP204


	
Computer Programming for Life Sciences.


	
104383


	
Introduction to Programming


	Autonomous University of Barcelona	Spain",COMP204,Computer Programming for Life Sciences.,104383,Introduction to Programming,Autonomous University of Barcelona	Spain
COMP,1,COMP204,COMP204
COMP,1,Computer Programming for Life Sciences.,Computer Programming for Life Sciences.
COMP,1,104383,104383
COMP,1,Introduction to Programming,Introduction to Programming
COMP,1,"COMP208


	
Computer Programming for Physical Sciences and Engineering .


	
COMP218


	
Introduction to Computer Programming with Python


	Athabasca University	Canada",COMP208,Computer Programming for Physical Sciences and Engineering .,COMP218,Introduction to Computer Programming with Python,Athabasca University	Canada
COMP,1,COMP208,COMP208
COMP,1,Computer Programming for Physical Sciences and Engineering .,Computer Programming for Physical Sciences and Engineering .
COMP,1,COMP218,COMP218
COMP,1,Introduction to Computer Programming with Python,Introduction to Computer Programming with Python
COMP,1,"COMP251


	
Algorithms and Data Structures.


	
02110


	
Algorithms and Data Structures 2


	Technical University of Denmark	Denmark",COMP251,Algorithms and Data Structures.,02110,Algorithms and Data Structures 2,Technical University of Denmark	Denmark
COMP,1,COMP251,COMP251
COMP,1,Algorithms and Data Structures.,Algorithms and Data Structures.
COMP,1,02110,02110
COMP,1,Algorithms and Data Structures 2,Algorithms and Data Structures 2
COMP,1,"COMP251


	
Algorithms and Data Structures.


	
COMS20010


	
Algorithm ll


	University of Bristol	England, UK",COMP251,Algorithms and Data Structures.,COMS20010,Algorithm ll,"University of Bristol	England, UK"
COMP,1,COMP251,COMP251
COMP,1,Algorithms and Data Structures.,Algorithms and Data Structures.
COMP,1,COMS20010,COMS20010
COMP,1,Algorithm ll,Algorithm ll
COMP,1,"COMP251


	
Algorithms and Data Structures.


	
CSI3108


	
Algorithm Analysis


	Yonsei University	South Korea",COMP251,Algorithms and Data Structures.,CSI3108,Algorithm Analysis,Yonsei University	South Korea
COMP,1,COMP251,COMP251
COMP,1,Algorithms and Data Structures.,Algorithms and Data Structures.
COMP,1,CSI3108,CSI3108
COMP,1,Algorithm Analysis,Algorithm Analysis
COMP,1,"COMP251


	
Algorithms and Data Structures.


	
MH3400


	
ALGORITHMS FOR THE REAL WORLD


	Nanyang Technological University	Singapore",COMP251,Algorithms and Data Structures.,MH3400,ALGORITHMS FOR THE REAL WORLD,Nanyang Technological University	Singapore
COMP,1,COMP251,COMP251
COMP,1,Algorithms and Data Structures.,Algorithms and Data Structures.
COMP,1,MH3400,MH3400
COMP,1,ALGORITHMS FOR THE REAL WORLD,ALGORITHMS FOR THE REAL WORLD
COMP,1,"COMP252


	
Honours Algorithms and Data Structures.


	
COMP283


	
Discrete Structures


	University of North Carolina at Chapel Hill	USA",COMP252,Honours Algorithms and Data Structures.,COMP283,Discrete Structures,University of North Carolina at Chapel Hill	USA
COMP,1,COMP252,COMP252
COMP,1,Honours Algorithms and Data Structures.,Honours Algorithms and Data Structures.
COMP,1,COMP283,COMP283
COMP,1,Discrete Structures,Discrete Structures
COMP,1,"COMP273


	
Introduction to Computer Systems.


	
02132


	
Computer Systems


	Technical University of Denmark	Denmark",COMP273,Introduction to Computer Systems.,02132,Computer Systems,Technical University of Denmark	Denmark
COMP,1,COMP273,COMP273
COMP,1,Introduction to Computer Systems.,Introduction to Computer Systems.
COMP,1,02132,02132
COMP,1,Computer Systems,Computer Systems
COMP,1,"COMP273


	
Introduction to Computer Systems.


	
34212


	
LI Computer Systems


	The University of Birmingham	England, UK",COMP273,Introduction to Computer Systems.,34212,LI Computer Systems,"The University of Birmingham	England, UK"
COMP,1,COMP273,COMP273
COMP,1,Introduction to Computer Systems.,Introduction to Computer Systems.
COMP,1,34212,34212
COMP,1,LI Computer Systems,LI Computer Systems
COMP,1,"COMP273


	
Introduction to Computer Systems.


	
40086


	
LC Computer Systems and Professional Practice


	The University of Birmingham	England, UK",COMP273,Introduction to Computer Systems.,40086,LC Computer Systems and Professional Practice,"The University of Birmingham	England, UK"
COMP,1,COMP273,COMP273
COMP,1,Introduction to Computer Systems.,Introduction to Computer Systems.
COMP,1,40086,40086
COMP,1,LC Computer Systems and Professional Practice,LC Computer Systems and Professional Practice
COMP,1,"COMP273


	
Introduction to Computer Systems.


	
COMP2120


	
Computer Organization


	The University of Hong Kong (HKU)	Hong Kong, SAR",COMP273,Introduction to Computer Systems.,COMP2120,Computer Organization,"The University of Hong Kong (HKU)	Hong Kong, SAR"
COMP,1,COMP273,COMP273
COMP,1,Introduction to Computer Systems.,Introduction to Computer Systems.
COMP,1,COMP2120,COMP2120
COMP,1,Computer Organization,Computer Organization
COMP,1,"COMP273


	
Introduction to Computer Systems.


	
COMP2340


	
Computer Systems Organisation


	University of the West Indies - Mona Campus	Jamaica",COMP273,Introduction to Computer Systems.,COMP2340,Computer Systems Organisation,University of the West Indies - Mona Campus	Jamaica
COMP,1,COMP273,COMP273
COMP,1,Introduction to Computer Systems.,Introduction to Computer Systems.
COMP,1,COMP2340,COMP2340
COMP,1,Computer Systems Organisation,Computer Systems Organisation
COMP,1,"COMP2XX


	
Computer Science (Sci) 2XX


	
03SM22BMI003


	
Requirements Engineering I


	University of Zurich	Switzerland",COMP2XX,Computer Science (Sci) 2XX,03SM22BMI003,Requirements Engineering I,University of Zurich	Switzerland
COMP,1,COMP2XX,COMP2XX
COMP,1,Computer Science (Sci) 2XX,Computer Science (Sci) 2XX
COMP,1,03SM22BMI003,03SM22BMI003
COMP,1,Requirements Engineering I,Requirements Engineering I
COMP,1,"COMP2XX


	
Computer Science (Sci) 2XX


	
34229


	
LC Object Oriented Programming


	The University of Birmingham	England, UK",COMP2XX,Computer Science (Sci) 2XX,34229,LC Object Oriented Programming,"The University of Birmingham	England, UK"
COMP,1,COMP2XX,COMP2XX
COMP,1,Computer Science (Sci) 2XX,Computer Science (Sci) 2XX
COMP,1,34229,34229
COMP,1,LC Object Oriented Programming,LC Object Oriented Programming
COMP,1,"COMP2XX


	
Computer Science (Sci) 2XX


	
4ST604


	
Introduction to data analysis with R and SQL


	Prague University of Economics and Business (VSE)	Czech Republic",COMP2XX,Computer Science (Sci) 2XX,4ST604,Introduction to data analysis with R and SQL,Prague University of Economics and Business (VSE)	Czech Republic
COMP,1,COMP2XX,COMP2XX
COMP,1,Computer Science (Sci) 2XX,Computer Science (Sci) 2XX
COMP,1,4ST604,4ST604
COMP,1,Introduction to data analysis with R and SQL,Introduction to data analysis with R and SQL
COMP,1,"COMP2XX


	
Computer Science (Sci) 2XX


	
820041


	
Web Analytics


	IE University - Madrid	Spain",COMP2XX,Computer Science (Sci) 2XX,820041,Web Analytics,IE University - Madrid	Spain
COMP,1,COMP2XX,COMP2XX
COMP,1,Computer Science (Sci) 2XX,Computer Science (Sci) 2XX
COMP,1,820041,820041
COMP,1,Web Analytics,Web Analytics
COMP,1,"COMP2XX


	
Computer Science (Sci) 2XX


	
COMP20008


	
Elements of Data Processing


	University of Melbourne	Australia",COMP2XX,Computer Science (Sci) 2XX,COMP20008,Elements of Data Processing,University of Melbourne	Australia
COMP,1,COMP2XX,COMP2XX
COMP,1,Computer Science (Sci) 2XX,Computer Science (Sci) 2XX
COMP,1,COMP20008,COMP20008
COMP,1,Elements of Data Processing,Elements of Data Processing
COMP,1,"COMP2XX


	
Computer Science (Sci) 2XX


	
COMP2006


	
C++ Programming


	The University of Nottingham	England, UK",COMP2XX,Computer Science (Sci) 2XX,COMP2006,C++ Programming,"The University of Nottingham	England, UK"
COMP,1,COMP2XX,COMP2XX
COMP,1,Computer Science (Sci) 2XX,Computer Science (Sci) 2XX
COMP,1,COMP2006,COMP2006
COMP,1,C++ Programming,C++ Programming
COMP,1,"COMP2XX


	
Computer Science (Sci) 2XX


	
COMPSCI2001


	
Introduction to Object Oriented Programming


	The University of Glasgow	Scotland, UK",COMP2XX,Computer Science (Sci) 2XX,COMPSCI2001,Introduction to Object Oriented Programming,"The University of Glasgow	Scotland, UK"
COMP,1,COMP2XX,COMP2XX
COMP,1,Computer Science (Sci) 2XX,Computer Science (Sci) 2XX
COMP,1,COMPSCI2001,COMPSCI2001
COMP,1,Introduction to Object Oriented Programming,Introduction to Object Oriented Programming
COMP,1,"COMP2XX


	
Computer Science (Sci) 2XX


	
CS1073


	
Introduction to Computer Programming I (in Java)


	University of New Brunswick (UNB) - All Campuses	Canada",COMP2XX,Computer Science (Sci) 2XX,CS1073,Introduction to Computer Programming I (in Java),University of New Brunswick (UNB) - All Campuses	Canada
COMP,1,COMP2XX,COMP2XX
COMP,1,Computer Science (Sci) 2XX,Computer Science (Sci) 2XX
COMP,1,CS1073,CS1073
COMP,1,Introduction to Computer Programming I (in Java),Introduction to Computer Programming I (in Java)
COMP,1,"COMP2XX


	
Computer Science (Sci) 2XX


	
CS1083


	
Introduction to Computer Programming II (in Java)


	University of New Brunswick (UNB) - All Campuses	Canada",COMP2XX,Computer Science (Sci) 2XX,CS1083,Introduction to Computer Programming II (in Java),University of New Brunswick (UNB) - All Campuses	Canada
COMP,1,COMP2XX,COMP2XX
COMP,1,Computer Science (Sci) 2XX,Computer Science (Sci) 2XX
COMP,1,CS1083,CS1083
COMP,1,Introduction to Computer Programming II (in Java),Introduction to Computer Programming II (in Java)
COMP,1,"COMP2XX


	
Computer Science (Sci) 2XX


	
CS2360


	
Java Programming


	City University of Hong Kong	Hong Kong, SAR",COMP2XX,Computer Science (Sci) 2XX,CS2360,Java Programming,"City University of Hong Kong	Hong Kong, SAR"
COMP,1,COMP2XX,COMP2XX
COMP,1,Computer Science (Sci) 2XX,Computer Science (Sci) 2XX
COMP,1,CS2360,CS2360
COMP,1,Java Programming,Java Programming
COMP,1,"COMP2XX


	
Computer Science (Sci) 2XX


	
CS2468


	
Data Structures and Data Management


	City University of Hong Kong	Hong Kong, SAR",COMP2XX,Computer Science (Sci) 2XX,CS2468,Data Structures and Data Management,"City University of Hong Kong	Hong Kong, SAR"
COMP,1,COMP2XX,COMP2XX
COMP,1,Computer Science (Sci) 2XX,Computer Science (Sci) 2XX
COMP,1,CS2468,CS2468
COMP,1,Data Structures and Data Management,Data Structures and Data Management
COMP,1,"COMP2XX


	
Computer Science (Sci) 2XX


	
CS61A


	
The Structure and Interpretation of Computer Programs


	University of California - Berkeley	USA",COMP2XX,Computer Science (Sci) 2XX,CS61A,The Structure and Interpretation of Computer Programs,University of California - Berkeley	USA
COMP,1,COMP2XX,COMP2XX
COMP,1,Computer Science (Sci) 2XX,Computer Science (Sci) 2XX
COMP,1,CS61A,CS61A
COMP,1,The Structure and Interpretation of Computer Programs,The Structure and Interpretation of Computer Programs
COMP,1,"COMP2XX


	
Computer Science (Sci) 2XX


	
CSCI1530


	
Computer principles and Java programming


	The Chinese University of Hong Kong	Hong Kong, SAR",COMP2XX,Computer Science (Sci) 2XX,CSCI1530,Computer principles and Java programming,"The Chinese University of Hong Kong	Hong Kong, SAR"
COMP,1,COMP2XX,COMP2XX
COMP,1,Computer Science (Sci) 2XX,Computer Science (Sci) 2XX
COMP,1,CSCI1530,CSCI1530
COMP,1,Computer principles and Java programming,Computer principles and Java programming
COMP,1,"COMP2XX


	
Computer Science (Sci) 2XX


	
GE1356


	
INTRODUCTION TO DATA SCIENCE


	City University of Hong Kong	Hong Kong, SAR",COMP2XX,Computer Science (Sci) 2XX,GE1356,INTRODUCTION TO DATA SCIENCE,"City University of Hong Kong	Hong Kong, SAR"
COMP,1,COMP2XX,COMP2XX
COMP,1,Computer Science (Sci) 2XX,Computer Science (Sci) 2XX
COMP,1,GE1356,GE1356
COMP,1,INTRODUCTION TO DATA SCIENCE,INTRODUCTION TO DATA SCIENCE
COMP,1,"COMP2XX


	
Computer Science (Sci) 2XX


	
IEE2082


	
Introduction to computer graphics


	Yonsei University	South Korea",COMP2XX,Computer Science (Sci) 2XX,IEE2082,Introduction to computer graphics,Yonsei University	South Korea
COMP,1,COMP2XX,COMP2XX
COMP,1,Computer Science (Sci) 2XX,Computer Science (Sci) 2XX
COMP,1,IEE2082,IEE2082
COMP,1,Introduction to computer graphics,Introduction to computer graphics
COMP,1,"COMP2XX


	
Computer Science (Sci) 2XX


	
IS3230


	
JAVA PROGRAMMING FOR BUSINESS


	City University of Hong Kong	Hong Kong, SAR",COMP2XX,Computer Science (Sci) 2XX,IS3230,JAVA PROGRAMMING FOR BUSINESS,"City University of Hong Kong	Hong Kong, SAR"
COMP,1,COMP2XX,COMP2XX
COMP,1,Computer Science (Sci) 2XX,Computer Science (Sci) 2XX
COMP,1,IS3230,IS3230
COMP,1,JAVA PROGRAMMING FOR BUSINESS,JAVA PROGRAMMING FOR BUSINESS
COMP,1,"COMP302


	
Programming Languages and Paradigms.


	
03SM22BIS009


	
Programming Languages and Paradigms


	University of Zurich	Switzerland",COMP302,Programming Languages and Paradigms.,03SM22BIS009,Programming Languages and Paradigms,University of Zurich	Switzerland
COMP,1,COMP302,COMP302
COMP,1,Programming Languages and Paradigms.,Programming Languages and Paradigms.
COMP,1,03SM22BIS009,03SM22BIS009
COMP,1,Programming Languages and Paradigms,Programming Languages and Paradigms
COMP,1,"COMP303


	
Software Design.


	
34257


	
LI Software Engineering and Professional Practice


	The University of Birmingham	England, UK",COMP303,Software Design.,34257,LI Software Engineering and Professional Practice,"The University of Birmingham	England, UK"
COMP,1,COMP303,COMP303
COMP,1,Software Design.,Software Design.
COMP,1,34257,34257
COMP,1,LI Software Engineering and Professional Practice,LI Software Engineering and Professional Practice
COMP,1,"COMP303


	
Software Design.


	
ENGG1110


	
Problem Solving By Programming


	The Chinese University of Hong Kong	Hong Kong, SAR",COMP303,Software Design.,ENGG1110,Problem Solving By Programming,"The Chinese University of Hong Kong	Hong Kong, SAR"
COMP,1,COMP303,COMP303
COMP,1,Software Design.,Software Design.
COMP,1,ENGG1110,ENGG1110
COMP,1,Problem Solving By Programming,Problem Solving By Programming
COMP,1,"COMP307


	
Principles of Web Development.


	
820040


	
Mobile and Web Applications


	IE University - Madrid	Spain",COMP307,Principles of Web Development.,820040,Mobile and Web Applications,IE University - Madrid	Spain
COMP,1,COMP307,COMP307
COMP,1,Principles of Web Development.,Principles of Web Development.
COMP,1,820040,820040
COMP,1,Mobile and Web Applications,Mobile and Web Applications
COMP,1,"COMP307


	
Principles of Web Development.


	
CS1080


	
Intro to Web Site Dev


	University of Vermont	USA",COMP307,Principles of Web Development.,CS1080,Intro to Web Site Dev,University of Vermont	USA
COMP,1,COMP307,COMP307
COMP,1,Principles of Web Development.,Principles of Web Development.
COMP,1,CS1080,CS1080
COMP,1,Intro to Web Site Dev,Intro to Web Site Dev
COMP,1,"COMP307


	
Principles of Web Development.


	
CSCI2720


	
Building Web Applications


	The Chinese University of Hong Kong	Hong Kong, SAR",COMP307,Principles of Web Development.,CSCI2720,Building Web Applications,"The Chinese University of Hong Kong	Hong Kong, SAR"
COMP,1,COMP307,COMP307
COMP,1,Principles of Web Development.,Principles of Web Development.
COMP,1,CSCI2720,CSCI2720
COMP,1,Building Web Applications,Building Web Applications
COMP,1,"COMP310


	
Operating Systems.


	
02159


	
Operating Systems


	Technical University of Denmark	Denmark",COMP310,Operating Systems.,02159,Operating Systems,Technical University of Denmark	Denmark
COMP,1,COMP310,COMP310
COMP,1,Operating Systems.,Operating Systems.
COMP,1,02159,02159
COMP,1,Operating Systems,Operating Systems
COMP,1,"COMP310


	
Operating Systems.


	
38059


	
LI Operating Systems and Systems Programming


	The University of Birmingham	England, UK",COMP310,Operating Systems.,38059,LI Operating Systems and Systems Programming,"The University of Birmingham	England, UK"
COMP,1,COMP310,COMP310
COMP,1,Operating Systems.,Operating Systems.
COMP,1,38059,38059
COMP,1,LI Operating Systems and Systems Programming,LI Operating Systems and Systems Programming
COMP,1,"COMP310


	
Operating Systems.


	
CSCI3150


	
Introduction to Operating Systems


	The Chinese University of Hong Kong	Hong Kong, SAR",COMP310,Operating Systems.,CSCI3150,Introduction to Operating Systems,"The Chinese University of Hong Kong	Hong Kong, SAR"
COMP,1,COMP310,COMP310
COMP,1,Operating Systems.,Operating Systems.
COMP,1,CSCI3150,CSCI3150
COMP,1,Introduction to Operating Systems,Introduction to Operating Systems
COMP,1,"COMP310


	
Operating Systems.


	
INFR10079


	
Operating Systems


	The University of Edinburgh	Scotland, UK",COMP310,Operating Systems.,INFR10079,Operating Systems,"The University of Edinburgh	Scotland, UK"
COMP,1,COMP310,COMP310
COMP,1,Operating Systems.,Operating Systems.
COMP,1,INFR10079,INFR10079
COMP,1,Operating Systems,Operating Systems
COMP,1,"COMP321


	
Programming Challenges.


	
CSCI2740


	
Competitive Programming


	The Chinese University of Hong Kong	Hong Kong, SAR",COMP321,Programming Challenges.,CSCI2740,Competitive Programming,"The Chinese University of Hong Kong	Hong Kong, SAR"
COMP,1,COMP321,COMP321
COMP,1,Programming Challenges.,Programming Challenges.
COMP,1,CSCI2740,CSCI2740
COMP,1,Competitive Programming,Competitive Programming
COMP,1,"COMP330


	
Theory of Computation.


	
COMP30026


	
Models of Computation


	University of Melbourne	Australia",COMP330,Theory of Computation.,COMP30026,Models of Computation,University of Melbourne	Australia
COMP,1,COMP330,COMP330
COMP,1,Theory of Computation.,Theory of Computation.
COMP,1,COMP30026,COMP30026
COMP,1,Models of Computation,Models of Computation
COMP,1,"COMP330


	
Theory of Computation.


	
CS181


	
An Introduction to Computability Theory


	University of California - Los Angeles	USA",COMP330,Theory of Computation.,CS181,An Introduction to Computability Theory,University of California - Los Angeles	USA
COMP,1,COMP330,COMP330
COMP,1,Theory of Computation.,Theory of Computation.
COMP,1,CS181,CS181
COMP,1,An Introduction to Computability Theory,An Introduction to Computability Theory
COMP,1,"COMP330


	
Theory of Computation.


	
CS3231


	
Theory of Computation


	National University of Singapore	Singapore",COMP330,Theory of Computation.,CS3231,Theory of Computation,National University of Singapore	Singapore
COMP,1,COMP330,COMP330
COMP,1,Theory of Computation.,Theory of Computation.
COMP,1,CS3231,CS3231
COMP,1,Theory of Computation,Theory of Computation
COMP,1,"COMP370


	
Introduction to Data Science.


	
02807


	
Computational Tools for Data Science


	Technical University of Denmark	Denmark",COMP370,Introduction to Data Science.,02807,Computational Tools for Data Science,Technical University of Denmark	Denmark
COMP,1,COMP370,COMP370
COMP,1,Introduction to Data Science.,Introduction to Data Science.
COMP,1,02807,02807
COMP,1,Computational Tools for Data Science,Computational Tools for Data Science
COMP,1,"COMP3XX


	
Computer Science (Sci) 3XX


	
02157


	
Functional Programming


	Technical University of Denmark	Denmark",COMP3XX,Computer Science (Sci) 3XX,02157,Functional Programming,Technical University of Denmark	Denmark
COMP,1,COMP3XX,COMP3XX
COMP,1,Computer Science (Sci) 3XX,Computer Science (Sci) 3XX
COMP,1,02157,02157
COMP,1,Functional Programming,Functional Programming
COMP,1,"COMP3XX


	
Computer Science (Sci) 3XX


	
02160


	
Agile Object-oriented Software Development


	Technical University of Denmark	Denmark",COMP3XX,Computer Science (Sci) 3XX,02160,Agile Object-oriented Software Development,Technical University of Denmark	Denmark
COMP,1,COMP3XX,COMP3XX
COMP,1,Computer Science (Sci) 3XX,Computer Science (Sci) 3XX
COMP,1,02160,02160
COMP,1,Agile Object-oriented Software Development,Agile Object-oriented Software Development
COMP,1,"COMP3XX


	
Computer Science (Sci) 3XX


	
02214


	
Hardware/Software Codesign


	Technical University of Denmark	Denmark",COMP3XX,Computer Science (Sci) 3XX,02214,Hardware/Software Codesign,Technical University of Denmark	Denmark
COMP,1,COMP3XX,COMP3XX
COMP,1,Computer Science (Sci) 3XX,Computer Science (Sci) 3XX
COMP,1,02214,02214
COMP,1,Hardware/Software Codesign,Hardware/Software Codesign
COMP,1,"COMP3XX


	
Computer Science (Sci) 3XX


	
02635


	
Mathematical software programming


	Technical University of Denmark	Denmark",COMP3XX,Computer Science (Sci) 3XX,02635,Mathematical software programming,Technical University of Denmark	Denmark
COMP,1,COMP3XX,COMP3XX
COMP,1,Computer Science (Sci) 3XX,Computer Science (Sci) 3XX
COMP,1,02635,02635
COMP,1,Mathematical software programming,Mathematical software programming
COMP,1,"COMP3XX


	
Computer Science (Sci) 3XX


	
34206


	
LI Building Useable Software


	The University of Birmingham	England, UK",COMP3XX,Computer Science (Sci) 3XX,34206,LI Building Useable Software,"The University of Birmingham	England, UK"
COMP,1,COMP3XX,COMP3XX
COMP,1,Computer Science (Sci) 3XX,Computer Science (Sci) 3XX
COMP,1,34206,34206
COMP,1,LI Building Useable Software,LI Building Useable Software
COMP,1,"COMP3XX


	
Computer Science (Sci) 3XX


	
900298SCIY


	
Information Lab


	University of Amsterdam	Netherlands",COMP3XX,Computer Science (Sci) 3XX,900298SCIY,Information Lab,University of Amsterdam	Netherlands
COMP,1,COMP3XX,COMP3XX
COMP,1,Computer Science (Sci) 3XX,Computer Science (Sci) 3XX
COMP,1,900298SCIY,900298SCIY
COMP,1,Information Lab,Information Lab
COMP,1,"COMP3XX


	
Computer Science (Sci) 3XX


	
900393SCIY


	
Modelling Real World Problems


	University of Amsterdam	Netherlands",COMP3XX,Computer Science (Sci) 3XX,900393SCIY,Modelling Real World Problems,University of Amsterdam	Netherlands
COMP,1,COMP3XX,COMP3XX
COMP,1,Computer Science (Sci) 3XX,Computer Science (Sci) 3XX
COMP,1,900393SCIY,900393SCIY
COMP,1,Modelling Real World Problems,Modelling Real World Problems
COMP,1,"COMP3XX


	
Computer Science (Sci) 3XX


	
COMP345


	
Advanced Program Design with C++


	Concordia University	Canada",COMP3XX,Computer Science (Sci) 3XX,COMP345,Advanced Program Design with C++,Concordia University	Canada
COMP,1,COMP3XX,COMP3XX
COMP,1,Computer Science (Sci) 3XX,Computer Science (Sci) 3XX
COMP,1,COMP345,COMP345
COMP,1,Advanced Program Design with C++,Advanced Program Design with C++
COMP,1,"COMP3XX


	
Computer Science (Sci) 3XX


	
CSCI2730


	
Introduction to Blockchain Technologies and Applications


	The Chinese University of Hong Kong	Hong Kong, SAR",COMP3XX,Computer Science (Sci) 3XX,CSCI2730,Introduction to Blockchain Technologies and Applications,"The Chinese University of Hong Kong	Hong Kong, SAR"
COMP,1,COMP3XX,COMP3XX
COMP,1,Computer Science (Sci) 3XX,Computer Science (Sci) 3XX
COMP,1,CSCI2730,CSCI2730
COMP,1,Introduction to Blockchain Technologies and Applications,Introduction to Blockchain Technologies and Applications
COMP,1,"COMP3XX


	
Computer Science (Sci) 3XX


	
ISC356A


	
Big Data Analytics


	Korea University	South Korea",COMP3XX,Computer Science (Sci) 3XX,ISC356A,Big Data Analytics,Korea University	South Korea
COMP,1,COMP3XX,COMP3XX
COMP,1,Computer Science (Sci) 3XX,Computer Science (Sci) 3XX
COMP,1,ISC356A,ISC356A
COMP,1,Big Data Analytics,Big Data Analytics
COMP,1,"COMP417


	
Introduction Robotics and Intelligent Systems.


	
NAIL028


	
Introduction to Robotics


	Charles University in Prague	Czech Republic",COMP417,Introduction Robotics and Intelligent Systems.,NAIL028,Introduction to Robotics,Charles University in Prague	Czech Republic
COMP,1,COMP417,COMP417
COMP,1,Introduction Robotics and Intelligent Systems.,Introduction Robotics and Intelligent Systems.
COMP,1,NAIL028,NAIL028
COMP,1,Introduction to Robotics,Introduction to Robotics
COMP,1,"COMP421


	
Database Systems.


	
02170


	
Database Systems


	Technical University of Denmark	Denmark",COMP421,Database Systems.,02170,Database Systems,Technical University of Denmark	Denmark
COMP,1,COMP421,COMP421
COMP,1,Database Systems.,Database Systems.
COMP,1,02170,02170
COMP,1,Database Systems,Database Systems
COMP,1,"COMP421


	
Database Systems.


	
40470414


	
Database Systems


	Tsinghua University	China",COMP421,Database Systems.,40470414,Database Systems,Tsinghua University	China
COMP,1,COMP421,COMP421
COMP,1,Database Systems.,Database Systems.
COMP,1,40470414,40470414
COMP,1,Database Systems,Database Systems
COMP,1,"COMP421


	
Database Systems.


	
COMP0022


	
Database and Information Management Systems


	University College London (UCL) - University of London	England, UK",COMP421,Database Systems.,COMP0022,Database and Information Management Systems,"University College London (UCL) - University of London	England, UK"
COMP,1,COMP421,COMP421
COMP,1,Database Systems.,Database Systems.
COMP,1,COMP0022,COMP0022
COMP,1,Database and Information Management Systems,Database and Information Management Systems
COMP,1,"COMP424


	
Artificial Intelligence.


	
02464


	
Artificial Intelligence and Human Cognition


	Technical University of Denmark	Denmark",COMP424,Artificial Intelligence.,02464,Artificial Intelligence and Human Cognition,Technical University of Denmark	Denmark
COMP,1,COMP424,COMP424
COMP,1,Artificial Intelligence.,Artificial Intelligence.
COMP,1,02464,02464
COMP,1,Artificial Intelligence and Human Cognition,Artificial Intelligence and Human Cognition
COMP,1,"COMP424


	
Artificial Intelligence.


	
LINFO1361


	
Artificial Intelligence


	Catholic University of Louvain	Belgium",COMP424,Artificial Intelligence.,LINFO1361,Artificial Intelligence,Catholic University of Louvain	Belgium
COMP,1,COMP424,COMP424
COMP,1,Artificial Intelligence.,Artificial Intelligence.
COMP,1,LINFO1361,LINFO1361
COMP,1,Artificial Intelligence,Artificial Intelligence
COMP,1,"COMP451


	
Fundamentals of Machine Learning.


	
02460


	
Advanced Machine Learning


	Technical University of Denmark	Denmark",COMP451,Fundamentals of Machine Learning.,02460,Advanced Machine Learning,Technical University of Denmark	Denmark
COMP,1,COMP451,COMP451
COMP,1,Fundamentals of Machine Learning.,Fundamentals of Machine Learning.
COMP,1,02460,02460
COMP,1,Advanced Machine Learning,Advanced Machine Learning
COMP,1,"COMP462


	
Computational Biology Methods.


	
BTE4402


	
Bioinformatics


	Yonsei University	South Korea",COMP462,Computational Biology Methods.,BTE4402,Bioinformatics,Yonsei University	South Korea
COMP,1,COMP462,COMP462
COMP,1,Computational Biology Methods.,Computational Biology Methods.
COMP,1,BTE4402,BTE4402
COMP,1,Bioinformatics,Bioinformatics
COMP,1,"COMP4XX


	
Computer Science (Sci) 4XX


	
03SM22MI0002


	
Fundamentals of Software Systems


	University of Zurich	Switzerland",COMP4XX,Computer Science (Sci) 4XX,03SM22MI0002,Fundamentals of Software Systems,University of Zurich	Switzerland
COMP,1,COMP4XX,COMP4XX
COMP,1,Computer Science (Sci) 4XX,Computer Science (Sci) 4XX
COMP,1,03SM22MI0002,03SM22MI0002
COMP,1,Fundamentals of Software Systems,Fundamentals of Software Systems
COMP,1,"COMP4XX


	
Computer Science (Sci) 4XX


	
03SM22MI0028


	
Interactive-Visual Data Analysis


	University of Zurich	Switzerland",COMP4XX,Computer Science (Sci) 4XX,03SM22MI0028,Interactive-Visual Data Analysis,University of Zurich	Switzerland
COMP,1,COMP4XX,COMP4XX
COMP,1,Computer Science (Sci) 4XX,Computer Science (Sci) 4XX
COMP,1,03SM22MI0028,03SM22MI0028
COMP,1,Interactive-Visual Data Analysis,Interactive-Visual Data Analysis
COMP,1,"COMP4XX


	
Computer Science (Sci) 4XX


	
4032NECO6


	
Neural Computing


	Leiden University	Netherlands",COMP4XX,Computer Science (Sci) 4XX,4032NECO6,Neural Computing,Leiden University	Netherlands
COMP,1,COMP4XX,COMP4XX
COMP,1,Computer Science (Sci) 4XX,Computer Science (Sci) 4XX
COMP,1,4032NECO6,4032NECO6
COMP,1,Neural Computing,Neural Computing
COMP,1,"COMP4XX


	
Computer Science (Sci) 4XX


	
820018


	
Cloud Computing


	IE University - Madrid	Spain",COMP4XX,Computer Science (Sci) 4XX,820018,Cloud Computing,IE University - Madrid	Spain
COMP,1,COMP4XX,COMP4XX
COMP,1,Computer Science (Sci) 4XX,Computer Science (Sci) 4XX
COMP,1,820018,820018
COMP,1,Cloud Computing,Cloud Computing
COMP,1,"COMP4XX


	
Computer Science (Sci) 4XX


	
820050


	
Project Management and Innovation Methods


	IE University - Madrid	Spain",COMP4XX,Computer Science (Sci) 4XX,820050,Project Management and Innovation Methods,IE University - Madrid	Spain
COMP,1,COMP4XX,COMP4XX
COMP,1,Computer Science (Sci) 4XX,Computer Science (Sci) 4XX
COMP,1,820050,820050
COMP,1,Project Management and Innovation Methods,Project Management and Innovation Methods
COMP,1,"COMP4XX


	
Computer Science (Sci) 4XX


	
COMP482


	
Human Computer Interaction


	Athabasca University	Canada",COMP4XX,Computer Science (Sci) 4XX,COMP482,Human Computer Interaction,Athabasca University	Canada
COMP,1,COMP4XX,COMP4XX
COMP,1,Computer Science (Sci) 4XX,Computer Science (Sci) 4XX
COMP,1,COMP482,COMP482
COMP,1,Human Computer Interaction,Human Computer Interaction
COMP,1,"COMP4XX


	
Computer Science (Sci) 4XX


	
COMP90018


	
Mobile Computing Systems Programming


	University of Melbourne	Australia",COMP4XX,Computer Science (Sci) 4XX,COMP90018,Mobile Computing Systems Programming,University of Melbourne	Australia
COMP,1,COMP4XX,COMP4XX
COMP,1,Computer Science (Sci) 4XX,Computer Science (Sci) 4XX
COMP,1,COMP90018,COMP90018
COMP,1,Mobile Computing Systems Programming,Mobile Computing Systems Programming
COMP,1,"COMP4XX


	
Computer Science (Sci) 4XX


	
CSU44001


	
Fuzzy Logic and Control Systems


	The University of Dublin (Trinity College)	Ireland",COMP4XX,Computer Science (Sci) 4XX,CSU44001,Fuzzy Logic and Control Systems,The University of Dublin (Trinity College)	Ireland
COMP,1,COMP4XX,COMP4XX
COMP,1,Computer Science (Sci) 4XX,Computer Science (Sci) 4XX
COMP,1,CSU44001,CSU44001
COMP,1,Fuzzy Logic and Control Systems,Fuzzy Logic and Control Systems
COMP,1,"COMP4XX


	
Computer Science (Sci) 4XX


	
GE2318


	
Complexity in Science and Technology


	City University of Hong Kong	Hong Kong, SAR",COMP4XX,Computer Science (Sci) 4XX,GE2318,Complexity in Science and Technology,"City University of Hong Kong	Hong Kong, SAR"
COMP,1,COMP4XX,COMP4XX
COMP,1,Computer Science (Sci) 4XX,Computer Science (Sci) 4XX
COMP,1,GE2318,GE2318
COMP,1,Complexity in Science and Technology,Complexity in Science and Technology
COMP,1,"COMP4XX


	
Computer Science (Sci) 4XX


	
GE2343


	
Data Visualization


	City University of Hong Kong	Hong Kong, SAR",COMP4XX,Computer Science (Sci) 4XX,GE2343,Data Visualization,"City University of Hong Kong	Hong Kong, SAR"
COMP,1,COMP4XX,COMP4XX
COMP,1,Computer Science (Sci) 4XX,Computer Science (Sci) 4XX
COMP,1,GE2343,GE2343
COMP,1,Data Visualization,Data Visualization
COMP,1,"COMP4XX


	
Computer Science (Sci) 4XX


	
INFR11249


	
Applied Cloud Programming (UG)


	The University of Edinburgh	Scotland, UK",COMP4XX,Computer Science (Sci) 4XX,INFR11249,Applied Cloud Programming (UG),"The University of Edinburgh	Scotland, UK"
COMP,1,COMP4XX,COMP4XX
COMP,1,Computer Science (Sci) 4XX,Computer Science (Sci) 4XX
COMP,1,INFR11249,INFR11249
COMP,1,Applied Cloud Programming (UG),Applied Cloud Programming (UG)
COMP,1,"COMP4XX


	
Computer Science (Sci) 4XX


	
SC4060


	
Virtual and Augmented Reality


	Nanyang Technological University	Singapore",COMP4XX,Computer Science (Sci) 4XX,SC4060,Virtual and Augmented Reality,Nanyang Technological University	Singapore
COMP,1,COMP4XX,COMP4XX
COMP,1,Computer Science (Sci) 4XX,Computer Science (Sci) 4XX
COMP,1,SC4060,SC4060
COMP,1,Virtual and Augmented Reality,Virtual and Augmented Reality
COMP,1,"COMP4XX


	
Computer Science (Sci) 4XX


	
SM3750


	
MACHINE LEARNING FOR ARTISTS


	City University of Hong Kong	Hong Kong, SAR",COMP4XX,Computer Science (Sci) 4XX,SM3750,MACHINE LEARNING FOR ARTISTS,"City University of Hong Kong	Hong Kong, SAR"
COMP,1,COMP4XX,COMP4XX
COMP,1,Computer Science (Sci) 4XX,Computer Science (Sci) 4XX
COMP,1,SM3750,SM3750
COMP,1,MACHINE LEARNING FOR ARTISTS,MACHINE LEARNING FOR ARTISTS
COMP,1,"COMP520


	
Compiler Design.


	
COMP0012


	
Compilers


	University College London (UCL) - University of London	England, UK",COMP520,Compiler Design.,COMP0012,Compilers,"University College London (UCL) - University of London	England, UK"
COMP,1,COMP520,COMP520
COMP,1,Compiler Design.,Compiler Design.
COMP,1,COMP0012,COMP0012
COMP,1,Compilers,Compilers
COMP,1,"COMP535


	
Computer Networks 1.


	
COMP2322


	
Computer Networking


	The Hong Kong Polytechnic University	Hong Kong, SAR",COMP535,Computer Networks 1.,COMP2322,Computer Networking,"The Hong Kong Polytechnic University	Hong Kong, SAR"
COMP,1,COMP535,COMP535
COMP,1,Computer Networks 1.,Computer Networks 1.
COMP,1,COMP2322,COMP2322
COMP,1,Computer Networking,Computer Networking
COMP,1,"COMP547


	
Cryptography and Data Security.


	
COMP90043


	
Cryptography and Security


	University of Melbourne	Australia",COMP547,Cryptography and Data Security.,COMP90043,Cryptography and Security,University of Melbourne	Australia
COMP,1,COMP547,COMP547
COMP,1,Cryptography and Data Security.,Cryptography and Data Security.
COMP,1,COMP90043,COMP90043
COMP,1,Cryptography and Security,Cryptography and Security
COMP,1,"COMP551


	
Applied Machine Learning.


	
106572


	
Fundamentals of Machine Learning


	Autonomous University of Barcelona	Spain",COMP551,Applied Machine Learning.,106572,Fundamentals of Machine Learning,Autonomous University of Barcelona	Spain
COMP,1,COMP551,COMP551
COMP,1,Applied Machine Learning.,Applied Machine Learning.
COMP,1,106572,106572
COMP,1,Fundamentals of Machine Learning,Fundamentals of Machine Learning
COMP,1,"COMP551


	
Applied Machine Learning.


	
COMP3354


	
Statistical learning


	The University of Hong Kong (HKU)	Hong Kong, SAR",COMP551,Applied Machine Learning.,COMP3354,Statistical learning,"The University of Hong Kong (HKU)	Hong Kong, SAR"
COMP,1,COMP551,COMP551
COMP,1,Applied Machine Learning.,Applied Machine Learning.
COMP,1,COMP3354,COMP3354
COMP,1,Statistical learning,Statistical learning
COMP,1,"COMP551


	
Applied Machine Learning.


	
CS3244


	
Machine Learning


	National University of Singapore	Singapore",COMP551,Applied Machine Learning.,CS3244,Machine Learning,National University of Singapore	Singapore
COMP,1,COMP551,COMP551
COMP,1,Applied Machine Learning.,Applied Machine Learning.
COMP,1,CS3244,CS3244
COMP,1,Machine Learning,Machine Learning
COMP,1,"COMP551


	
Applied Machine Learning.


	
CSCI3320


	
Fundamental of Machine Learning


	The Chinese University of Hong Kong	Hong Kong, SAR",COMP551,Applied Machine Learning.,CSCI3320,Fundamental of Machine Learning,"The Chinese University of Hong Kong	Hong Kong, SAR"
COMP,1,COMP551,COMP551
COMP,1,Applied Machine Learning.,Applied Machine Learning.
COMP,1,CSCI3320,CSCI3320
COMP,1,Fundamental of Machine Learning,Fundamental of Machine Learning
COMP,1,"COMP551


	
Applied Machine Learning.


	
CSU44061


	
Machine Learning


	The University of Dublin (Trinity College)	Ireland",COMP551,Applied Machine Learning.,CSU44061,Machine Learning,The University of Dublin (Trinity College)	Ireland
COMP,1,COMP551,COMP551
COMP,1,Applied Machine Learning.,Applied Machine Learning.
COMP,1,CSU44061,CSU44061
COMP,1,Machine Learning,Machine Learning
COMP,1,"COMP551


	
Applied Machine Learning.


	
MA4829


	
Machine Intelligence


	Nanyang Technological University	Singapore",COMP551,Applied Machine Learning.,MA4829,Machine Intelligence,Nanyang Technological University	Singapore
COMP,1,COMP551,COMP551
COMP,1,Applied Machine Learning.,Applied Machine Learning.
COMP,1,MA4829,MA4829
COMP,1,Machine Intelligence,Machine Intelligence
COMP,1,"COMP555


	
Information Privacy.


	
INFO30006


	
Information Security and Privacy


	University of Melbourne	Australia",COMP555,Information Privacy.,INFO30006,Information Security and Privacy,University of Melbourne	Australia
COMP,1,COMP555,COMP555
COMP,1,Information Privacy.,Information Privacy.
COMP,1,INFO30006,INFO30006
COMP,1,Information Security and Privacy,Information Security and Privacy
COMP,1,"COMP557


	
Fundamentals of Computer Graphics.


	
CSCI3260


	
Fundamentals of Computer Graphics


	The Chinese University of Hong Kong	Hong Kong, SAR",COMP557,Fundamentals of Computer Graphics.,CSCI3260,Fundamentals of Computer Graphics,"The Chinese University of Hong Kong	Hong Kong, SAR"
COMP,1,COMP557,COMP557
COMP,1,Fundamentals of Computer Graphics.,Fundamentals of Computer Graphics.
COMP,1,CSCI3260,CSCI3260
COMP,1,Fundamentals of Computer Graphics,Fundamentals of Computer Graphics
COMP,1,"COMP5XX


	
Computer Science (Sci) 5XX


	
03SM22MI0014


	
Human Aspects of Software Engineering


	University of Zurich	Switzerland",COMP5XX,Computer Science (Sci) 5XX,03SM22MI0014,Human Aspects of Software Engineering,University of Zurich	Switzerland
COMP,1,COMP5XX,COMP5XX
COMP,1,Computer Science (Sci) 5XX,Computer Science (Sci) 5XX
COMP,1,03SM22MI0014,03SM22MI0014
COMP,1,Human Aspects of Software Engineering,Human Aspects of Software Engineering
COMP,1,"COMP5XX


	
Computer Science (Sci) 5XX


	
14F018


	
Bioinformatics for interpreting functional - OMICS DATA


	University of Geneva	Switzerland",COMP5XX,Computer Science (Sci) 5XX,14F018,Bioinformatics for interpreting functional - OMICS DATA,University of Geneva	Switzerland
COMP,1,COMP5XX,COMP5XX
COMP,1,Computer Science (Sci) 5XX,Computer Science (Sci) 5XX
COMP,1,14F018,14F018
COMP,1,Bioinformatics for interpreting functional - OMICS DATA,Bioinformatics for interpreting functional - OMICS DATA
COMP,1,"COMP5XX


	
Computer Science (Sci) 5XX


	
34322


	
Communication Network for Control and Data Acquisition


	Technical University of Denmark	Denmark",COMP5XX,Computer Science (Sci) 5XX,34322,Communication Network for Control and Data Acquisition,Technical University of Denmark	Denmark
COMP,1,COMP5XX,COMP5XX
COMP,1,Computer Science (Sci) 5XX,Computer Science (Sci) 5XX
COMP,1,34322,34322
COMP,1,Communication Network for Control and Data Acquisition,Communication Network for Control and Data Acquisition
COMP,1,"COMP5XX


	
Computer Science (Sci) 5XX


	
COMP30019


	
Graphics and Interaction


	University of Melbourne	Australia",COMP5XX,Computer Science (Sci) 5XX,COMP30019,Graphics and Interaction,University of Melbourne	Australia
COMP,1,COMP5XX,COMP5XX
COMP,1,Computer Science (Sci) 5XX,Computer Science (Sci) 5XX
COMP,1,COMP30019,COMP30019
COMP,1,Graphics and Interaction,Graphics and Interaction
COMP,1,"COMP5XX


	
Computer Science (Sci) 5XX


	
CS328


	
Numerical methods for visual computing and ML


	École Polytechnique Fédérale de Lausanne	Switzerland",COMP5XX,Computer Science (Sci) 5XX,CS328,Numerical methods for visual computing and ML,École Polytechnique Fédérale de Lausanne	Switzerland
COMP,1,COMP5XX,COMP5XX
COMP,1,Computer Science (Sci) 5XX,Computer Science (Sci) 5XX
COMP,1,CS328,CS328
COMP,1,Numerical methods for visual computing and ML,Numerical methods for visual computing and ML
COMP,1,"COMPXXX


	
Computer Science (Sci) XXX


	
CMIS245


	
Microcomputer Applications in Business


	Athabasca University	Canada",COMPXXX,Computer Science (Sci) XXX,CMIS245,Microcomputer Applications in Business,Athabasca University	Canada
COMP,1,COMPXXX,COMPXXX
COMP,1,Computer Science (Sci) XXX,Computer Science (Sci) XXX
COMP,1,CMIS245,CMIS245
COMP,1,Microcomputer Applications in Business,Microcomputer Applications in Business
COMP,1,"New Search	
	Refine Search",New Search,Refine Search
COMP,1,"New Search	
	Refine Search",New Search,Refine Search
ECON,1,"Legend:	
	  Equivalent
	
	  Not Equivalent
	
	  Expired",Legend:,Equivalent,Not Equivalent,Expired
ECON,1,Equivalent,Equivalent
ECON,1,Not Equivalent,Not Equivalent
ECON,1,Expired,Expired
ECON,1,"New Search	
	Refine Search",New Search,Refine Search
ECON,1,"New Search	
	Refine Search",New Search,Refine Search
ECON,1,"McGill University
	
External Institution",McGill University,External Institution
ECON,1,"Course
	
Title
	
Course
	
Title
	
Institution
	
Country
	
Status",Course,Title,Course,Title,Institution,Country,Status
ECON,1,"ECON1XX


	
Economics (Arts) 1XX


	
361830


	
Economic History of the World


	University of Barcelona	Spain",ECON1XX,Economics (Arts) 1XX,361830,Economic History of the World,University of Barcelona	Spain
ECON,1,ECON1XX,ECON1XX
ECON,1,Economics (Arts) 1XX,Economics (Arts) 1XX
ECON,1,361830,361830
ECON,1,Economic History of the World,Economic History of the World
ECON,1,"ECON1XX


	
Economics (Arts) 1XX


	
94470


	
political economy of europe


	University of Bologna	Italy",ECON1XX,Economics (Arts) 1XX,94470,political economy of europe,University of Bologna	Italy
ECON,1,ECON1XX,ECON1XX
ECON,1,Economics (Arts) 1XX,Economics (Arts) 1XX
ECON,1,94470,94470
ECON,1,political economy of europe,political economy of europe
ECON,1,"ECON1XX


	
Economics (Arts) 1XX


	
ECOK260


	
TA5 Economics of the EU


	University of Helsinki	Finland",ECON1XX,Economics (Arts) 1XX,ECOK260,TA5 Economics of the EU,University of Helsinki	Finland
ECON,1,ECON1XX,ECON1XX
ECON,1,Economics (Arts) 1XX,Economics (Arts) 1XX
ECON,1,ECOK260,ECOK260
ECON,1,TA5 Economics of the EU,TA5 Economics of the EU
ECON,1,"ECON1XX


	
Economics (Arts) 1XX


	
ECON151G


	
Understanding the Global Economy


	The University of Auckland / Te Whare Wananga o Tamaki Makaurau	New Zealand",ECON1XX,Economics (Arts) 1XX,ECON151G,Understanding the Global Economy,The University of Auckland / Te Whare Wananga o Tamaki Makaurau	New Zealand
ECON,1,ECON1XX,ECON1XX
ECON,1,Economics (Arts) 1XX,Economics (Arts) 1XX
ECON,1,ECON151G,ECON151G
ECON,1,Understanding the Global Economy,Understanding the Global Economy
ECON,1,"ECON1XX


	
Economics (Arts) 1XX


	
EIA2015


	
MALAYSIAN ECONOMY IN A GLOBALIZED WORLD


	University of Malaya	Malaysia",ECON1XX,Economics (Arts) 1XX,EIA2015,MALAYSIAN ECONOMY IN A GLOBALIZED WORLD,University of Malaya	Malaysia
ECON,1,ECON1XX,ECON1XX
ECON,1,Economics (Arts) 1XX,Economics (Arts) 1XX
ECON,1,EIA2015,EIA2015
ECON,1,MALAYSIAN ECONOMY IN A GLOBALIZED WORLD,MALAYSIAN ECONOMY IN A GLOBALIZED WORLD
ECON,1,"ECON1XX


	
Economics (Arts) 1XX


	
JEB103


	
Comparative Economics


	Charles University in Prague	Czech Republic",ECON1XX,Economics (Arts) 1XX,JEB103,Comparative Economics,Charles University in Prague	Czech Republic
ECON,1,ECON1XX,ECON1XX
ECON,1,Economics (Arts) 1XX,Economics (Arts) 1XX
ECON,1,JEB103,JEB103
ECON,1,Comparative Economics,Comparative Economics
ECON,1,"ECON1XX


	
Economics (Arts) 1XX


	
SA2006E


	
International Economics


	Autonomous University of Barcelona	Spain",ECON1XX,Economics (Arts) 1XX,SA2006E,International Economics,Autonomous University of Barcelona	Spain
ECON,1,ECON1XX,ECON1XX
ECON,1,Economics (Arts) 1XX,Economics (Arts) 1XX
ECON,1,SA2006E,SA2006E
ECON,1,International Economics,International Economics
ECON,1,"ECON208


	
Microeconomic Analysis and Applications.


	
0201E101


	
Microeconomics


	Jinan University	China",ECON208,Microeconomic Analysis and Applications.,0201E101,Microeconomics,Jinan University	China
ECON,1,ECON208,ECON208
ECON,1,Microeconomic Analysis and Applications.,Microeconomic Analysis and Applications.
ECON,1,0201E101,0201E101
ECON,1,Microeconomics,Microeconomics
ECON,1,"ECON208


	
Microeconomic Analysis and Applications.


	
2223EC31001E


	
Economics


	NEOMA Business School	France",ECON208,Microeconomic Analysis and Applications.,2223EC31001E,Economics,NEOMA Business School	France
ECON,1,ECON208,ECON208
ECON,1,Microeconomic Analysis and Applications.,Microeconomic Analysis and Applications.
ECON,1,2223EC31001E,2223EC31001E
ECON,1,Economics,Economics
ECON,1,"ECON208


	
Microeconomic Analysis and Applications.


	
364543


	
Microeconomics


	University of Barcelona	Spain",ECON208,Microeconomic Analysis and Applications.,364543,Microeconomics,University of Barcelona	Spain
ECON,1,ECON208,ECON208
ECON,1,Microeconomic Analysis and Applications.,Microeconomic Analysis and Applications.
ECON,1,364543,364543
ECON,1,Microeconomics,Microeconomics
ECON,1,"ECON208


	
Microeconomic Analysis and Applications.


	
ECN11484


	
Principes de microéconomie


	Université Laval	Canada",ECON208,Microeconomic Analysis and Applications.,ECN11484,Principes de microéconomie,Université Laval	Canada
ECON,1,ECON208,ECON208
ECON,1,Microeconomic Analysis and Applications.,Microeconomic Analysis and Applications.
ECON,1,ECN11484,ECN11484
ECON,1,Principes de microéconomie,Principes de microéconomie
ECON,1,"ECON208


	
Microeconomic Analysis and Applications.


	
ECO10250


	
Principles of Microeconomics


	The City College of New York	USA",ECON208,Microeconomic Analysis and Applications.,ECO10250,Principles of Microeconomics,The City College of New York	USA
ECON,1,ECON208,ECON208
ECON,1,Microeconomic Analysis and Applications.,Microeconomic Analysis and Applications.
ECON,1,ECO10250,ECO10250
ECON,1,Principles of Microeconomics,Principles of Microeconomics
ECON,1,"ECON209


	
Macroeconomic Analysis and Applications.


	
EC311


	
Intermediate Macroeconomics


	Shanghai Jiao Tong University	China",ECON209,Macroeconomic Analysis and Applications.,EC311,Intermediate Macroeconomics,Shanghai Jiao Tong University	China
ECON,1,ECON209,ECON209
ECON,1,Macroeconomic Analysis and Applications.,Macroeconomic Analysis and Applications.
ECON,1,EC311,EC311
ECON,1,Intermediate Macroeconomics,Intermediate Macroeconomics
ECON,1,"ECON209


	
Macroeconomic Analysis and Applications.


	
ECN1010


	
Principes de macroéconomie


	Université Laval	Canada",ECON209,Macroeconomic Analysis and Applications.,ECN1010,Principes de macroéconomie,Université Laval	Canada
ECON,1,ECON209,ECON209
ECON,1,Macroeconomic Analysis and Applications.,Macroeconomic Analysis and Applications.
ECON,1,ECN1010,ECN1010
ECON,1,Principes de macroéconomie,Principes de macroéconomie
ECON,1,"ECON209


	
Macroeconomic Analysis and Applications.


	
ECON2123


	
Macroeconomics


	The Hong Kong University of Science and Technology	Hong Kong, SAR",ECON209,Macroeconomic Analysis and Applications.,ECON2123,Macroeconomics,"The Hong Kong University of Science and Technology	Hong Kong, SAR"
ECON,1,ECON209,ECON209
ECON,1,Macroeconomic Analysis and Applications.,Macroeconomic Analysis and Applications.
ECON,1,ECON2123,ECON2123
ECON,1,Macroeconomics,Macroeconomics
ECON,1,"ECON209


	
Macroeconomic Analysis and Applications.


	
ECON302


	
Intermediate Macroeconomics


	University of International Business and Economics (UIBE)	China",ECON209,Macroeconomic Analysis and Applications.,ECON302,Intermediate Macroeconomics,University of International Business and Economics (UIBE)	China
ECON,1,ECON209,ECON209
ECON,1,Macroeconomic Analysis and Applications.,Macroeconomic Analysis and Applications.
ECON,1,ECON302,ECON302
ECON,1,Intermediate Macroeconomics,Intermediate Macroeconomics
ECON,1,"ECON221


	
Economic History.


	
69065


	
Economic history


	University of Bologna	Italy",ECON221,Economic History.,69065,Economic history,University of Bologna	Italy
ECON,1,ECON221,ECON221
ECON,1,Economic History.,Economic History.
ECON,1,69065,69065
ECON,1,Economic history,Economic history
ECON,1,"ECON225


	
Economics of the Environment


	
2ZP301


	
introduction to environmental economics and policy


	Prague University of Economics and Business (VSE)	Czech Republic",ECON225,Economics of the Environment,2ZP301,introduction to environmental economics and policy,Prague University of Economics and Business (VSE)	Czech Republic
ECON,1,ECON225,ECON225
ECON,1,Economics of the Environment,Economics of the Environment
ECON,1,2ZP301,2ZP301
ECON,1,introduction to environmental economics and policy,introduction to environmental economics and policy
ECON,1,"ECON225


	
Economics of the Environment.


	
60431


	
The Economics of Climate Change


	Berlin University of Technology	Germany",ECON225,Economics of the Environment.,60431,The Economics of Climate Change,Berlin University of Technology	Germany
ECON,1,ECON225,ECON225
ECON,1,Economics of the Environment.,Economics of the Environment.
ECON,1,60431,60431
ECON,1,The Economics of Climate Change,The Economics of Climate Change
ECON,1,"ECON225


	
Economics of the Environment.


	
900122SSCY


	
Environmental Economics


	University of Amsterdam	Netherlands",ECON225,Economics of the Environment.,900122SSCY,Environmental Economics,University of Amsterdam	Netherlands
ECON,1,ECON225,ECON225
ECON,1,Economics of the Environment.,Economics of the Environment.
ECON,1,900122SSCY,900122SSCY
ECON,1,Environmental Economics,Environmental Economics
ECON,1,"ECON225


	
Economics of the Environment.


	
HE3024


	
Environmental Economics


	Nanyang Technological University	Singapore",ECON225,Economics of the Environment.,HE3024,Environmental Economics,Nanyang Technological University	Singapore
ECON,1,ECON225,ECON225
ECON,1,Economics of the Environment.,Economics of the Environment.
ECON,1,HE3024,HE3024
ECON,1,Environmental Economics,Environmental Economics
ECON,1,"ECON230D1


	
Microeconomic Theory.


	
ECN1000


	
Principes de microéconomie


	Université Laval	Canada",ECON230D1,Microeconomic Theory.,ECN1000,Principes de microéconomie,Université Laval	Canada
ECON,1,ECON230D1,ECON230D1
ECON,1,Microeconomic Theory.,Microeconomic Theory.
ECON,1,ECN1000,ECN1000
ECON,1,Principes de microéconomie,Principes de microéconomie
ECON,1,"ECON230D2


	
Microeconomic Theory.


	
ECN2000


	
Théorie des prix I


	Université Laval	Canada",ECON230D2,Microeconomic Theory.,ECN2000,Théorie des prix I,Université Laval	Canada
ECON,1,ECON230D2,ECON230D2
ECON,1,Microeconomic Theory.,Microeconomic Theory.
ECON,1,ECN2000,ECN2000
ECON,1,Théorie des prix I,Théorie des prix I
ECON,1,"ECON295


	
Macroeconomic Policy.


	
102


	
Introduction to Macroeconomics


	Rutgers University - Newark Campus	USA",ECON295,Macroeconomic Policy.,102,Introduction to Macroeconomics,Rutgers University - Newark Campus	USA
ECON,1,ECON295,ECON295
ECON,1,Macroeconomic Policy.,Macroeconomic Policy.
ECON,1,102,102
ECON,1,Introduction to Macroeconomics,Introduction to Macroeconomics
ECON,1,"ECON295


	
Macroeconomic Policy.


	
30409


	
MACROECONOMICS


	Luigi Bocconi University	Italy",ECON295,Macroeconomic Policy.,30409,MACROECONOMICS,Luigi Bocconi University	Italy
ECON,1,ECON295,ECON295
ECON,1,Macroeconomic Policy.,Macroeconomic Policy.
ECON,1,30409,30409
ECON,1,MACROECONOMICS,MACROECONOMICS
ECON,1,"ECON295


	
Macroeconomic Policy.


	
EC108


	
Macroeconomics


	Shanghai Jiao Tong University	China",ECON295,Macroeconomic Policy.,EC108,Macroeconomics,Shanghai Jiao Tong University	China
ECON,1,ECON295,ECON295
ECON,1,Macroeconomic Policy.,Macroeconomic Policy.
ECON,1,EC108,EC108
ECON,1,Macroeconomics,Macroeconomics
ECON,1,"ECON295


	
Macroeconomic Policy.


	
ECON2002


	
ECONOMICS 2B


	The University of Glasgow	Scotland, UK",ECON295,Macroeconomic Policy.,ECON2002,ECONOMICS 2B,"The University of Glasgow	Scotland, UK"
ECON,1,ECON295,ECON295
ECON,1,Macroeconomic Policy.,Macroeconomic Policy.
ECON,1,ECON2002,ECON2002
ECON,1,ECONOMICS 2B,ECONOMICS 2B
ECON,1,"ECON295


	
Macroeconomic Policy.


	
ECON2221


	
Introduction to Macroeconomics


	University of the Andes	Colombia",ECON295,Macroeconomic Policy.,ECON2221,Introduction to Macroeconomics,University of the Andes	Colombia
ECON,1,ECON295,ECON295
ECON,1,Macroeconomic Policy.,Macroeconomic Policy.
ECON,1,ECON2221,ECON2221
ECON,1,Introduction to Macroeconomics,Introduction to Macroeconomics
ECON,1,"ECON295


	
Macroeconomic Policy.


	
ECON223


	
Macroeconomics1


	University of Liverpool	England, UK",ECON295,Macroeconomic Policy.,ECON223,Macroeconomics1,"University of Liverpool	England, UK"
ECON,1,ECON295,ECON295
ECON,1,Macroeconomic Policy.,Macroeconomic Policy.
ECON,1,ECON223,ECON223
ECON,1,Macroeconomics1,Macroeconomics1
ECON,1,"ECON295


	
Macroeconomic Policy.


	
FCEEADE623


	
Economía Política Internacional


	Comillas Pontifical University	Spain",ECON295,Macroeconomic Policy.,FCEEADE623,Economía Política Internacional,Comillas Pontifical University	Spain
ECON,1,ECON295,ECON295
ECON,1,Macroeconomic Policy.,Macroeconomic Policy.
ECON,1,FCEEADE623,FCEEADE623
ECON,1,Economía Política Internacional,Economía Política Internacional
ECON,1,"ECON295


	
Macroeconomic Policy.


	
LUBS2281


	
Macroeconomic Policy and Performance


	University of Leeds	England, UK",ECON295,Macroeconomic Policy.,LUBS2281,Macroeconomic Policy and Performance,"University of Leeds	England, UK"
ECON,1,ECON295,ECON295
ECON,1,Macroeconomic Policy.,Macroeconomic Policy.
ECON,1,LUBS2281,LUBS2281
ECON,1,Macroeconomic Policy and Performance,Macroeconomic Policy and Performance
ECON,1,"ECON295


	
Macroeconomic Policy.


	
MACROECONOMIA


	
Macroeconomia


	Brazilian School of Public and Business Administration	Brazil",ECON295,Macroeconomic Policy.,MACROECONOMIA,Macroeconomia,Brazilian School of Public and Business Administration	Brazil
ECON,1,ECON295,ECON295
ECON,1,Macroeconomic Policy.,Macroeconomic Policy.
ECON,1,MACROECONOMIA,MACROECONOMIA
ECON,1,Macroeconomia,Macroeconomia
ECON,1,"ECON2XX


	
Economics (Arts) 2XX


	
23611


	
organizational behaviour


	University of Bologna	Italy",ECON2XX,Economics (Arts) 2XX,23611,organizational behaviour,University of Bologna	Italy
ECON,1,ECON2XX,ECON2XX
ECON,1,Economics (Arts) 2XX,Economics (Arts) 2XX
ECON,1,23611,23611
ECON,1,organizational behaviour,organizational behaviour
ECON,1,"ECON2XX


	
Economics (Arts) 2XX


	
2ME325


	
China’s Economic Engagement in the Visegrád Four Countries


	Prague University of Economics and Business (VSE)	Czech Republic",ECON2XX,Economics (Arts) 2XX,2ME325,China’s Economic Engagement in the Visegrád Four Countries,Prague University of Economics and Business (VSE)	Czech Republic
ECON,1,ECON2XX,ECON2XX
ECON,1,Economics (Arts) 2XX,Economics (Arts) 2XX
ECON,1,2ME325,2ME325
ECON,1,China’s Economic Engagement in the Visegrád Four Countries,China’s Economic Engagement in the Visegrád Four Countries
ECON,1,"ECON2XX


	
Economics (Arts) 2XX


	
81873


	
Cultural Economics and Management


	University of Bologna	Italy",ECON2XX,Economics (Arts) 2XX,81873,Cultural Economics and Management,University of Bologna	Italy
ECON,1,ECON2XX,ECON2XX
ECON,1,Economics (Arts) 2XX,Economics (Arts) 2XX
ECON,1,81873,81873
ECON,1,Cultural Economics and Management,Cultural Economics and Management
ECON,1,"ECON2XX


	
Economics (Arts) 2XX


	
84552


	
accounting and financial statements


	University of Bologna	Italy",ECON2XX,Economics (Arts) 2XX,84552,accounting and financial statements,University of Bologna	Italy
ECON,1,ECON2XX,ECON2XX
ECON,1,Economics (Arts) 2XX,Economics (Arts) 2XX
ECON,1,84552,84552
ECON,1,accounting and financial statements,accounting and financial statements
ECON,1,"ECON2XX


	
Economics (Arts) 2XX


	
87356


	
entrepreneurship and new venture implementation


	University of Bologna	Italy",ECON2XX,Economics (Arts) 2XX,87356,entrepreneurship and new venture implementation,University of Bologna	Italy
ECON,1,ECON2XX,ECON2XX
ECON,1,Economics (Arts) 2XX,Economics (Arts) 2XX
ECON,1,87356,87356
ECON,1,entrepreneurship and new venture implementation,entrepreneurship and new venture implementation
ECON,1,"ECON2XX


	
Economics (Arts) 2XX


	
AOKA08020U


	
Industrial Organization


	University of Copenhagen	Denmark",ECON2XX,Economics (Arts) 2XX,AOKA08020U,Industrial Organization,University of Copenhagen	Denmark
ECON,1,ECON2XX,ECON2XX
ECON,1,Economics (Arts) 2XX,Economics (Arts) 2XX
ECON,1,AOKA08020U,AOKA08020U
ECON,1,Industrial Organization,Industrial Organization
ECON,1,"ECON2XX


	
Economics (Arts) 2XX


	
CCCH9007


	
China in the Global Economy


	The University of Hong Kong (HKU)	Hong Kong, SAR",ECON2XX,Economics (Arts) 2XX,CCCH9007,China in the Global Economy,"The University of Hong Kong (HKU)	Hong Kong, SAR"
ECON,1,ECON2XX,ECON2XX
ECON,1,Economics (Arts) 2XX,Economics (Arts) 2XX
ECON,1,CCCH9007,CCCH9007
ECON,1,China in the Global Economy,China in the Global Economy
ECON,1,"ECON2XX


	
Economics (Arts) 2XX


	
CIX3002


	
BANK MANAGEMENT


	University of Malaya	Malaysia",ECON2XX,Economics (Arts) 2XX,CIX3002,BANK MANAGEMENT,University of Malaya	Malaysia
ECON,1,ECON2XX,ECON2XX
ECON,1,Economics (Arts) 2XX,Economics (Arts) 2XX
ECON,1,CIX3002,CIX3002
ECON,1,BANK MANAGEMENT,BANK MANAGEMENT
ECON,1,"ECON2XX


	
Economics (Arts) 2XX


	
DISS232


	
Global business ethics


	Korea University	South Korea",ECON2XX,Economics (Arts) 2XX,DISS232,Global business ethics,Korea University	South Korea
ECON,1,ECON2XX,ECON2XX
ECON,1,Economics (Arts) 2XX,Economics (Arts) 2XX
ECON,1,DISS232,DISS232
ECON,1,Global business ethics,Global business ethics
ECON,1,"ECON2XX


	
Economics (Arts) 2XX


	
ECO3116


	
GAME THEORY AND APPLICATIONS


	Yonsei University	South Korea",ECON2XX,Economics (Arts) 2XX,ECO3116,GAME THEORY AND APPLICATIONS,Yonsei University	South Korea
ECON,1,ECON2XX,ECON2XX
ECON,1,Economics (Arts) 2XX,Economics (Arts) 2XX
ECON,1,ECO3116,ECO3116
ECON,1,GAME THEORY AND APPLICATIONS,GAME THEORY AND APPLICATIONS
ECON,1,"ECON2XX


	
Economics (Arts) 2XX


	
ECON2275


	
THE POLITICAL ECONOMY OF LAW AND PUBLIC POLICY


	The University of Hong Kong (HKU)	Hong Kong, SAR",ECON2XX,Economics (Arts) 2XX,ECON2275,THE POLITICAL ECONOMY OF LAW AND PUBLIC POLICY,"The University of Hong Kong (HKU)	Hong Kong, SAR"
ECON,1,ECON2XX,ECON2XX
ECON,1,Economics (Arts) 2XX,Economics (Arts) 2XX
ECON,1,ECON2275,ECON2275
ECON,1,THE POLITICAL ECONOMY OF LAW AND PUBLIC POLICY,THE POLITICAL ECONOMY OF LAW AND PUBLIC POLICY
ECON,1,"ECON2XX


	
Economics (Arts) 2XX


	
EIF2003


	
Islamic economics


	University of Malaya	Malaysia",ECON2XX,Economics (Arts) 2XX,EIF2003,Islamic economics,University of Malaya	Malaysia
ECON,1,ECON2XX,ECON2XX
ECON,1,Economics (Arts) 2XX,Economics (Arts) 2XX
ECON,1,EIF2003,EIF2003
ECON,1,Islamic economics,Islamic economics
ECON,1,"ECON2XX


	
Economics (Arts) 2XX


	
IEE3591


	
Global Supply Chain Management


	Yonsei University	South Korea",ECON2XX,Economics (Arts) 2XX,IEE3591,Global Supply Chain Management,Yonsei University	South Korea
ECON,1,ECON2XX,ECON2XX
ECON,1,Economics (Arts) 2XX,Economics (Arts) 2XX
ECON,1,IEE3591,IEE3591
ECON,1,Global Supply Chain Management,Global Supply Chain Management
ECON,1,"ECON302


	
Money, Banking and Government Policy.


	
ECO1245


	
ECONOMIA MONETÁRIA


	Pontifical Catholic University of Rio de Janeiro	Brazil",ECON302,"Money, Banking and Government Policy.",ECO1245,ECONOMIA MONETÁRIA,Pontifical Catholic University of Rio de Janeiro	Brazil
ECON,1,ECON302,ECON302
ECON,1,"Money, Banking and Government Policy.","Money, Banking and Government Policy."
ECON,1,ECO1245,ECO1245
ECON,1,ECONOMIA MONETÁRIA,ECONOMIA MONETÁRIA
ECON,1,"ECON302


	
Money, Banking and Government Policy.


	
ECO349H1


	
Money, Banking and Financial Markets


	University of Toronto	Canada",ECON302,"Money, Banking and Government Policy.",ECO349H1,"Money, Banking and Financial Markets",University of Toronto	Canada
ECON,1,ECON302,ECON302
ECON,1,"Money, Banking and Government Policy.","Money, Banking and Government Policy."
ECON,1,ECO349H1,ECO349H1
ECON,1,"Money, Banking and Financial Markets","Money, Banking and Financial Markets"
ECON,1,"ECON304


	
Financial Instruments and Institutions.


	
FINANCE


	
Finance semestre 3


	Université de Toulouse-le-Mirail (Toulouse II)	France",ECON304,Financial Instruments and Institutions.,FINANCE,Finance semestre 3,Université de Toulouse-le-Mirail (Toulouse II)	France
ECON,1,ECON304,ECON304
ECON,1,Financial Instruments and Institutions.,Financial Instruments and Institutions.
ECON,1,FINANCE,FINANCE
ECON,1,Finance semestre 3,Finance semestre 3
ECON,1,"ECON304


	
Financial Instruments and Institutions.


	
S120001


	
Financial Markets


	University of Geneva	Switzerland",ECON304,Financial Instruments and Institutions.,S120001,Financial Markets,University of Geneva	Switzerland
ECON,1,ECON304,ECON304
ECON,1,Financial Instruments and Institutions.,Financial Instruments and Institutions.
ECON,1,S120001,S120001
ECON,1,Financial Markets,Financial Markets
ECON,1,"ECON306


	
Labour Markets and Wages.


	
ECON480


	
Labor Economics


	University of North Carolina at Chapel Hill	USA",ECON306,Labour Markets and Wages.,ECON480,Labor Economics,University of North Carolina at Chapel Hill	USA
ECON,1,ECON306,ECON306
ECON,1,Labour Markets and Wages.,Labour Markets and Wages.
ECON,1,ECON480,ECON480
ECON,1,Labor Economics,Labor Economics
ECON,1,"ECON310


	
Introduction to Behavioural Economics.


	
5IE462


	
Behavioral Economics


	Prague University of Economics and Business (VSE)	Czech Republic",ECON310,Introduction to Behavioural Economics.,5IE462,Behavioral Economics,Prague University of Economics and Business (VSE)	Czech Republic
ECON,1,ECON310,ECON310
ECON,1,Introduction to Behavioural Economics.,Introduction to Behavioural Economics.
ECON,1,5IE462,5IE462
ECON,1,Behavioral Economics,Behavioral Economics
ECON,1,"ECON310


	
Introduction to Behavioural Economics.


	
AOKA08005U


	
Microeconomics III


	University of Copenhagen	Denmark",ECON310,Introduction to Behavioural Economics.,AOKA08005U,Microeconomics III,University of Copenhagen	Denmark
ECON,1,ECON310,ECON310
ECON,1,Introduction to Behavioural Economics.,Introduction to Behavioural Economics.
ECON,1,AOKA08005U,AOKA08005U
ECON,1,Microeconomics III,Microeconomics III
ECON,1,"ECON310


	
Introduction to Behavioural Economics.


	
EC1015


	
Economia Conductual - Behavioral Economics


	Monterrey Institute of Technology and Higher Education	Mexico",ECON310,Introduction to Behavioural Economics.,EC1015,Economia Conductual - Behavioral Economics,Monterrey Institute of Technology and Higher Education	Mexico
ECON,1,ECON310,ECON310
ECON,1,Introduction to Behavioural Economics.,Introduction to Behavioural Economics.
ECON,1,EC1015,EC1015
ECON,1,Economia Conductual - Behavioral Economics,Economia Conductual - Behavioral Economics
ECON,1,"ECON313


	
Economic Development 1


	
16049


	
Development Economics


	Institut d'Études Politiques (Sciences Po) (ALL CAMPUSES)	France",ECON313,Economic Development 1,16049,Development Economics,Institut d'Études Politiques (Sciences Po) (ALL CAMPUSES)	France
ECON,1,ECON313,ECON313
ECON,1,Economic Development 1,Economic Development 1
ECON,1,16049,16049
ECON,1,Development Economics,Development Economics
ECON,1,"ECON313


	
Economic Development 1.


	
29168


	
Development Economics


	The University of Birmingham	England, UK",ECON313,Economic Development 1.,29168,Development Economics,"The University of Birmingham	England, UK"
ECON,1,ECON313,ECON313
ECON,1,Economic Development 1.,Economic Development 1.
ECON,1,29168,29168
ECON,1,Development Economics,Development Economics
ECON,1,"ECON313


	
Economic Development 1.


	
67695


	
Economics and Development


	Institut d'Études Politiques (Sciences Po) (ALL CAMPUSES)	France",ECON313,Economic Development 1.,67695,Economics and Development,Institut d'Études Politiques (Sciences Po) (ALL CAMPUSES)	France
ECON,1,ECON313,ECON313
ECON,1,Economic Development 1.,Economic Development 1.
ECON,1,67695,67695
ECON,1,Economics and Development,Economics and Development
ECON,1,"ECON313


	
Economic Development 1.


	
BSE4761A


	
Seminars in Business Economics: International Economics


	National University of Singapore	Singapore",ECON313,Economic Development 1.,BSE4761A,Seminars in Business Economics: International Economics,National University of Singapore	Singapore
ECON,1,ECON313,ECON313
ECON,1,Economic Development 1.,Economic Development 1.
ECON,1,BSE4761A,BSE4761A
ECON,1,Seminars in Business Economics: International Economics,Seminars in Business Economics: International Economics
ECON,1,"ECON313


	
Economic Development 1.


	
EC3021


	
Development Economics


	The City University (pre 2024)	England, UK",ECON313,Economic Development 1.,EC3021,Development Economics,"The City University (pre 2024)	England, UK"
ECON,1,ECON313,ECON313
ECON,1,Economic Development 1.,Economic Development 1.
ECON,1,EC3021,EC3021
ECON,1,Development Economics,Development Economics
ECON,1,"ECON313


	
Economic Development 1.


	
ECON401


	
Intermediate Microeconomics 2


	University of International Business and Economics (UIBE)	China",ECON313,Economic Development 1.,ECON401,Intermediate Microeconomics 2,University of International Business and Economics (UIBE)	China
ECON,1,ECON313,ECON313
ECON,1,Economic Development 1.,Economic Development 1.
ECON,1,ECON401,ECON401
ECON,1,Intermediate Microeconomics 2,Intermediate Microeconomics 2
ECON,1,"ECON313


	
Economic Development 1.


	
ECONOMICS


	
Sports Economics


	Catolica-Lisbon School of Business and Education	Portugal",ECON313,Economic Development 1.,ECONOMICS,Sports Economics,Catolica-Lisbon School of Business and Education	Portugal
ECON,1,ECON313,ECON313
ECON,1,Economic Development 1.,Economic Development 1.
ECON,1,ECONOMICS,ECONOMICS
ECON,1,Sports Economics,Sports Economics
ECON,1,"ECON314


	
Economic Development 2.


	
ECON402


	
Intermediate Macroeconomics 2


	University of International Business and Economics (UIBE)	China",ECON314,Economic Development 2.,ECON402,Intermediate Macroeconomics 2,University of International Business and Economics (UIBE)	China
ECON,1,ECON314,ECON314
ECON,1,Economic Development 2.,Economic Development 2.
ECON,1,ECON402,ECON402
ECON,1,Intermediate Macroeconomics 2,Intermediate Macroeconomics 2
ECON,1,"ECON319


	
Economic Crises.


	
JEB152


	
Recent Financial Crises


	Charles University in Prague	Czech Republic",ECON319,Economic Crises.,JEB152,Recent Financial Crises,Charles University in Prague	Czech Republic
ECON,1,ECON319,ECON319
ECON,1,Economic Crises.,Economic Crises.
ECON,1,JEB152,JEB152
ECON,1,Recent Financial Crises,Recent Financial Crises
ECON,1,"ECON326


	
Ecological Economics.


	
ECON20160


	
ECONOMICS OF THE ENVIRONMENT


	University College Dublin	Ireland",ECON326,Ecological Economics.,ECON20160,ECONOMICS OF THE ENVIRONMENT,University College Dublin	Ireland
ECON,1,ECON326,ECON326
ECON,1,Ecological Economics.,Ecological Economics.
ECON,1,ECON20160,ECON20160
ECON,1,ECONOMICS OF THE ENVIRONMENT,ECONOMICS OF THE ENVIRONMENT
ECON,1,"ECON332


	
Macroeconomic Theory: Majors 1.


	
EC2B3


	
Macroeconomics II


	University of London - London School of Economics and Political Science	England, UK",ECON332,Macroeconomic Theory: Majors 1.,EC2B3,Macroeconomics II,"University of London - London School of Economics and Political Science	England, UK"
ECON,1,ECON332,ECON332
ECON,1,Macroeconomic Theory: Majors 1.,Macroeconomic Theory: Majors 1.
ECON,1,EC2B3,EC2B3
ECON,1,Macroeconomics II,Macroeconomics II
ECON,1,"ECON332


	
Macroeconomic Theory: Majors 1.


	
ECO1242


	
Teoria Macroeconômica I


	Pontifical Catholic University of Rio de Janeiro	Brazil",ECON332,Macroeconomic Theory: Majors 1.,ECO1242,Teoria Macroeconômica I,Pontifical Catholic University of Rio de Janeiro	Brazil
ECON,1,ECON332,ECON332
ECON,1,Macroeconomic Theory: Majors 1.,Macroeconomic Theory: Majors 1.
ECON,1,ECO1242,ECO1242
ECON,1,Teoria Macroeconômica I,Teoria Macroeconômica I
ECON,1,"ECON333


	
Macroeconomic Theory - Majors 2.


	
EC2B5


	
Macroecnomics II (half unit)


	University of London - London School of Economics and Political Science	England, UK",ECON333,Macroeconomic Theory - Majors 2.,EC2B5,Macroecnomics II (half unit),"University of London - London School of Economics and Political Science	England, UK"
ECON,1,ECON333,ECON333
ECON,1,Macroeconomic Theory - Majors 2.,Macroeconomic Theory - Majors 2.
ECON,1,EC2B5,EC2B5
ECON,1,Macroecnomics II (half unit),Macroecnomics II (half unit)
ECON,1,"ECON333


	
Macroeconomic Theory - Majors 2.


	
MACROECONOMIE


	
MACROECONOMIE (partie 2)


	Université de Toulouse-le-Mirail (Toulouse II)	France",ECON333,Macroeconomic Theory - Majors 2.,MACROECONOMIE,MACROECONOMIE (partie 2),Université de Toulouse-le-Mirail (Toulouse II)	France
ECON,1,ECON333,ECON333
ECON,1,Macroeconomic Theory - Majors 2.,Macroeconomic Theory - Majors 2.
ECON,1,MACROECONOMIE,MACROECONOMIE
ECON,1,MACROECONOMIE (partie 2),MACROECONOMIE (partie 2)
ECON,1,"ECON333


	
Macroeconomic Theory - Majors 2.


	
MACROECONOMIE1


	
Macroeconomie (partie 1)


	Université de Toulouse-le-Mirail (Toulouse II)	France",ECON333,Macroeconomic Theory - Majors 2.,MACROECONOMIE1,Macroeconomie (partie 1),Université de Toulouse-le-Mirail (Toulouse II)	France
ECON,1,ECON333,ECON333
ECON,1,Macroeconomic Theory - Majors 2.,Macroeconomic Theory - Majors 2.
ECON,1,MACROECONOMIE1,MACROECONOMIE1
ECON,1,Macroeconomie (partie 1),Macroeconomie (partie 1)
ECON,1,"ECON336


	
The Chinese Economy.


	
AIG2014


	
ECONOMIC POLICY OF CHINA


	University of Malaya	Malaysia",ECON336,The Chinese Economy.,AIG2014,ECONOMIC POLICY OF CHINA,University of Malaya	Malaysia
ECON,1,ECON336,ECON336
ECON,1,The Chinese Economy.,The Chinese Economy.
ECON,1,AIG2014,AIG2014
ECON,1,ECONOMIC POLICY OF CHINA,ECONOMIC POLICY OF CHINA
ECON,1,"ECON337


	
Introductory Econometrics 1.


	
5SSPP213


	
Econometrics


	University of London - King's College London	England, UK",ECON337,Introductory Econometrics 1.,5SSPP213,Econometrics,"University of London - King's College London	England, UK"
ECON,1,ECON337,ECON337
ECON,1,Introductory Econometrics 1.,Introductory Econometrics 1.
ECON,1,5SSPP213,5SSPP213
ECON,1,Econometrics,Econometrics
ECON,1,"ECON337


	
Introductory Econometrics 1.


	
BUSI2001


	
Introductory Econometrics


	The University of Nottingham	England, UK",ECON337,Introductory Econometrics 1.,BUSI2001,Introductory Econometrics,"The University of Nottingham	England, UK"
ECON,1,ECON337,ECON337
ECON,1,Introductory Econometrics 1.,Introductory Econometrics 1.
ECON,1,BUSI2001,BUSI2001
ECON,1,Introductory Econometrics,Introductory Econometrics
ECON,1,"ECON337


	
Introductory Econometrics 1.


	
EC2C3


	
Econometrics I


	University of London - London School of Economics and Political Science	England, UK",ECON337,Introductory Econometrics 1.,EC2C3,Econometrics I,"University of London - London School of Economics and Political Science	England, UK"
ECON,1,ECON337,ECON337
ECON,1,Introductory Econometrics 1.,Introductory Econometrics 1.
ECON,1,EC2C3,EC2C3
ECON,1,Econometrics I,Econometrics I
ECON,1,"ECON337


	
Introductory Econometrics 1.


	
EC340


	
Econometrics Concepts and Application


	University of International Business and Economics (UIBE)	China",ECON337,Introductory Econometrics 1.,EC340,Econometrics Concepts and Application,University of International Business and Economics (UIBE)	China
ECON,1,ECON337,ECON337
ECON,1,Introductory Econometrics 1.,Introductory Econometrics 1.
ECON,1,EC340,EC340
ECON,1,Econometrics Concepts and Application,Econometrics Concepts and Application
ECON,1,"ECON337


	
Introductory Econometrics 1.


	
EC340


	
Econometrics Concepts and Application


	Shanghai Jiao Tong University	China",ECON337,Introductory Econometrics 1.,EC340,Econometrics Concepts and Application,Shanghai Jiao Tong University	China
ECON,1,ECON337,ECON337
ECON,1,Introductory Econometrics 1.,Introductory Econometrics 1.
ECON,1,EC340,EC340
ECON,1,Econometrics Concepts and Application,Econometrics Concepts and Application
ECON,1,"ECON337


	
Introductory Econometrics 1.


	
ECON3121


	
Introductory Econometrics


	The Chinese University of Hong Kong	Hong Kong, SAR",ECON337,Introductory Econometrics 1.,ECON3121,Introductory Econometrics,"The Chinese University of Hong Kong	Hong Kong, SAR"
ECON,1,ECON337,ECON337
ECON,1,Introductory Econometrics 1.,Introductory Econometrics 1.
ECON,1,ECON3121,ECON3121
ECON,1,Introductory Econometrics,Introductory Econometrics
ECON,1,"ECON338


	
Introductory Econometrics 2.


	
EC2C4


	
Econometrics II


	University of London - London School of Economics and Political Science	England, UK",ECON338,Introductory Econometrics 2.,EC2C4,Econometrics II,"University of London - London School of Economics and Political Science	England, UK"
ECON,1,ECON338,ECON338
ECON,1,Introductory Econometrics 2.,Introductory Econometrics 2.
ECON,1,EC2C4,EC2C4
ECON,1,Econometrics II,Econometrics II
ECON,1,"ECON350


	
Gender and Economics .


	
22BO0070


	
Gender Economics


	University of Zurich	Switzerland",ECON350,Gender and Economics .,22BO0070,Gender Economics,University of Zurich	Switzerland
ECON,1,ECON350,ECON350
ECON,1,Gender and Economics .,Gender and Economics .
ECON,1,22BO0070,22BO0070
ECON,1,Gender Economics,Gender Economics
ECON,1,"ECON354


	
Macroeconomics - Honours 2.


	
ECN2030


	
Théorie Macroéconomique II


	Université Laval	Canada",ECON354,Macroeconomics - Honours 2.,ECN2030,Théorie Macroéconomique II,Université Laval	Canada
ECON,1,ECON354,ECON354
ECON,1,Macroeconomics - Honours 2.,Macroeconomics - Honours 2.
ECON,1,ECN2030,ECN2030
ECON,1,Théorie Macroéconomique II,Théorie Macroéconomique II
ECON,1,"ECON3XX


	
Economics (Arts) 3XX


	
0IECOX05


	
Game Theory


	Université de Paris Dauphine	France",ECON3XX,Economics (Arts) 3XX,0IECOX05,Game Theory,Université de Paris Dauphine	France
ECON,1,ECON3XX,ECON3XX
ECON,1,Economics (Arts) 3XX,Economics (Arts) 3XX
ECON,1,0IECOX05,0IECOX05
ECON,1,Game Theory,Game Theory
ECON,1,"ECON3XX


	
Economics (Arts) 3XX


	
25751


	
international economics


	University of Bologna	Italy",ECON3XX,Economics (Arts) 3XX,25751,international economics,University of Bologna	Italy
ECON,1,ECON3XX,ECON3XX
ECON,1,Economics (Arts) 3XX,Economics (Arts) 3XX
ECON,1,25751,25751
ECON,1,international economics,international economics
ECON,1,"ECON3XX


	
Economics (Arts) 3XX


	
37068


	
principles of management


	University of Bologna	Italy",ECON3XX,Economics (Arts) 3XX,37068,principles of management,University of Bologna	Italy
ECON,1,ECON3XX,ECON3XX
ECON,1,Economics (Arts) 3XX,Economics (Arts) 3XX
ECON,1,37068,37068
ECON,1,principles of management,principles of management
ECON,1,"ECON3XX


	
Economics (Arts) 3XX


	
48142


	
business strategy


	University of Bologna	Italy",ECON3XX,Economics (Arts) 3XX,48142,business strategy,University of Bologna	Italy
ECON,1,ECON3XX,ECON3XX
ECON,1,Economics (Arts) 3XX,Economics (Arts) 3XX
ECON,1,48142,48142
ECON,1,business strategy,business strategy
ECON,1,"ECON3XX


	
Economics (Arts) 3XX


	
96991


	
Economic development, inequality and growth


	University of Bologna	Italy",ECON3XX,Economics (Arts) 3XX,96991,"Economic development, inequality and growth",University of Bologna	Italy
ECON,1,ECON3XX,ECON3XX
ECON,1,Economics (Arts) 3XX,Economics (Arts) 3XX
ECON,1,96991,96991
ECON,1,"Economic development, inequality and growth","Economic development, inequality and growth"
ECON,1,"ECON3XX


	
Economics (Arts) 3XX


	
AGRI20042


	
Agricultural economics


	University of Melbourne	Australia",ECON3XX,Economics (Arts) 3XX,AGRI20042,Agricultural economics,University of Melbourne	Australia
ECON,1,ECON3XX,ECON3XX
ECON,1,Economics (Arts) 3XX,Economics (Arts) 3XX
ECON,1,AGRI20042,AGRI20042
ECON,1,Agricultural economics,Agricultural economics
ECON,1,"ECON3XX


	
Economics (Arts) 3XX


	
AIG3017


	
CHINA-ASEAN RELATIONS


	University of Malaya	Malaysia",ECON3XX,Economics (Arts) 3XX,AIG3017,CHINA-ASEAN RELATIONS,University of Malaya	Malaysia
ECON,1,ECON3XX,ECON3XX
ECON,1,Economics (Arts) 3XX,Economics (Arts) 3XX
ECON,1,AIG3017,AIG3017
ECON,1,CHINA-ASEAN RELATIONS,CHINA-ASEAN RELATIONS
ECON,1,"ECON3XX


	
Economics (Arts) 3XX


	
AOKK08410U


	
Field experiments


	University of Copenhagen	Denmark",ECON3XX,Economics (Arts) 3XX,AOKK08410U,Field experiments,University of Copenhagen	Denmark
ECON,1,ECON3XX,ECON3XX
ECON,1,Economics (Arts) 3XX,Economics (Arts) 3XX
ECON,1,AOKK08410U,AOKK08410U
ECON,1,Field experiments,Field experiments
ECON,1,"ECON3XX


	
Economics (Arts) 3XX


	
B1431


	
STRATEGY, BEHAVIOUR, AND POLICY IN ECONOMICS


	University of Bologna	Italy",ECON3XX,Economics (Arts) 3XX,B1431,"STRATEGY, BEHAVIOUR, AND POLICY IN ECONOMICS",University of Bologna	Italy
ECON,1,ECON3XX,ECON3XX
ECON,1,Economics (Arts) 3XX,Economics (Arts) 3XX
ECON,1,B1431,B1431
ECON,1,"STRATEGY, BEHAVIOUR, AND POLICY IN ECONOMICS","STRATEGY, BEHAVIOUR, AND POLICY IN ECONOMICS"
ECON,1,"ECON3XX


	
Economics (Arts) 3XX


	
CCHU9069


	
Economic Logic of Civilizations: How Human Societies Have Innovated to Deal with Risk


	The University of Hong Kong (HKU)	Hong Kong, SAR",ECON3XX,Economics (Arts) 3XX,CCHU9069,Economic Logic of Civilizations: How Human Societies Have Innovated to Deal with Risk,"The University of Hong Kong (HKU)	Hong Kong, SAR"
ECON,1,ECON3XX,ECON3XX
ECON,1,Economics (Arts) 3XX,Economics (Arts) 3XX
ECON,1,CCHU9069,CCHU9069
ECON,1,Economic Logic of Civilizations: How Human Societies Have Innovated to Deal with Risk,Economic Logic of Civilizations: How Human Societies Have Innovated to Deal with Risk
ECON,1,"ECON3XX


	
Economics (Arts) 3XX


	
CMCE10001


	
Sustainable commerce


	University of Melbourne	Australia",ECON3XX,Economics (Arts) 3XX,CMCE10001,Sustainable commerce,University of Melbourne	Australia
ECON,1,ECON3XX,ECON3XX
ECON,1,Economics (Arts) 3XX,Economics (Arts) 3XX
ECON,1,CMCE10001,CMCE10001
ECON,1,Sustainable commerce,Sustainable commerce
ECON,1,"ECON3XX


	
Economics (Arts) 3XX


	
EIG2004


	
FINANCIAL ECONOMICS


	University of Malaya	Malaysia",ECON3XX,Economics (Arts) 3XX,EIG2004,FINANCIAL ECONOMICS,University of Malaya	Malaysia
ECON,1,ECON3XX,ECON3XX
ECON,1,Economics (Arts) 3XX,Economics (Arts) 3XX
ECON,1,EIG2004,EIG2004
ECON,1,FINANCIAL ECONOMICS,FINANCIAL ECONOMICS
ECON,1,"ECON3XX


	
Economics (Arts) 3XX


	
IEE2028


	
Marketing


	Yonsei University	South Korea",ECON3XX,Economics (Arts) 3XX,IEE2028,Marketing,Yonsei University	South Korea
ECON,1,ECON3XX,ECON3XX
ECON,1,Economics (Arts) 3XX,Economics (Arts) 3XX
ECON,1,IEE2028,IEE2028
ECON,1,Marketing,Marketing
ECON,1,"ECON3XX


	
Economics (Arts) 3XX


	
NO


	
Market Design and the Economics of Asymmetric Information


	University of Lausanne	Switzerland",ECON3XX,Economics (Arts) 3XX,NO,Market Design and the Economics of Asymmetric Information,University of Lausanne	Switzerland
ECON,1,ECON3XX,ECON3XX
ECON,1,Economics (Arts) 3XX,Economics (Arts) 3XX
ECON,1,NO,NO
ECON,1,Market Design and the Economics of Asymmetric Information,Market Design and the Economics of Asymmetric Information
ECON,1,"ECON406


	
Topics in Economic Policy.


	
LEC4112


	
Institutional Economics


	University of the Americas Puebla (UDLAP)	Mexico",ECON406,Topics in Economic Policy.,LEC4112,Institutional Economics,University of the Americas Puebla (UDLAP)	Mexico
ECON,1,ECON406,ECON406
ECON,1,Topics in Economic Policy.,Topics in Economic Policy.
ECON,1,LEC4112,LEC4112
ECON,1,Institutional Economics,Institutional Economics
ECON,1,"ECON409


	
Public Sector Economics 2.


	
JEB025


	
Public Finance


	Charles University in Prague	Czech Republic",ECON409,Public Sector Economics 2.,JEB025,Public Finance,Charles University in Prague	Czech Republic
ECON,1,ECON409,ECON409
ECON,1,Public Sector Economics 2.,Public Sector Economics 2.
ECON,1,JEB025,JEB025
ECON,1,Public Finance,Public Finance
ECON,1,"ECON423


	
International Trade.


	
EC341


	
International Economics


	Shanghai Jiao Tong University	China",ECON423,International Trade.,EC341,International Economics,Shanghai Jiao Tong University	China
ECON,1,ECON423,ECON423
ECON,1,International Trade.,International Trade.
ECON,1,EC341,EC341
ECON,1,International Economics,International Economics
ECON,1,"ECON423


	
International Trade.


	
S210002


	
International Trade


	University of Geneva	Switzerland",ECON423,International Trade.,S210002,International Trade,University of Geneva	Switzerland
ECON,1,ECON423,ECON423
ECON,1,International Trade.,International Trade.
ECON,1,S210002,S210002
ECON,1,International Trade,International Trade
ECON,1,"ECON424


	
International Payments.


	
ECONOMIEINTERNATIONAL


	
Economie International semestre 4


	Université de Toulouse-le-Mirail (Toulouse II)	France",ECON424,International Payments.,ECONOMIEINTERNATIONAL,Economie International semestre 4,Université de Toulouse-le-Mirail (Toulouse II)	France
ECON,1,ECON424,ECON424
ECON,1,International Payments.,International Payments.
ECON,1,ECONOMIEINTERNATIONAL,ECONOMIEINTERNATIONAL
ECON,1,Economie International semestre 4,Economie International semestre 4
ECON,1,"ECON426


	
Labour Economics.


	
S210009


	
Labour Economics


	University of Geneva	Switzerland",ECON426,Labour Economics.,S210009,Labour Economics,University of Geneva	Switzerland
ECON,1,ECON426,ECON426
ECON,1,Labour Economics.,Labour Economics.
ECON,1,S210009,S210009
ECON,1,Labour Economics,Labour Economics
ECON,1,"ECON440


	
Health Economics.


	
HAD5725H


	
Health Economics


	University of Toronto	Canada",ECON440,Health Economics.,HAD5725H,Health Economics,University of Toronto	Canada
ECON,1,ECON440,ECON440
ECON,1,Health Economics.,Health Economics.
ECON,1,HAD5725H,HAD5725H
ECON,1,Health Economics,Health Economics
ECON,1,"ECON4XX


	
Economics (Arts) 4XX


	
AOKA08209U


	
Economics of Education


	University of Copenhagen	Denmark",ECON4XX,Economics (Arts) 4XX,AOKA08209U,Economics of Education,University of Copenhagen	Denmark
ECON,1,ECON4XX,ECON4XX
ECON,1,Economics (Arts) 4XX,Economics (Arts) 4XX
ECON,1,AOKA08209U,AOKA08209U
ECON,1,Economics of Education,Economics of Education
ECON,1,"New Search	
	Refine Search",New Search,Refine Search
ECON,1,"New Search	
	Refine Search",New Search,Refine Search
ENGL,1,"Legend:	
	  Equivalent
	
	  Not Equivalent
	
	  Expired",Legend:,Equivalent,Not Equivalent,Expired
ENGL,1,Equivalent,Equivalent
ENGL,1,Not Equivalent,Not Equivalent
ENGL,1,Expired,Expired
ENGL,1,"New Search	
	Refine Search",New Search,Refine Search
ENGL,1,"New Search	
	Refine Search",New Search,Refine Search
ENGL,1,"McGill University
	
External Institution",McGill University,External Institution
ENGL,1,"Course
	
Title
	
Course
	
Title
	
Institution
	
Country
	
Status",Course,Title,Course,Title,Institution,Country,Status
ENGL,1,"ENGL1XX


	
English (Arts) 1XX


	
CS2101


	
Public Relations Writing


	Nanyang Technological University	Singapore",ENGL1XX,English (Arts) 1XX,CS2101,Public Relations Writing,Nanyang Technological University	Singapore
ENGL,1,ENGL1XX,ENGL1XX
ENGL,1,English (Arts) 1XX,English (Arts) 1XX
ENGL,1,CS2101,CS2101
ENGL,1,Public Relations Writing,Public Relations Writing
ENGL,1,"ENGL1XX


	
English (Arts) 1XX


	
HEED174


	
TEXTILE FIBERS


	Korea University	South Korea",ENGL1XX,English (Arts) 1XX,HEED174,TEXTILE FIBERS,Korea University	South Korea
ENGL,1,ENGL1XX,ENGL1XX
ENGL,1,English (Arts) 1XX,English (Arts) 1XX
ENGL,1,HEED174,HEED174
ENGL,1,TEXTILE FIBERS,TEXTILE FIBERS
ENGL,1,"ENGL1XX


	
English (Arts) 1XX


	
LAX082B05


	
Theories of Culture IIIa


	University of Groningen	Netherlands",ENGL1XX,English (Arts) 1XX,LAX082B05,Theories of Culture IIIa,University of Groningen	Netherlands
ENGL,1,ENGL1XX,ENGL1XX
ENGL,1,English (Arts) 1XX,English (Arts) 1XX
ENGL,1,LAX082B05,LAX082B05
ENGL,1,Theories of Culture IIIa,Theories of Culture IIIa
ENGL,1,"ENGL1XX


	
English (Arts) 1XX


	
MODL10010


	
Classics of European Cinema


	University of Bristol	England, UK",ENGL1XX,English (Arts) 1XX,MODL10010,Classics of European Cinema,"University of Bristol	England, UK"
ENGL,1,ENGL1XX,ENGL1XX
ENGL,1,English (Arts) 1XX,English (Arts) 1XX
ENGL,1,MODL10010,MODL10010
ENGL,1,Classics of European Cinema,Classics of European Cinema
ENGL,1,"ENGL1XX


	
English (Arts) 1XX


	
ENG100H1


	
Effective Writing


	University of Toronto	Canada",ENGL1XX,English (Arts) 1XX,ENG100H1,Effective Writing,University of Toronto	Canada
ENGL,1,ENGL1XX,ENGL1XX
ENGL,1,English (Arts) 1XX,English (Arts) 1XX
ENGL,1,ENG100H1,ENG100H1
ENGL,1,Effective Writing,Effective Writing
ENGL,1,"ENGL200


	
Survey of English Literature 1.


	
ENGL267


	
History of English Literature Before the 19th Century


	Korea University	South Korea",ENGL200,Survey of English Literature 1.,ENGL267,History of English Literature Before the 19th Century,Korea University	South Korea
ENGL,1,ENGL200,ENGL200
ENGL,1,Survey of English Literature 1.,Survey of English Literature 1.
ENGL,1,ENGL267,ENGL267
ENGL,1,History of English Literature Before the 19th Century,History of English Literature Before the 19th Century
ENGL,1,"ENGL215


	
Introduction to Shakespeare.


	
ENGL20372


	
Shakespeare


	The University of Manchester	England, UK",ENGL215,Introduction to Shakespeare.,ENGL20372,Shakespeare,"The University of Manchester	England, UK"
ENGL,1,ENGL215,ENGL215
ENGL,1,Introduction to Shakespeare.,Introduction to Shakespeare.
ENGL,1,ENGL20372,ENGL20372
ENGL,1,Shakespeare,Shakespeare
ENGL,1,"ENGL215


	
Introduction to Shakespeare.


	
ENGL325


	
Shakespeare II


	Athabasca University	Canada",ENGL215,Introduction to Shakespeare.,ENGL325,Shakespeare II,Athabasca University	Canada
ENGL,1,ENGL215,ENGL215
ENGL,1,Introduction to Shakespeare.,Introduction to Shakespeare.
ENGL,1,ENGL325,ENGL325
ENGL,1,Shakespeare II,Shakespeare II
ENGL,1,"ENGL215


	
Introduction to Shakespeare.


	
SHAKESPEARE


	
Shakespeare and the Supernatural


	Université Jean Moulin (Lyon III)	France",ENGL215,Introduction to Shakespeare.,SHAKESPEARE,Shakespeare and the Supernatural,Université Jean Moulin (Lyon III)	France
ENGL,1,ENGL215,ENGL215
ENGL,1,Introduction to Shakespeare.,Introduction to Shakespeare.
ENGL,1,SHAKESPEARE,SHAKESPEARE
ENGL,1,Shakespeare and the Supernatural,Shakespeare and the Supernatural
ENGL,1,"ENGL227


	
American Literature 3.


	
AL312


	
Survey of American Literature II


	Bogazici (Bosphorus) University	Turkey",ENGL227,American Literature 3.,AL312,Survey of American Literature II,Bogazici (Bosphorus) University	Turkey
ENGL,1,ENGL227,ENGL227
ENGL,1,American Literature 3.,American Literature 3.
ENGL,1,AL312,AL312
ENGL,1,Survey of American Literature II,Survey of American Literature II
ENGL,1,"ENGL230


	
Introduction to Theatre Studies.


	
ADV0000077


	
Highlights of Czech Theater


	Charles University in Prague	Czech Republic",ENGL230,Introduction to Theatre Studies.,ADV0000077,Highlights of Czech Theater,Charles University in Prague	Czech Republic
ENGL,1,ENGL230,ENGL230
ENGL,1,Introduction to Theatre Studies.,Introduction to Theatre Studies.
ENGL,1,ADV0000077,ADV0000077
ENGL,1,Highlights of Czech Theater,Highlights of Czech Theater
ENGL,1,"ENGL237


	
Introduction to Study of a Literary Form.


	
DRAM10020


	
Theatre Matters


	University College Dublin	Ireland",ENGL237,Introduction to Study of a Literary Form.,DRAM10020,Theatre Matters,University College Dublin	Ireland
ENGL,1,ENGL237,ENGL237
ENGL,1,Introduction to Study of a Literary Form.,Introduction to Study of a Literary Form.
ENGL,1,DRAM10020,DRAM10020
ENGL,1,Theatre Matters,Theatre Matters
ENGL,1,"ENGL250


	
The Art of Theatre.


	
DRAM30100


	
Contemporary Theatre and Performance


	University College Dublin	Ireland",ENGL250,The Art of Theatre.,DRAM30100,Contemporary Theatre and Performance,University College Dublin	Ireland
ENGL,1,ENGL250,ENGL250
ENGL,1,The Art of Theatre.,The Art of Theatre.
ENGL,1,DRAM30100,DRAM30100
ENGL,1,Contemporary Theatre and Performance,Contemporary Theatre and Performance
ENGL,1,"ENGL269


	
Introduction to Performance.


	
DRAM20030


	
Staging Performance


	University College Dublin	Ireland",ENGL269,Introduction to Performance.,DRAM20030,Staging Performance,University College Dublin	Ireland
ENGL,1,ENGL269,ENGL269
ENGL,1,Introduction to Performance.,Introduction to Performance.
ENGL,1,DRAM20030,DRAM20030
ENGL,1,Staging Performance,Staging Performance
ENGL,1,"ENGL275


	
Introduction to Cultural Studies.


	
ANTHRO110


	
Culture and Creativity


	The University of Auckland / Te Whare Wananga o Tamaki Makaurau	New Zealand",ENGL275,Introduction to Cultural Studies.,ANTHRO110,Culture and Creativity,The University of Auckland / Te Whare Wananga o Tamaki Makaurau	New Zealand
ENGL,1,ENGL275,ENGL275
ENGL,1,Introduction to Cultural Studies.,Introduction to Cultural Studies.
ENGL,1,ANTHRO110,ANTHRO110
ENGL,1,Culture and Creativity,Culture and Creativity
ENGL,1,"ENGL277


	
Introduction to Film Studies.


	
AF368L


	
Politics, Visuality, and Experimentation: Czech and Slovak Cinema from the 1950s to Present


	Charles University in Prague	Czech Republic",ENGL277,Introduction to Film Studies.,AF368L,"Politics, Visuality, and Experimentation: Czech and Slovak Cinema from the 1950s to Present",Charles University in Prague	Czech Republic
ENGL,1,ENGL277,ENGL277
ENGL,1,Introduction to Film Studies.,Introduction to Film Studies.
ENGL,1,AF368L,AF368L
ENGL,1,"Politics, Visuality, and Experimentation: Czech and Slovak Cinema from the 1950s to Present","Politics, Visuality, and Experimentation: Czech and Slovak Cinema from the 1950s to Present"
ENGL,1,"ENGL277


	
Introduction to Film Studies.


	
EN2203


	
Introduction to Film Studies


	National University of Singapore	Singapore",ENGL277,Introduction to Film Studies.,EN2203,Introduction to Film Studies,National University of Singapore	Singapore
ENGL,1,ENGL277,ENGL277
ENGL,1,Introduction to Film Studies.,Introduction to Film Studies.
ENGL,1,EN2203,EN2203
ENGL,1,Introduction to Film Studies,Introduction to Film Studies
ENGL,1,"ENGL277


	
Introduction to Film Studies.


	
FT312


	
Studies of Film Making


	Shanghai Jiao Tong University	China",ENGL277,Introduction to Film Studies.,FT312,Studies of Film Making,Shanghai Jiao Tong University	China
ENGL,1,ENGL277,ENGL277
ENGL,1,Introduction to Film Studies.,Introduction to Film Studies.
ENGL,1,FT312,FT312
ENGL,1,Studies of Film Making,Studies of Film Making
ENGL,1,"ENGL279


	
Introduction to Film as Art.


	
JMCO387


	
Aesthetics of Visual Media


	Korea University	South Korea",ENGL279,Introduction to Film as Art.,JMCO387,Aesthetics of Visual Media,Korea University	South Korea
ENGL,1,ENGL279,ENGL279
ENGL,1,Introduction to Film as Art.,Introduction to Film as Art.
ENGL,1,JMCO387,JMCO387
ENGL,1,Aesthetics of Visual Media,Aesthetics of Visual Media
ENGL,1,"ENGL290


	
Postcolonial and World Literatures in English.


	
ENU2007


	
Postcolonial Literature: An Introduction to Key Debates and Texts


	The University of Dublin (Trinity College)	Ireland",ENGL290,Postcolonial and World Literatures in English.,ENU2007,Postcolonial Literature: An Introduction to Key Debates and Texts,The University of Dublin (Trinity College)	Ireland
ENGL,1,ENGL290,ENGL290
ENGL,1,Postcolonial and World Literatures in English.,Postcolonial and World Literatures in English.
ENGL,1,ENU2007,ENU2007
ENGL,1,Postcolonial Literature: An Introduction to Key Debates and Texts,Postcolonial Literature: An Introduction to Key Debates and Texts
ENGL,1,"ENGL297


	
Special Topics of Literary Study.


	
CRWRIUA818002


	
Writers in New York: Fiction


	New York University (NYU)	USA",ENGL297,Special Topics of Literary Study.,CRWRIUA818002,Writers in New York: Fiction,New York University (NYU)	USA
ENGL,1,ENGL297,ENGL297
ENGL,1,Special Topics of Literary Study.,Special Topics of Literary Study.
ENGL,1,CRWRIUA818002,CRWRIUA818002
ENGL,1,Writers in New York: Fiction,Writers in New York: Fiction
ENGL,1,"ENGL297


	
Special Topics of Literary Study.


	
ENGL20492


	
Writing, Identity, and Nation


	The University of Manchester	England, UK",ENGL297,Special Topics of Literary Study.,ENGL20492,"Writing, Identity, and Nation","The University of Manchester	England, UK"
ENGL,1,ENGL297,ENGL297
ENGL,1,Special Topics of Literary Study.,Special Topics of Literary Study.
ENGL,1,ENGL20492,ENGL20492
ENGL,1,"Writing, Identity, and Nation","Writing, Identity, and Nation"
ENGL,1,"ENGL297


	
Special Topics of Literary Study.


	
ENGL235


	
Short Fiction


	Concordia University	Canada",ENGL297,Special Topics of Literary Study.,ENGL235,Short Fiction,Concordia University	Canada
ENGL,1,ENGL297,ENGL297
ENGL,1,Special Topics of Literary Study.,Special Topics of Literary Study.
ENGL,1,ENGL235,ENGL235
ENGL,1,Short Fiction,Short Fiction
ENGL,1,"ENGL297


	
Special Topics of Literary Study.


	
HL1001


	
Introduction to the Study of Literature


	Nanyang Technological University	Singapore",ENGL297,Special Topics of Literary Study.,HL1001,Introduction to the Study of Literature,Nanyang Technological University	Singapore
ENGL,1,ENGL297,ENGL297
ENGL,1,Special Topics of Literary Study.,Special Topics of Literary Study.
ENGL,1,HL1001,HL1001
ENGL,1,Introduction to the Study of Literature,Introduction to the Study of Literature
ENGL,1,"ENGL2XX


	
English (Arts) 2XX


	
2100


	
ENG 2100 Writing 1


	Baruch College (CUNY)	USA",ENGL2XX,English (Arts) 2XX,2100,ENG 2100 Writing 1,Baruch College (CUNY)	USA
ENGL,1,ENGL2XX,ENGL2XX
ENGL,1,English (Arts) 2XX,English (Arts) 2XX
ENGL,1,2100,2100
ENGL,1,ENG 2100 Writing 1,ENG 2100 Writing 1
ENGL,1,"ENGL2XX


	
English (Arts) 2XX


	
5AAEB089


	
Afrofuturism


	University of London - King's College London	England, UK",ENGL2XX,English (Arts) 2XX,5AAEB089,Afrofuturism,"University of London - King's College London	England, UK"
ENGL,1,ENGL2XX,ENGL2XX
ENGL,1,English (Arts) 2XX,English (Arts) 2XX
ENGL,1,5AAEB089,5AAEB089
ENGL,1,Afrofuturism,Afrofuturism
ENGL,1,"ENGL2XX


	
English (Arts) 2XX


	
AFM111


	
Professional Pathways and Problem Solving


	University of Waterloo	Canada",ENGL2XX,English (Arts) 2XX,AFM111,Professional Pathways and Problem Solving,University of Waterloo	Canada
ENGL,1,ENGL2XX,ENGL2XX
ENGL,1,English (Arts) 2XX,English (Arts) 2XX
ENGL,1,AFM111,AFM111
ENGL,1,Professional Pathways and Problem Solving,Professional Pathways and Problem Solving
ENGL,1,"ENGL2XX


	
English (Arts) 2XX


	
DSCY10100


	
STORYTELLING


	University College Dublin	Ireland",ENGL2XX,English (Arts) 2XX,DSCY10100,STORYTELLING,University College Dublin	Ireland
ENGL,1,ENGL2XX,ENGL2XX
ENGL,1,English (Arts) 2XX,English (Arts) 2XX
ENGL,1,DSCY10100,DSCY10100
ENGL,1,STORYTELLING,STORYTELLING
ENGL,1,"ENGL2XX


	
English (Arts) 2XX


	
ENAI07012


	
Academic English for Visiting Students 1 (AEVS1)


	The University of Edinburgh	Scotland, UK",ENGL2XX,English (Arts) 2XX,ENAI07012,Academic English for Visiting Students 1 (AEVS1),"The University of Edinburgh	Scotland, UK"
ENGL,1,ENGL2XX,ENGL2XX
ENGL,1,English (Arts) 2XX,English (Arts) 2XX
ENGL,1,ENAI07012,ENAI07012
ENGL,1,Academic English for Visiting Students 1 (AEVS1),Academic English for Visiting Students 1 (AEVS1)
ENGL,1,"ENGL2XX


	
English (Arts) 2XX


	
ENG111


	
Literature and Composition: Reading Poetry


	University of Saskatchewan	Canada",ENGL2XX,English (Arts) 2XX,ENG111,Literature and Composition: Reading Poetry,University of Saskatchewan	Canada
ENGL,1,ENGL2XX,ENGL2XX
ENGL,1,English (Arts) 2XX,English (Arts) 2XX
ENGL,1,ENG111,ENG111
ENGL,1,Literature and Composition: Reading Poetry,Literature and Composition: Reading Poetry
ENGL,1,"ENGL2XX


	
English (Arts) 2XX


	
ENGL10072


	
Literature and History


	The University of Manchester	England, UK",ENGL2XX,English (Arts) 2XX,ENGL10072,Literature and History,"The University of Manchester	England, UK"
ENGL,1,ENGL2XX,ENGL2XX
ENGL,1,English (Arts) 2XX,English (Arts) 2XX
ENGL,1,ENGL10072,ENGL10072
ENGL,1,Literature and History,Literature and History
ENGL,1,"ENGL2XX


	
English (Arts) 2XX


	
ENGL123


	
English Reading and Discussion


	Korea University	South Korea",ENGL2XX,English (Arts) 2XX,ENGL123,English Reading and Discussion,Korea University	South Korea
ENGL,1,ENGL2XX,ENGL2XX
ENGL,1,English (Arts) 2XX,English (Arts) 2XX
ENGL,1,ENGL123,ENGL123
ENGL,1,English Reading and Discussion,English Reading and Discussion
ENGL,1,"ENGL2XX


	
English (Arts) 2XX


	
ENGL253


	
Poetry


	University of Calgary	Canada",ENGL2XX,English (Arts) 2XX,ENGL253,Poetry,University of Calgary	Canada
ENGL,1,ENGL2XX,ENGL2XX
ENGL,1,English (Arts) 2XX,English (Arts) 2XX
ENGL,1,ENGL253,ENGL253
ENGL,1,Poetry,Poetry
ENGL,1,"ENGL2XX


	
English (Arts) 2XX


	
ENLI08020


	
Literary Studies 1A


	The University of Edinburgh	Scotland, UK",ENGL2XX,English (Arts) 2XX,ENLI08020,Literary Studies 1A,"The University of Edinburgh	Scotland, UK"
ENGL,1,ENGL2XX,ENGL2XX
ENGL,1,English (Arts) 2XX,English (Arts) 2XX
ENGL,1,ENLI08020,ENLI08020
ENGL,1,Literary Studies 1A,Literary Studies 1A
ENGL,1,"ENGL2XX


	
English (Arts) 2XX


	
ENU33033


	
Shakespeare in Ireland


	The University of Dublin (Trinity College)	Ireland",ENGL2XX,English (Arts) 2XX,ENU33033,Shakespeare in Ireland,The University of Dublin (Trinity College)	Ireland
ENGL,1,ENGL2XX,ENGL2XX
ENGL,1,English (Arts) 2XX,English (Arts) 2XX
ENGL,1,ENU33033,ENU33033
ENGL,1,Shakespeare in Ireland,Shakespeare in Ireland
ENGL,1,"ENGL2XX


	
English (Arts) 2XX


	
ENU44007


	
Reading the Irish City


	The University of Dublin (Trinity College)	Ireland",ENGL2XX,English (Arts) 2XX,ENU44007,Reading the Irish City,The University of Dublin (Trinity College)	Ireland
ENGL,1,ENGL2XX,ENGL2XX
ENGL,1,English (Arts) 2XX,English (Arts) 2XX
ENGL,1,ENU44007,ENU44007
ENGL,1,Reading the Irish City,Reading the Irish City
ENGL,1,"ENGL2XX


	
English (Arts) 2XX


	
H1057


	
The Myths That Inhabit Us: From Prometheus to Marvel


	Monterrey Institute of Technology and Higher Education	Mexico",ENGL2XX,English (Arts) 2XX,H1057,The Myths That Inhabit Us: From Prometheus to Marvel,Monterrey Institute of Technology and Higher Education	Mexico
ENGL,1,ENGL2XX,ENGL2XX
ENGL,1,English (Arts) 2XX,English (Arts) 2XX
ENGL,1,H1057,H1057
ENGL,1,The Myths That Inhabit Us: From Prometheus to Marvel,The Myths That Inhabit Us: From Prometheus to Marvel
ENGL,1,"ENGL2XX


	
English (Arts) 2XX


	
IRST10020


	
Introduction to Irish Cultural Studies


	University College Dublin	Ireland",ENGL2XX,English (Arts) 2XX,IRST10020,Introduction to Irish Cultural Studies,University College Dublin	Ireland
ENGL,1,ENGL2XX,ENGL2XX
ENGL,1,English (Arts) 2XX,English (Arts) 2XX
ENGL,1,IRST10020,IRST10020
ENGL,1,Introduction to Irish Cultural Studies,Introduction to Irish Cultural Studies
ENGL,1,"ENGL2XX


	
English (Arts) 2XX


	
KULH2011


	
THE CULTURAL HISTORY OF NATURE


	University of Oslo	Norway",ENGL2XX,English (Arts) 2XX,KULH2011,THE CULTURAL HISTORY OF NATURE,University of Oslo	Norway
ENGL,1,ENGL2XX,ENGL2XX
ENGL,1,English (Arts) 2XX,English (Arts) 2XX
ENGL,1,KULH2011,KULH2011
ENGL,1,THE CULTURAL HISTORY OF NATURE,THE CULTURAL HISTORY OF NATURE
ENGL,1,"ENGL2XX


	
English (Arts) 2XX


	
LAX083B05


	
Theories of Culture IIIb


	University of Groningen	Netherlands",ENGL2XX,English (Arts) 2XX,LAX083B05,Theories of Culture IIIb,University of Groningen	Netherlands
ENGL,1,ENGL2XX,ENGL2XX
ENGL,1,English (Arts) 2XX,English (Arts) 2XX
ENGL,1,LAX083B05,LAX083B05
ENGL,1,Theories of Culture IIIb,Theories of Culture IIIb
ENGL,1,"ENGL2XX


	
English (Arts) 2XX


	
MEDIA331


	
Recorded Music & Media Formats


	The University of Auckland / Te Whare Wananga o Tamaki Makaurau	New Zealand",ENGL2XX,English (Arts) 2XX,MEDIA331,Recorded Music & Media Formats,The University of Auckland / Te Whare Wananga o Tamaki Makaurau	New Zealand
ENGL,1,ENGL2XX,ENGL2XX
ENGL,1,English (Arts) 2XX,English (Arts) 2XX
ENGL,1,MEDIA331,MEDIA331
ENGL,1,Recorded Music & Media Formats,Recorded Music & Media Formats
ENGL,1,"ENGL2XX


	
English (Arts) 2XX


	
ENG113


	
Literature and Composition Reading Poetry


	University of Saskatchewan	Canada",ENGL2XX,English (Arts) 2XX,ENG113,Literature and Composition Reading Poetry,University of Saskatchewan	Canada
ENGL,1,ENGL2XX,ENGL2XX
ENGL,1,English (Arts) 2XX,English (Arts) 2XX
ENGL,1,ENG113,ENG113
ENGL,1,Literature and Composition Reading Poetry,Literature and Composition Reading Poetry
ENGL,1,"ENGL2XX


	
English (Arts) 2XX


	
SCOTLIT1002


	
Scottish Literature 1B


	The University of Glasgow	Scotland, UK",ENGL2XX,English (Arts) 2XX,SCOTLIT1002,Scottish Literature 1B,"The University of Glasgow	Scotland, UK"
ENGL,1,ENGL2XX,ENGL2XX
ENGL,1,English (Arts) 2XX,English (Arts) 2XX
ENGL,1,SCOTLIT1002,SCOTLIT1002
ENGL,1,Scottish Literature 1B,Scottish Literature 1B
ENGL,1,"ENGL314


	
20th Century Drama.


	
ENLI10223


	
Contemporary British Drama


	The University of Edinburgh	Scotland, UK",ENGL314,20th Century Drama.,ENLI10223,Contemporary British Drama,"The University of Edinburgh	Scotland, UK"
ENGL,1,ENGL314,ENGL314
ENGL,1,20th Century Drama.,20th Century Drama.
ENGL,1,ENLI10223,ENLI10223
ENGL,1,Contemporary British Drama,Contemporary British Drama
ENGL,1,"ENGL315


	
Shakespeare.


	
ENLI10279


	
Shakespeare's Comedies: Identity and Illusion


	The University of Edinburgh	Scotland, UK",ENGL315,Shakespeare.,ENLI10279,Shakespeare's Comedies: Identity and Illusion,"The University of Edinburgh	Scotland, UK"
ENGL,1,ENGL315,ENGL315
ENGL,1,Shakespeare.,Shakespeare.
ENGL,1,ENLI10279,ENLI10279
ENGL,1,Shakespeare's Comedies: Identity and Illusion,Shakespeare's Comedies: Identity and Illusion
ENGL,1,"ENGL331


	
Literature Romantic Period 1.


	
ENGL21521


	
Romanticism (1776-1832)


	The University of Manchester	England, UK",ENGL331,Literature Romantic Period 1.,ENGL21521,Romanticism (1776-1832),"The University of Manchester	England, UK"
ENGL,1,ENGL331,ENGL331
ENGL,1,Literature Romantic Period 1.,Literature Romantic Period 1.
ENGL,1,ENGL21521,ENGL21521
ENGL,1,Romanticism (1776-1832),Romanticism (1776-1832)
ENGL,1,"ENGL331


	
Literature Romantic Period 1.


	
ENGL21522


	
Romanticism (1776-1832)


	The University of Manchester	England, UK",ENGL331,Literature Romantic Period 1.,ENGL21522,Romanticism (1776-1832),"The University of Manchester	England, UK"
ENGL,1,ENGL331,ENGL331
ENGL,1,Literature Romantic Period 1.,Literature Romantic Period 1.
ENGL,1,ENGL21522,ENGL21522
ENGL,1,Romanticism (1776-1832),Romanticism (1776-1832)
ENGL,1,"ENGL331


	
Literature Romantic Period 1.


	
ENGL218


	
Romantic Literature


	University of Liverpool	England, UK",ENGL331,Literature Romantic Period 1.,ENGL218,Romantic Literature,"University of Liverpool	England, UK"
ENGL,1,ENGL331,ENGL331
ENGL,1,Literature Romantic Period 1.,Literature Romantic Period 1.
ENGL,1,ENGL218,ENGL218
ENGL,1,Romantic Literature,Romantic Literature
ENGL,1,"ENGL331


	
Literature Romantic Period 1.


	
ENLI10373


	
Romanticism: Themes, Genres, and Contexts


	The University of Edinburgh	Scotland, UK",ENGL331,Literature Romantic Period 1.,ENLI10373,"Romanticism: Themes, Genres, and Contexts","The University of Edinburgh	Scotland, UK"
ENGL,1,ENGL331,ENGL331
ENGL,1,Literature Romantic Period 1.,Literature Romantic Period 1.
ENGL,1,ENLI10373,ENLI10373
ENGL,1,"Romanticism: Themes, Genres, and Contexts","Romanticism: Themes, Genres, and Contexts"
ENGL,1,"ENGL331


	
Literature Romantic Period 1.


	
ENU22002


	
British Romantic Literature 1789-1830


	The University of Dublin (Trinity College)	Ireland",ENGL331,Literature Romantic Period 1.,ENU22002,British Romantic Literature 1789-1830,The University of Dublin (Trinity College)	Ireland
ENGL,1,ENGL331,ENGL331
ENGL,1,Literature Romantic Period 1.,Literature Romantic Period 1.
ENGL,1,ENU22002,ENU22002
ENGL,1,British Romantic Literature 1789-1830,British Romantic Literature 1789-1830
ENGL,1,"ENGL332


	
Literature Romantic Period 2.


	
HL2004


	
Sensibility and Romanticism


	Nanyang Technological University	Singapore",ENGL332,Literature Romantic Period 2.,HL2004,Sensibility and Romanticism,Nanyang Technological University	Singapore
ENGL,1,ENGL332,ENGL332
ENGL,1,Literature Romantic Period 2.,Literature Romantic Period 2.
ENGL,1,HL2004,HL2004
ENGL,1,Sensibility and Romanticism,Sensibility and Romanticism
ENGL,1,"ENGL335


	
The 20th Century Novel 1.


	
ELL3701


	
Twentieth-Century English Novel


	Yonsei University	South Korea",ENGL335,The 20th Century Novel 1.,ELL3701,Twentieth-Century English Novel,Yonsei University	South Korea
ENGL,1,ENGL335,ENGL335
ENGL,1,The 20th Century Novel 1.,The 20th Century Novel 1.
ENGL,1,ELL3701,ELL3701
ENGL,1,Twentieth-Century English Novel,Twentieth-Century English Novel
ENGL,1,"ENGL337


	
Theme or Genre in Medieval Literature.


	
ENGL10051


	
Mapping the Medieval


	The University of Manchester	England, UK",ENGL337,Theme or Genre in Medieval Literature.,ENGL10051,Mapping the Medieval,"The University of Manchester	England, UK"
ENGL,1,ENGL337,ENGL337
ENGL,1,Theme or Genre in Medieval Literature.,Theme or Genre in Medieval Literature.
ENGL,1,ENGL10051,ENGL10051
ENGL,1,Mapping the Medieval,Mapping the Medieval
ENGL,1,"ENGL337


	
Theme or Genre in Medieval Literature.


	
ENLI10387


	
Death and Dying in Late Medieval Literature


	The University of Edinburgh	Scotland, UK",ENGL337,Theme or Genre in Medieval Literature.,ENLI10387,Death and Dying in Late Medieval Literature,"The University of Edinburgh	Scotland, UK"
ENGL,1,ENGL337,ENGL337
ENGL,1,Theme or Genre in Medieval Literature.,Theme or Genre in Medieval Literature.
ENGL,1,ENLI10387,ENLI10387
ENGL,1,Death and Dying in Late Medieval Literature,Death and Dying in Late Medieval Literature
ENGL,1,"ENGL345


	
Literature and Society.


	
DHUM25A36


	
Novels and the Democratic Soul


	Institut d'Études Politiques (Sciences Po) (ALL CAMPUSES)	France",ENGL345,Literature and Society.,DHUM25A36,Novels and the Democratic Soul,Institut d'Études Politiques (Sciences Po) (ALL CAMPUSES)	France
ENGL,1,ENGL345,ENGL345
ENGL,1,Literature and Society.,Literature and Society.
ENGL,1,DHUM25A36,DHUM25A36
ENGL,1,Novels and the Democratic Soul,Novels and the Democratic Soul
ENGL,1,"ENGL347


	
Great Writings of Europe 1.


	
CLTR10003


	
Tragedy


	The University of Edinburgh	Scotland, UK",ENGL347,Great Writings of Europe 1.,CLTR10003,Tragedy,"The University of Edinburgh	Scotland, UK"
ENGL,1,ENGL347,ENGL347
ENGL,1,Great Writings of Europe 1.,Great Writings of Europe 1.
ENGL,1,CLTR10003,CLTR10003
ENGL,1,Tragedy,Tragedy
ENGL,1,"ENGL364


	
Creative Writing.


	
ENGL31951


	
Introduction to Screenwriting


	The University of Manchester	England, UK",ENGL364,Creative Writing.,ENGL31951,Introduction to Screenwriting,"The University of Manchester	England, UK"
ENGL,1,ENGL364,ENGL364
ENGL,1,Creative Writing.,Creative Writing.
ENGL,1,ENGL31951,ENGL31951
ENGL,1,Introduction to Screenwriting,Introduction to Screenwriting
ENGL,1,"ENGL364


	
Creative Writing: Fiction 2.


	
ENLI10115


	
Creative Writing Part 2: Prose


	The University of Edinburgh	Scotland, UK",ENGL364,Creative Writing: Fiction 2.,ENLI10115,Creative Writing Part 2: Prose,"The University of Edinburgh	Scotland, UK"
ENGL,1,ENGL364,ENGL364
ENGL,1,Creative Writing: Fiction 2.,Creative Writing: Fiction 2.
ENGL,1,ENLI10115,ENLI10115
ENGL,1,Creative Writing Part 2: Prose,Creative Writing Part 2: Prose
ENGL,1,"ENGL378


	
Media and Culture.


	
EL3254


	
Media, Discourse and Society


	National University of Singapore	Singapore",ENGL378,Media and Culture.,EL3254,"Media, Discourse and Society",National University of Singapore	Singapore
ENGL,1,ENGL378,ENGL378
ENGL,1,Media and Culture.,Media and Culture.
ENGL,1,EL3254,EL3254
ENGL,1,"Media, Discourse and Society","Media, Discourse and Society"
ENGL,1,"ENGL380


	
Non-Fiction Media: Cinema, Television, Radio.


	
DHUM25A28


	
Ethics and Photojournalism


	Institut d'Études Politiques (Sciences Po) (ALL CAMPUSES)	France",ENGL380,"Non-Fiction Media: Cinema, Television, Radio.",DHUM25A28,Ethics and Photojournalism,Institut d'Études Politiques (Sciences Po) (ALL CAMPUSES)	France
ENGL,1,ENGL380,ENGL380
ENGL,1,"Non-Fiction Media: Cinema, Television, Radio.","Non-Fiction Media: Cinema, Television, Radio."
ENGL,1,DHUM25A28,DHUM25A28
ENGL,1,Ethics and Photojournalism,Ethics and Photojournalism
ENGL,1,"ENGL385


	
Topics in Literature and Film.


	
25A00


	
Censorship & Storytelling


	Institut d'Études Politiques (Sciences Po) (ALL CAMPUSES)	France",ENGL385,Topics in Literature and Film.,25A00,Censorship & Storytelling,Institut d'Études Politiques (Sciences Po) (ALL CAMPUSES)	France
ENGL,1,ENGL385,ENGL385
ENGL,1,Topics in Literature and Film.,Topics in Literature and Film.
ENGL,1,25A00,25A00
ENGL,1,Censorship & Storytelling,Censorship & Storytelling
ENGL,1,"ENGL385


	
Topics in Literature and Film.


	
5AAEB094


	
American Wokeness


	University of London - King's College London	England, UK",ENGL385,Topics in Literature and Film.,5AAEB094,American Wokeness,"University of London - King's College London	England, UK"
ENGL,1,ENGL385,ENGL385
ENGL,1,Topics in Literature and Film.,Topics in Literature and Film.
ENGL,1,5AAEB094,5AAEB094
ENGL,1,American Wokeness,American Wokeness
ENGL,1,"ENGL385


	
Topics in Literature and Film.


	
DHUM25A31


	
Modernism: The Politics of Form


	Institut d'Études Politiques (Sciences Po) (ALL CAMPUSES)	France",ENGL385,Topics in Literature and Film.,DHUM25A31,Modernism: The Politics of Form,Institut d'Études Politiques (Sciences Po) (ALL CAMPUSES)	France
ENGL,1,ENGL385,ENGL385
ENGL,1,Topics in Literature and Film.,Topics in Literature and Film.
ENGL,1,DHUM25A31,DHUM25A31
ENGL,1,Modernism: The Politics of Form,Modernism: The Politics of Form
ENGL,1,"ENGL385


	
Topics in Literature and Film.


	
DIVI10046


	
Scottish Literature and the Religious Imagination


	The University of Edinburgh	Scotland, UK",ENGL385,Topics in Literature and Film.,DIVI10046,Scottish Literature and the Religious Imagination,"The University of Edinburgh	Scotland, UK"
ENGL,1,ENGL385,ENGL385
ENGL,1,Topics in Literature and Film.,Topics in Literature and Film.
ENGL,1,DIVI10046,DIVI10046
ENGL,1,Scottish Literature and the Religious Imagination,Scottish Literature and the Religious Imagination
ENGL,1,"ENGL385


	
Topics in Literature and Film.


	
ENGL21191


	
Modernism


	The University of Manchester	England, UK",ENGL385,Topics in Literature and Film.,ENGL21191,Modernism,"The University of Manchester	England, UK"
ENGL,1,ENGL385,ENGL385
ENGL,1,Topics in Literature and Film.,Topics in Literature and Film.
ENGL,1,ENGL21191,ENGL21191
ENGL,1,Modernism,Modernism
ENGL,1,"ENGL385


	
Topics in Literature and Film.


	
ENU33039


	
The Literature of Eating


	The University of Dublin (Trinity College)	Ireland",ENGL385,Topics in Literature and Film.,ENU33039,The Literature of Eating,The University of Dublin (Trinity College)	Ireland
ENGL,1,ENGL385,ENGL385
ENGL,1,Topics in Literature and Film.,Topics in Literature and Film.
ENGL,1,ENU33039,ENU33039
ENGL,1,The Literature of Eating,The Literature of Eating
ENGL,1,"ENGL385


	
Topics in Literature and Film.


	
F0UO0A


	
Film and Literature


	Catholic University of Leuven	Belgium",ENGL385,Topics in Literature and Film.,F0UO0A,Film and Literature,Catholic University of Leuven	Belgium
ENGL,1,ENGL385,ENGL385
ENGL,1,Topics in Literature and Film.,Topics in Literature and Film.
ENGL,1,F0UO0A,F0UO0A
ENGL,1,Film and Literature,Film and Literature
ENGL,1,"ENGL385


	
Topics in Literature and Film.


	
HL0201


	
Images of Singapore: Literature, Film and Culture


	Nanyang Technological University	Singapore",ENGL385,Topics in Literature and Film.,HL0201,"Images of Singapore: Literature, Film and Culture",Nanyang Technological University	Singapore
ENGL,1,ENGL385,ENGL385
ENGL,1,Topics in Literature and Film.,Topics in Literature and Film.
ENGL,1,HL0201,HL0201
ENGL,1,"Images of Singapore: Literature, Film and Culture","Images of Singapore: Literature, Film and Culture"
ENGL,1,"ENGL388


	
Studies in Popular Culture.


	
BMS387H1


	
Advertising & Media


	University of Toronto	Canada",ENGL388,Studies in Popular Culture.,BMS387H1,Advertising & Media,University of Toronto	Canada
ENGL,1,ENGL388,ENGL388
ENGL,1,Studies in Popular Culture.,Studies in Popular Culture.
ENGL,1,BMS387H1,BMS387H1
ENGL,1,Advertising & Media,Advertising & Media
ENGL,1,"ENGL388


	
Studies in Popular Culture.


	
MEDIA328


	
Video Games: Theory and Culture


	The University of Auckland / Te Whare Wananga o Tamaki Makaurau	New Zealand",ENGL388,Studies in Popular Culture.,MEDIA328,Video Games: Theory and Culture,The University of Auckland / Te Whare Wananga o Tamaki Makaurau	New Zealand
ENGL,1,ENGL388,ENGL388
ENGL,1,Studies in Popular Culture.,Studies in Popular Culture.
ENGL,1,MEDIA328,MEDIA328
ENGL,1,Video Games: Theory and Culture,Video Games: Theory and Culture
ENGL,1,"ENGL388


	
Studies in Popular Culture.


	
WGS271Y1


	
Gender in Popular Culture


	University of Toronto	Canada",ENGL388,Studies in Popular Culture.,WGS271Y1,Gender in Popular Culture,University of Toronto	Canada
ENGL,1,ENGL388,ENGL388
ENGL,1,Studies in Popular Culture.,Studies in Popular Culture.
ENGL,1,WGS271Y1,WGS271Y1
ENGL,1,Gender in Popular Culture,Gender in Popular Culture
ENGL,1,"ENGL389


	
Studies in Popular Culture.


	
ENU33010


	
It Came From the 1950s! American Popular Fiction during the Cold War Era


	The University of Dublin (Trinity College)	Ireland",ENGL389,Studies in Popular Culture.,ENU33010,It Came From the 1950s! American Popular Fiction during the Cold War Era,The University of Dublin (Trinity College)	Ireland
ENGL,1,ENGL389,ENGL389
ENGL,1,Studies in Popular Culture.,Studies in Popular Culture.
ENGL,1,ENU33010,ENU33010
ENGL,1,It Came From the 1950s! American Popular Fiction during the Cold War Era,It Came From the 1950s! American Popular Fiction during the Cold War Era
ENGL,1,"ENGL394


	
Popular Literary Forms.


	
ENLI10207


	
Mystery and Horror


	The University of Edinburgh	Scotland, UK",ENGL394,Popular Literary Forms.,ENLI10207,Mystery and Horror,"The University of Edinburgh	Scotland, UK"
ENGL,1,ENGL394,ENGL394
ENGL,1,Popular Literary Forms.,Popular Literary Forms.
ENGL,1,ENLI10207,ENLI10207
ENGL,1,Mystery and Horror,Mystery and Horror
ENGL,1,"ENGL394


	
Popular Literary Forms.


	
ENLI10345


	
Fiction and the Gothic, 1840-1940


	The University of Edinburgh	Scotland, UK",ENGL394,Popular Literary Forms.,ENLI10345,"Fiction and the Gothic, 1840-1940","The University of Edinburgh	Scotland, UK"
ENGL,1,ENGL394,ENGL394
ENGL,1,Popular Literary Forms.,Popular Literary Forms.
ENGL,1,ENLI10345,ENLI10345
ENGL,1,"Fiction and the Gothic, 1840-1940","Fiction and the Gothic, 1840-1940"
ENGL,1,"ENGL394


	
Popular Literary Forms.


	
ENU33048


	
Environmental Picturebooks: Ecocriticism and Visual Texts for Children


	The University of Dublin (Trinity College)	Ireland",ENGL394,Popular Literary Forms.,ENU33048,Environmental Picturebooks: Ecocriticism and Visual Texts for Children,The University of Dublin (Trinity College)	Ireland
ENGL,1,ENGL394,ENGL394
ENGL,1,Popular Literary Forms.,Popular Literary Forms.
ENGL,1,ENU33048,ENU33048
ENGL,1,Environmental Picturebooks: Ecocriticism and Visual Texts for Children,Environmental Picturebooks: Ecocriticism and Visual Texts for Children
ENGL,1,"ENGL394


	
Popular Literary Forms.


	
ENU44085


	
Irish Short Fiction


	The University of Dublin (Trinity College)	Ireland",ENGL394,Popular Literary Forms.,ENU44085,Irish Short Fiction,The University of Dublin (Trinity College)	Ireland
ENGL,1,ENGL394,ENGL394
ENGL,1,Popular Literary Forms.,Popular Literary Forms.
ENGL,1,ENU44085,ENU44085
ENGL,1,Irish Short Fiction,Irish Short Fiction
ENGL,1,"ENGL3XX


	
English (Arts) 3XX


	
32E0354


	
The Modernist Short Story


	University of Geneva	Switzerland",ENGL3XX,English (Arts) 3XX,32E0354,The Modernist Short Story,University of Geneva	Switzerland
ENGL,1,ENGL3XX,ENGL3XX
ENGL,1,English (Arts) 3XX,English (Arts) 3XX
ENGL,1,32E0354,32E0354
ENGL,1,The Modernist Short Story,The Modernist Short Story
ENGL,1,"ENGL3XX


	
English (Arts) 3XX


	
BMS201H1


	
Information Literacy, Writing, and Research for Book & Media Studies


	University of Toronto	Canada",ENGL3XX,English (Arts) 3XX,BMS201H1,"Information Literacy, Writing, and Research for Book & Media Studies",University of Toronto	Canada
ENGL,1,ENGL3XX,ENGL3XX
ENGL,1,English (Arts) 3XX,English (Arts) 3XX
ENGL,1,BMS201H1,BMS201H1
ENGL,1,"Information Literacy, Writing, and Research for Book & Media Studies","Information Literacy, Writing, and Research for Book & Media Studies"
ENGL,1,"ENGL3XX


	
English (Arts) 3XX


	
CDN221H1


	
Culture and Media in Canada


	University of Toronto	Canada",ENGL3XX,English (Arts) 3XX,CDN221H1,Culture and Media in Canada,University of Toronto	Canada
ENGL,1,ENGL3XX,ENGL3XX
ENGL,1,English (Arts) 3XX,English (Arts) 3XX
ENGL,1,CDN221H1,CDN221H1
ENGL,1,Culture and Media in Canada,Culture and Media in Canada
ENGL,1,"ENGL3XX


	
English (Arts) 3XX


	
CDN355H1


	
Digital Media, Digital Makers


	University of Toronto	Canada",ENGL3XX,English (Arts) 3XX,CDN355H1,"Digital Media, Digital Makers",University of Toronto	Canada
ENGL,1,ENGL3XX,ENGL3XX
ENGL,1,English (Arts) 3XX,English (Arts) 3XX
ENGL,1,CDN355H1,CDN355H1
ENGL,1,"Digital Media, Digital Makers","Digital Media, Digital Makers"
ENGL,1,"ENGL3XX


	
English (Arts) 3XX


	
CLTR10014


	
Monsters, Murder and Mayhem: Biography in the Ancient World


	The University of Edinburgh	Scotland, UK",ENGL3XX,English (Arts) 3XX,CLTR10014,"Monsters, Murder and Mayhem: Biography in the Ancient World","The University of Edinburgh	Scotland, UK"
ENGL,1,ENGL3XX,ENGL3XX
ENGL,1,English (Arts) 3XX,English (Arts) 3XX
ENGL,1,CLTR10014,CLTR10014
ENGL,1,"Monsters, Murder and Mayhem: Biography in the Ancient World","Monsters, Murder and Mayhem: Biography in the Ancient World"
ENGL,1,"ENGL3XX


	
English (Arts) 3XX


	
COMPLIT1001


	
Comparative Literature 1A: Heroes (Heroic Men)


	The University of Glasgow	Scotland, UK",ENGL3XX,English (Arts) 3XX,COMPLIT1001,Comparative Literature 1A: Heroes (Heroic Men),"The University of Glasgow	Scotland, UK"
ENGL,1,ENGL3XX,ENGL3XX
ENGL,1,English (Arts) 3XX,English (Arts) 3XX
ENGL,1,COMPLIT1001,COMPLIT1001
ENGL,1,Comparative Literature 1A: Heroes (Heroic Men),Comparative Literature 1A: Heroes (Heroic Men)
ENGL,1,"ENGL3XX


	
English (Arts) 3XX


	
CULS30004


	
Thinking Sex


	University of Melbourne	Australia",ENGL3XX,English (Arts) 3XX,CULS30004,Thinking Sex,University of Melbourne	Australia
ENGL,1,ENGL3XX,ENGL3XX
ENGL,1,English (Arts) 3XX,English (Arts) 3XX
ENGL,1,CULS30004,CULS30004
ENGL,1,Thinking Sex,Thinking Sex
ENGL,1,"ENGL3XX


	
English (Arts) 3XX


	
DRAM21282


	
VR Filmmaking


	The University of Manchester	England, UK",ENGL3XX,English (Arts) 3XX,DRAM21282,VR Filmmaking,"The University of Manchester	England, UK"
ENGL,1,ENGL3XX,ENGL3XX
ENGL,1,English (Arts) 3XX,English (Arts) 3XX
ENGL,1,DRAM21282,DRAM21282
ENGL,1,VR Filmmaking,VR Filmmaking
ENGL,1,"ENGL3XX


	
English (Arts) 3XX


	
ELCH09010


	
The Novel of the Spanish Transition (Ordinary)


	The University of Edinburgh	Scotland, UK",ENGL3XX,English (Arts) 3XX,ELCH09010,The Novel of the Spanish Transition (Ordinary),"The University of Edinburgh	Scotland, UK"
ENGL,1,ENGL3XX,ENGL3XX
ENGL,1,English (Arts) 3XX,English (Arts) 3XX
ENGL,1,ELCH09010,ELCH09010
ENGL,1,The Novel of the Spanish Transition (Ordinary),The Novel of the Spanish Transition (Ordinary)
ENGL,1,"ENGL3XX


	
English (Arts) 3XX


	
ELCH09031


	
Spanish Language and Culture. Words, Phrases and Writing


	The University of Edinburgh	Scotland, UK",ENGL3XX,English (Arts) 3XX,ELCH09031,"Spanish Language and Culture. Words, Phrases and Writing","The University of Edinburgh	Scotland, UK"
ENGL,1,ENGL3XX,ENGL3XX
ENGL,1,English (Arts) 3XX,English (Arts) 3XX
ENGL,1,ELCH09031,ELCH09031
ENGL,1,"Spanish Language and Culture. Words, Phrases and Writing","Spanish Language and Culture. Words, Phrases and Writing"
ENGL,1,"ENGL3XX


	
English (Arts) 3XX


	
ELCS09010


	
Viking Studies (Ordinary)


	The University of Edinburgh	Scotland, UK",ENGL3XX,English (Arts) 3XX,ELCS09010,Viking Studies (Ordinary),"The University of Edinburgh	Scotland, UK"
ENGL,1,ENGL3XX,ENGL3XX
ENGL,1,English (Arts) 3XX,English (Arts) 3XX
ENGL,1,ELCS09010,ELCS09010
ENGL,1,Viking Studies (Ordinary),Viking Studies (Ordinary)
ENGL,1,"ENGL3XX


	
English (Arts) 3XX


	
ENG365


	
CONTEMPORARY AMERICAN FICTION


	University of Toronto	Canada",ENGL3XX,English (Arts) 3XX,ENG365,CONTEMPORARY AMERICAN FICTION,University of Toronto	Canada
ENGL,1,ENGL3XX,ENGL3XX
ENGL,1,English (Arts) 3XX,English (Arts) 3XX
ENGL,1,ENG365,ENG365
ENGL,1,CONTEMPORARY AMERICAN FICTION,CONTEMPORARY AMERICAN FICTION
ENGL,1,"ENGL3XX


	
English (Arts) 3XX


	
ENGL2800


	
GREAT WORKS OF LITERATURE I


	Baruch College (CUNY)	USA",ENGL3XX,English (Arts) 3XX,ENGL2800,GREAT WORKS OF LITERATURE I,Baruch College (CUNY)	USA
ENGL,1,ENGL3XX,ENGL3XX
ENGL,1,English (Arts) 3XX,English (Arts) 3XX
ENGL,1,ENGL2800,ENGL2800
ENGL,1,GREAT WORKS OF LITERATURE I,GREAT WORKS OF LITERATURE I
ENGL,1,"ENGL3XX


	
English (Arts) 3XX


	
ENGL30046


	
Romancing the Medievel


	University of Melbourne	Australia",ENGL3XX,English (Arts) 3XX,ENGL30046,Romancing the Medievel,University of Melbourne	Australia
ENGL,1,ENGL3XX,ENGL3XX
ENGL,1,English (Arts) 3XX,English (Arts) 3XX
ENGL,1,ENGL30046,ENGL30046
ENGL,1,Romancing the Medievel,Romancing the Medievel
ENGL,1,"ENGL3XX


	
English (Arts) 3XX


	
ENLI10310


	
Edinburgh in Fiction/Fiction in Edinburgh


	The University of Edinburgh	Scotland, UK",ENGL3XX,English (Arts) 3XX,ENLI10310,Edinburgh in Fiction/Fiction in Edinburgh,"The University of Edinburgh	Scotland, UK"
ENGL,1,ENGL3XX,ENGL3XX
ENGL,1,English (Arts) 3XX,English (Arts) 3XX
ENGL,1,ENLI10310,ENLI10310
ENGL,1,Edinburgh in Fiction/Fiction in Edinburgh,Edinburgh in Fiction/Fiction in Edinburgh
ENGL,1,"ENGL3XX


	
English (Arts) 3XX


	
ENU11006


	
Cultures of retelling


	The University of Dublin (Trinity College)	Ireland",ENGL3XX,English (Arts) 3XX,ENU11006,Cultures of retelling,The University of Dublin (Trinity College)	Ireland
ENGL,1,ENGL3XX,ENGL3XX
ENGL,1,English (Arts) 3XX,English (Arts) 3XX
ENGL,1,ENU11006,ENU11006
ENGL,1,Cultures of retelling,Cultures of retelling
ENGL,1,"ENGL3XX


	
English (Arts) 3XX


	
ENU33050


	
Heaney's North and its Afterlives


	The University of Dublin (Trinity College)	Ireland",ENGL3XX,English (Arts) 3XX,ENU33050,Heaney's North and its Afterlives,The University of Dublin (Trinity College)	Ireland
ENGL,1,ENGL3XX,ENGL3XX
ENGL,1,English (Arts) 3XX,English (Arts) 3XX
ENGL,1,ENU33050,ENU33050
ENGL,1,Heaney's North and its Afterlives,Heaney's North and its Afterlives
ENGL,1,"ENGL401


	
Studies in the 17th Century.


	
ENLI10430


	
Staging Enlightenment: Theatre 1660-1780


	The University of Edinburgh	Scotland, UK",ENGL401,Studies in the 17th Century.,ENLI10430,Staging Enlightenment: Theatre 1660-1780,"The University of Edinburgh	Scotland, UK"
ENGL,1,ENGL401,ENGL401
ENGL,1,Studies in the 17th Century.,Studies in the 17th Century.
ENGL,1,ENLI10430,ENLI10430
ENGL,1,Staging Enlightenment: Theatre 1660-1780,Staging Enlightenment: Theatre 1660-1780
ENGL,1,"ENGL418


	
A Major Modernist Writer.


	
ENU34108


	
The Art of Writing War: David Jones's ""In Parenthesis""


	The University of Dublin (Trinity College)	Ireland",ENGL418,A Major Modernist Writer.,ENU34108,"The Art of Writing War: David Jones's ""In Parenthesis""",The University of Dublin (Trinity College)	Ireland
ENGL,1,ENGL418,ENGL418
ENGL,1,A Major Modernist Writer.,A Major Modernist Writer.
ENGL,1,ENU34108,ENU34108
ENGL,1,"The Art of Writing War: David Jones's ""In Parenthesis""","The Art of Writing War: David Jones's ""In Parenthesis"""
ENGL,1,"ENGL419


	
Studies in 20th Century Literature.


	
AAALB017AE


	
Experience, Commodity Culture, Spectacle Society in Selected U.S. Fiction


	Charles University in Prague	Czech Republic",ENGL419,Studies in 20th Century Literature.,AAALB017AE,"Experience, Commodity Culture, Spectacle Society in Selected U.S. Fiction",Charles University in Prague	Czech Republic
ENGL,1,ENGL419,ENGL419
ENGL,1,Studies in 20th Century Literature.,Studies in 20th Century Literature.
ENGL,1,AAALB017AE,AAALB017AE
ENGL,1,"Experience, Commodity Culture, Spectacle Society in Selected U.S. Fiction","Experience, Commodity Culture, Spectacle Society in Selected U.S. Fiction"
ENGL,1,"ENGL423


	
Studies in 19th Century Literature.


	
ENLI10428


	
Literature, Revolution and Rebellion in the Long Nineteenth Century


	The University of Edinburgh	Scotland, UK",ENGL423,Studies in 19th Century Literature.,ENLI10428,"Literature, Revolution and Rebellion in the Long Nineteenth Century","The University of Edinburgh	Scotland, UK"
ENGL,1,ENGL423,ENGL423
ENGL,1,Studies in 19th Century Literature.,Studies in 19th Century Literature.
ENGL,1,ENLI10428,ENLI10428
ENGL,1,"Literature, Revolution and Rebellion in the Long Nineteenth Century","Literature, Revolution and Rebellion in the Long Nineteenth Century"
ENGL,1,"ENGL450


	
Film Aesthetics.


	
FA49F01


	
Making of a Film


	Bogazici (Bosphorus) University	Turkey",ENGL450,Film Aesthetics.,FA49F01,Making of a Film,Bogazici (Bosphorus) University	Turkey
ENGL,1,ENGL450,ENGL450
ENGL,1,Film Aesthetics.,Film Aesthetics.
ENGL,1,FA49F01,FA49F01
ENGL,1,Making of a Film,Making of a Film
ENGL,1,"ENGL4XX


	
English (Arts) 4XX


	
ELCF09034


	
The Francophone Postcolonial: Theory and Literature (Ordinary)


	The University of Edinburgh	Scotland, UK",ENGL4XX,English (Arts) 4XX,ELCF09034,The Francophone Postcolonial: Theory and Literature (Ordinary),"The University of Edinburgh	Scotland, UK"
ENGL,1,ENGL4XX,ENGL4XX
ENGL,1,English (Arts) 4XX,English (Arts) 4XX
ENGL,1,ELCF09034,ELCF09034
ENGL,1,The Francophone Postcolonial: Theory and Literature (Ordinary),The Francophone Postcolonial: Theory and Literature (Ordinary)
ENGL,1,"ENGL4XX


	
English (Arts) 4XX


	
ELCR09002


	
The Great Russian Novel (Ordinary)


	The University of Edinburgh	Scotland, UK",ENGL4XX,English (Arts) 4XX,ELCR09002,The Great Russian Novel (Ordinary),"The University of Edinburgh	Scotland, UK"
ENGL,1,ENGL4XX,ENGL4XX
ENGL,1,English (Arts) 4XX,English (Arts) 4XX
ENGL,1,ELCR09002,ELCR09002
ENGL,1,The Great Russian Novel (Ordinary),The Great Russian Novel (Ordinary)
ENGL,1,"New Search	
	Refine Search",New Search,Refine Search
ENGL,1,"New Search	
	Refine Search",New Search,Refine Search
FREN,1,"Legend:	
	  Equivalent
	
	  Not Equivalent
	
	  Expired",Legend:,Equivalent,Not Equivalent,Expired
FREN,1,Equivalent,Equivalent
FREN,1,Not Equivalent,Not Equivalent
FREN,1,Expired,Expired
FREN,1,"New Search	
	Refine Search",New Search,Refine Search
FREN,1,"New Search	
	Refine Search",New Search,Refine Search
FREN,1,"McGill University
	
External Institution",McGill University,External Institution
FREN,1,"Course
	
Title
	
Course
	
Title
	
Institution
	
Country
	
Status",Course,Title,Course,Title,Institution,Country,Status
FREN,1,"FREN1XX


	
French (Arts) 1XX


	
9230004


	
Initiation à la culture française


	Université Jean Moulin (Lyon III)	France",FREN1XX,French (Arts) 1XX,9230004,Initiation à la culture française,Université Jean Moulin (Lyon III)	France
FREN,1,FREN1XX,FREN1XX
FREN,1,French (Arts) 1XX,French (Arts) 1XX
FREN,1,9230004,9230004
FREN,1,Initiation à la culture française,Initiation à la culture française
FREN,1,"FREN201


	
Le français littéraire (français langue seconde).


	
2250


	
Dérives et délices. La littérature à la carte


	York University	Canada",FREN201,Le français littéraire (français langue seconde).,2250,Dérives et délices. La littérature à la carte,York University	Canada
FREN,1,FREN201,FREN201
FREN,1,Le français littéraire (français langue seconde).,Le français littéraire (français langue seconde).
FREN,1,2250,2250
FREN,1,Dérives et délices. La littérature à la carte,Dérives et délices. La littérature à la carte
FREN,1,"FREN201


	
Le français littéraire (français langue seconde).


	
BFLE2


	
Cours de français langue étrangère pour les étudiants internationaux en programme d’échange


	Université Grenoble Alpes (UGA)	France",FREN201,Le français littéraire (français langue seconde).,BFLE2,Cours de français langue étrangère pour les étudiants internationaux en programme d’échange,Université Grenoble Alpes (UGA)	France
FREN,1,FREN201,FREN201
FREN,1,Le français littéraire (français langue seconde).,Le français littéraire (français langue seconde).
FREN,1,BFLE2,BFLE2
FREN,1,Cours de français langue étrangère pour les étudiants internationaux en programme d’échange,Cours de français langue étrangère pour les étudiants internationaux en programme d’échange
FREN,1,"FREN201


	
Le français littéraire (français langue seconde).


	
FRA217G


	
French in the International Politics


	University of Iceland	Iceland",FREN201,Le français littéraire (français langue seconde).,FRA217G,French in the International Politics,University of Iceland	Iceland
FREN,1,FREN201,FREN201
FREN,1,Le français littéraire (français langue seconde).,Le français littéraire (français langue seconde).
FREN,1,FRA217G,FRA217G
FREN,1,French in the International Politics,French in the International Politics
FREN,1,"FREN201


	
Le français littéraire (français langue seconde).


	
FRA3008


	
Ecriture de communication


	Université du Québec - TÉLUQ Université	Canada",FREN201,Le français littéraire (français langue seconde).,FRA3008,Ecriture de communication,Université du Québec - TÉLUQ Université	Canada
FREN,1,FREN201,FREN201
FREN,1,Le français littéraire (français langue seconde).,Le français littéraire (français langue seconde).
FREN,1,FRA3008,FRA3008
FREN,1,Ecriture de communication,Ecriture de communication
FREN,1,"FREN201


	
Le français littéraire (français langue seconde).


	
LAF4202


	
French 6


	National University of Singapore	Singapore",FREN201,Le français littéraire (français langue seconde).,LAF4202,French 6,National University of Singapore	Singapore
FREN,1,FREN201,FREN201
FREN,1,Le français littéraire (français langue seconde).,Le français littéraire (français langue seconde).
FREN,1,LAF4202,LAF4202
FREN,1,French 6,French 6
FREN,1,"FREN203


	
Analyse de textes (français langue seconde) .


	
09210007


	
Stylistique


	Université Jean Moulin (Lyon III)	France",FREN203,Analyse de textes (français langue seconde) .,09210007,Stylistique,Université Jean Moulin (Lyon III)	France
FREN,1,FREN203,FREN203
FREN,1,Analyse de textes (français langue seconde) .,Analyse de textes (français langue seconde) .
FREN,1,09210007,09210007
FREN,1,Stylistique,Stylistique
FREN,1,"FREN203


	
Analyse de textes (français langue seconde) .


	
ARSH200L


	
APM- Public and Citizen Participation in French Climate Change Debates 01


	Waseda University	Japan",FREN203,Analyse de textes (français langue seconde) .,ARSH200L,APM- Public and Citizen Participation in French Climate Change Debates 01,Waseda University	Japan
FREN,1,FREN203,FREN203
FREN,1,Analyse de textes (français langue seconde) .,Analyse de textes (français langue seconde) .
FREN,1,ARSH200L,ARSH200L
FREN,1,APM- Public and Citizen Participation in French Climate Change Debates 01,APM- Public and Citizen Participation in French Climate Change Debates 01
FREN,1,"FREN231


	
Linguistique française.


	
FRE272H1


	
The French Language: A Linguistic Introduction


	University of Toronto	Canada",FREN231,Linguistique française.,FRE272H1,The French Language: A Linguistic Introduction,University of Toronto	Canada
FREN,1,FREN231,FREN231
FREN,1,Linguistique française.,Linguistique française.
FREN,1,FRE272H1,FRE272H1
FREN,1,The French Language: A Linguistic Introduction,The French Language: A Linguistic Introduction
FREN,1,"FREN245


	
Grammaire avancée


	
LROM1111


	
Analyse et maitrise de la grammaire française


	Catholic University of Louvain	Belgium",FREN245,Grammaire avancée,LROM1111,Analyse et maitrise de la grammaire française,Catholic University of Louvain	Belgium
FREN,1,FREN245,FREN245
FREN,1,Grammaire avancée,Grammaire avancée
FREN,1,LROM1111,LROM1111
FREN,1,Analyse et maitrise de la grammaire française,Analyse et maitrise de la grammaire française
FREN,1,"FREN250


	
Littérature française avant 1800.


	
FREN358


	
Initiation a la litterature d'expression francaise


	Athabasca University	Canada",FREN250,Littérature française avant 1800.,FREN358,Initiation a la litterature d'expression francaise,Athabasca University	Canada
FREN,1,FREN250,FREN250
FREN,1,Littérature française avant 1800.,Littérature française avant 1800.
FREN,1,FREN358,FREN358
FREN,1,Initiation a la litterature d'expression francaise,Initiation a la litterature d'expression francaise
FREN,1,"FREN251
AND


FREN2XX


	
Littérature française depuis 1800.
AND


French (Arts) 2XX


	
FREN3037


	
FRANCE AND THE WORLD


	The University of Hong Kong (HKU)	Hong Kong, SAR",FREN251,AND,FREN2XX,Littérature française depuis 1800.,AND,French (Arts) 2XX,FREN3037,FRANCE AND THE WORLD,"The University of Hong Kong (HKU)	Hong Kong, SAR"
FREN,1,"FREN251
AND",FREN251,AND
FREN,1,FREN2XX,FREN2XX
FREN,1,"Littérature française depuis 1800.
AND",Littérature française depuis 1800.,AND
FREN,1,French (Arts) 2XX,French (Arts) 2XX
FREN,1,FREN3037,FREN3037
FREN,1,FRANCE AND THE WORLD,FRANCE AND THE WORLD
FREN,1,"FREN251


	
Littérature française depuis 1800.


	
FREN315


	
Introduction to Francophone Litterature


	University of the Fraser Valley	Canada",FREN251,Littérature française depuis 1800.,FREN315,Introduction to Francophone Litterature,University of the Fraser Valley	Canada
FREN,1,FREN251,FREN251
FREN,1,Littérature française depuis 1800.,Littérature française depuis 1800.
FREN,1,FREN315,FREN315
FREN,1,Introduction to Francophone Litterature,Introduction to Francophone Litterature
FREN,1,"FREN251


	
Littérature française depuis 1800.


	
FREN420


	
Poesie et Theatre francais du 19e siecle


	Athabasca University	Canada",FREN251,Littérature française depuis 1800.,FREN420,Poesie et Theatre francais du 19e siecle,Athabasca University	Canada
FREN,1,FREN251,FREN251
FREN,1,Littérature française depuis 1800.,Littérature française depuis 1800.
FREN,1,FREN420,FREN420
FREN,1,Poesie et Theatre francais du 19e siecle,Poesie et Theatre francais du 19e siecle
FREN,1,"FREN251


	
Littérature française depuis 1800.


	
LIT2760


	
Romantisme


	Université du Québec à Montréal (UQAM)	Canada",FREN251,Littérature française depuis 1800.,LIT2760,Romantisme,Université du Québec à Montréal (UQAM)	Canada
FREN,1,FREN251,FREN251
FREN,1,Littérature française depuis 1800.,Littérature française depuis 1800.
FREN,1,LIT2760,LIT2760
FREN,1,Romantisme,Romantisme
FREN,1,"FREN253


	
Oeuvres culture occidentale.


	
10200001


	
Littérature comparée


	Université Jean Moulin (Lyon III)	France",FREN253,Oeuvres culture occidentale.,10200001,Littérature comparée,Université Jean Moulin (Lyon III)	France
FREN,1,FREN253,FREN253
FREN,1,Oeuvres culture occidentale.,Oeuvres culture occidentale.
FREN,1,10200001,10200001
FREN,1,Littérature comparée,Littérature comparée
FREN,1,"FREN2XX


	
French (Arts) 2XX


	
22298


	
Contemporary French Women’s Writing: Diversity of Identity and Form


	Vilnius University	Lithuania",FREN2XX,French (Arts) 2XX,22298,Contemporary French Women’s Writing: Diversity of Identity and Form,Vilnius University	Lithuania
FREN,1,FREN2XX,FREN2XX
FREN,1,French (Arts) 2XX,French (Arts) 2XX
FREN,1,22298,22298
FREN,1,Contemporary French Women’s Writing: Diversity of Identity and Form,Contemporary French Women’s Writing: Diversity of Identity and Form
FREN,1,"FREN2XX
AND


FREN251


	
French (Arts) 2XX
AND


Littérature française depuis 1800.


	
32A0079


	
Textes et contextes de la Renaissance à nos jours XIXe - XXIe s.


	University of Geneva	Switzerland",FREN2XX,AND,FREN251,French (Arts) 2XX,AND,Littérature française depuis 1800.,32A0079,Textes et contextes de la Renaissance à nos jours XIXe - XXIe s.,University of Geneva	Switzerland
FREN,1,"FREN2XX
AND",FREN2XX,AND
FREN,1,FREN251,FREN251
FREN,1,"French (Arts) 2XX
AND",French (Arts) 2XX,AND
FREN,1,Littérature française depuis 1800.,Littérature française depuis 1800.
FREN,1,32A0079,32A0079
FREN,1,Textes et contextes de la Renaissance à nos jours XIXe - XXIe s.,Textes et contextes de la Renaissance à nos jours XIXe - XXIe s.
FREN,1,"FREN2XX


	
French (Arts) 2XX


	
32C1175


	
Linguistique textuelle pour l'étude des textes littéraires


	University of Geneva	Switzerland",FREN2XX,French (Arts) 2XX,32C1175,Linguistique textuelle pour l'étude des textes littéraires,University of Geneva	Switzerland
FREN,1,FREN2XX,FREN2XX
FREN,1,French (Arts) 2XX,French (Arts) 2XX
FREN,1,32C1175,32C1175
FREN,1,Linguistique textuelle pour l'étude des textes littéraires,Linguistique textuelle pour l'étude des textes littéraires
FREN,1,"FREN2XX


	
French (Arts) 2XX


	
9300080


	
Textes fondateurs : Introduction à la littérature comparée


	Université Jean Moulin (Lyon III)	France",FREN2XX,French (Arts) 2XX,9300080,Textes fondateurs : Introduction à la littérature comparée,Université Jean Moulin (Lyon III)	France
FREN,1,FREN2XX,FREN2XX
FREN,1,French (Arts) 2XX,French (Arts) 2XX
FREN,1,9300080,9300080
FREN,1,Textes fondateurs : Introduction à la littérature comparée,Textes fondateurs : Introduction à la littérature comparée
FREN,1,"FREN2XX


	
French (Arts) 2XX


	
CHUM25F25


	
Distinguer le vrai du faux dans le flux d'informations


	Institut d'Études Politiques (Sciences Po) (ALL CAMPUSES)	France",FREN2XX,French (Arts) 2XX,CHUM25F25,Distinguer le vrai du faux dans le flux d'informations,Institut d'Études Politiques (Sciences Po) (ALL CAMPUSES)	France
FREN,1,FREN2XX,FREN2XX
FREN,1,French (Arts) 2XX,French (Arts) 2XX
FREN,1,CHUM25F25,CHUM25F25
FREN,1,Distinguer le vrai du faux dans le flux d'informations,Distinguer le vrai du faux dans le flux d'informations
FREN,1,"FREN2XX


	
French (Arts) 2XX


	
EDU10222


	
Français Langue D'enseignement Et D'apprentissage


	Université du Québec - TÉLUQ Université	Canada",FREN2XX,French (Arts) 2XX,EDU10222,Français Langue D'enseignement Et D'apprentissage,Université du Québec - TÉLUQ Université	Canada
FREN,1,FREN2XX,FREN2XX
FREN,1,French (Arts) 2XX,French (Arts) 2XX
FREN,1,EDU10222,EDU10222
FREN,1,Français Langue D'enseignement Et D'apprentissage,Français Langue D'enseignement Et D'apprentissage
FREN,1,"FREN2XX


	
French (Arts) 2XX


	
LT23BM69


	
Les stérérotypes, entre langue et culture


	University of Strasbourg	France",FREN2XX,French (Arts) 2XX,LT23BM69,"Les stérérotypes, entre langue et culture",University of Strasbourg	France
FREN,1,FREN2XX,FREN2XX
FREN,1,French (Arts) 2XX,French (Arts) 2XX
FREN,1,LT23BM69,LT23BM69
FREN,1,"Les stérérotypes, entre langue et culture","Les stérérotypes, entre langue et culture"
FREN,1,"FREN2XX


	
French (Arts) 2XX


	
TEU00162


	
French Language and Culture (Advanced)


	The University of Dublin (Trinity College)	Ireland",FREN2XX,French (Arts) 2XX,TEU00162,French Language and Culture (Advanced),The University of Dublin (Trinity College)	Ireland
FREN,1,FREN2XX,FREN2XX
FREN,1,French (Arts) 2XX,French (Arts) 2XX
FREN,1,TEU00162,TEU00162
FREN,1,French Language and Culture (Advanced),French Language and Culture (Advanced)
FREN,1,"FREN310


	
Cinéma français.


	
22230038


	
French History & Culture through Film


	Université Jean Moulin (Lyon III)	France",FREN310,Cinéma français.,22230038,French History & Culture through Film,Université Jean Moulin (Lyon III)	France
FREN,1,FREN310,FREN310
FREN,1,Cinéma français.,Cinéma français.
FREN,1,22230038,22230038
FREN,1,French History & Culture through Film,French History & Culture through Film
FREN,1,"FREN310


	
Cinéma français.


	
C3030819


	
Cinéma et histoire


	Université Panthéon Sorbonne (Paris I)	France",FREN310,Cinéma français.,C3030819,Cinéma et histoire,Université Panthéon Sorbonne (Paris I)	France
FREN,1,FREN310,FREN310
FREN,1,Cinéma français.,Cinéma français.
FREN,1,C3030819,C3030819
FREN,1,Cinéma et histoire,Cinéma et histoire
FREN,1,"FREN310


	
Cinéma français.


	
ELCF09040


	
Film at the Margins: The Cinema of Agnès Varda (Ordinary)


	The University of Edinburgh	Scotland, UK",FREN310,Cinéma français.,ELCF09040,Film at the Margins: The Cinema of Agnès Varda (Ordinary),"The University of Edinburgh	Scotland, UK"
FREN,1,FREN310,FREN310
FREN,1,Cinéma français.,Cinéma français.
FREN,1,ELCF09040,ELCF09040
FREN,1,Film at the Margins: The Cinema of Agnès Varda (Ordinary),Film at the Margins: The Cinema of Agnès Varda (Ordinary)
FREN,1,"FREN311


	
Cinéma francophone.


	
FREN2200


	
Cinema in France: The Seventh Art


	University of Leeds	England, UK",FREN311,Cinéma francophone.,FREN2200,Cinema in France: The Seventh Art,"University of Leeds	England, UK"
FREN,1,FREN311,FREN311
FREN,1,Cinéma francophone.,Cinéma francophone.
FREN,1,FREN2200,FREN2200
FREN,1,Cinema in France: The Seventh Art,Cinema in France: The Seventh Art
FREN,1,"FREN320


	
Traduire, écrire, expérimenter.


	
11100321A


	
Anglais version/compréhension


	Université Jean Moulin (Lyon III)	France",FREN320,"Traduire, écrire, expérimenter.",11100321A,Anglais version/compréhension,Université Jean Moulin (Lyon III)	France
FREN,1,FREN320,FREN320
FREN,1,"Traduire, écrire, expérimenter.","Traduire, écrire, expérimenter."
FREN,1,11100321A,11100321A
FREN,1,Anglais version/compréhension,Anglais version/compréhension
FREN,1,"FREN333


	
Questions de littérature du Moyen Âge et de l'Ancien Régime.


	
FREN20065


	
Burning Books: French Radicalism Before the Revolution


	University of Bristol	England, UK",FREN333,Questions de littérature du Moyen Âge et de l'Ancien Régime.,FREN20065,Burning Books: French Radicalism Before the Revolution,"University of Bristol	England, UK"
FREN,1,FREN333,FREN333
FREN,1,Questions de littérature du Moyen Âge et de l'Ancien Régime.,Questions de littérature du Moyen Âge et de l'Ancien Régime.
FREN,1,FREN20065,FREN20065
FREN,1,Burning Books: French Radicalism Before the Revolution,Burning Books: French Radicalism Before the Revolution
FREN,1,"FREN336


	
Histoire de la langue française.


	
9220024


	
Histoire de la langue


	Université Jean Moulin (Lyon III)	France",FREN336,Histoire de la langue française.,9220024,Histoire de la langue,Université Jean Moulin (Lyon III)	France
FREN,1,FREN336,FREN336
FREN,1,Histoire de la langue française.,Histoire de la langue française.
FREN,1,9220024,9220024
FREN,1,Histoire de la langue,Histoire de la langue
FREN,1,"FREN340


	
Atelier d'écriture narrative.


	
FLIT486


	
Création littéraire


	Concordia University	Canada",FREN340,Atelier d'écriture narrative.,FLIT486,Création littéraire,Concordia University	Canada
FREN,1,FREN340,FREN340
FREN,1,Atelier d'écriture narrative.,Atelier d'écriture narrative.
FREN,1,FLIT486,FLIT486
FREN,1,Création littéraire,Création littéraire
FREN,1,"FREN341


	
Traduction et recherche.


	
3250


	
Global Culture in French I


	The University of Connecticut (ALL CAMPUSES)	USA",FREN341,Traduction et recherche.,3250,Global Culture in French I,The University of Connecticut (ALL CAMPUSES)	USA
FREN,1,FREN341,FREN341
FREN,1,Traduction et recherche.,Traduction et recherche.
FREN,1,3250,3250
FREN,1,Global Culture in French I,Global Culture in French I
FREN,1,"FREN347


	
Terminologie générale.


	
BT0911


	
Gestion et recherche documentaire


	University of Geneva	Switzerland",FREN347,Terminologie générale.,BT0911,Gestion et recherche documentaire,University of Geneva	Switzerland
FREN,1,FREN347,FREN347
FREN,1,Terminologie générale.,Terminologie générale.
FREN,1,BT0911,BT0911
FREN,1,Gestion et recherche documentaire,Gestion et recherche documentaire
FREN,1,"FREN349


	
Traduction et actualité .


	
BT0502CS


	
Pratique de la traduction EN/FR cours 2


	University of Geneva	Switzerland",FREN349,Traduction et actualité .,BT0502CS,Pratique de la traduction EN/FR cours 2,University of Geneva	Switzerland
FREN,1,FREN349,FREN349
FREN,1,Traduction et actualité .,Traduction et actualité .
FREN,1,BT0502CS,BT0502CS
FREN,1,Pratique de la traduction EN/FR cours 2,Pratique de la traduction EN/FR cours 2
FREN,1,"FREN355


	
Littérature du 20e siècle 1.


	
31028


	
French Literature 1


	University of Bologna	Italy",FREN355,Littérature du 20e siècle 1.,31028,French Literature 1,University of Bologna	Italy
FREN,1,FREN355,FREN355
FREN,1,Littérature du 20e siècle 1.,Littérature du 20e siècle 1.
FREN,1,31028,31028
FREN,1,French Literature 1,French Literature 1
FREN,1,"FREN355


	
Littérature du 20e siècle 1.


	
UIC130102


	
World Literature: Modern European Literature


	Yonsei University	South Korea",FREN355,Littérature du 20e siècle 1.,UIC130102,World Literature: Modern European Literature,Yonsei University	South Korea
FREN,1,FREN355,FREN355
FREN,1,Littérature du 20e siècle 1.,Littérature du 20e siècle 1.
FREN,1,UIC130102,UIC130102
FREN,1,World Literature: Modern European Literature,World Literature: Modern European Literature
FREN,1,"FREN362


	
La littérature du 17e siècle 1.


	
09330001


	
Littérature française: XVIIe siècle


	Université Jean Moulin (Lyon III)	France",FREN362,La littérature du 17e siècle 1.,09330001,Littérature française: XVIIe siècle,Université Jean Moulin (Lyon III)	France
FREN,1,FREN362,FREN362
FREN,1,La littérature du 17e siècle 1.,La littérature du 17e siècle 1.
FREN,1,09330001,09330001
FREN,1,Littérature française: XVIIe siècle,Littérature française: XVIIe siècle
FREN,1,"FREN375


	
Théories littéraires 2.


	
LCO3001


	
Problèmes de la représentation


	Universite de Montreal	Canada",FREN375,Théories littéraires 2.,LCO3001,Problèmes de la représentation,Universite de Montreal	Canada
FREN,1,FREN375,FREN375
FREN,1,Théories littéraires 2.,Théories littéraires 2.
FREN,1,LCO3001,LCO3001
FREN,1,Problèmes de la représentation,Problèmes de la représentation
FREN,1,"FREN380


	
Littératures francophones 1.


	
13304


	
Francophone Literatures


	University of Bologna	Italy",FREN380,Littératures francophones 1.,13304,Francophone Literatures,University of Bologna	Italy
FREN,1,FREN380,FREN380
FREN,1,Littératures francophones 1.,Littératures francophones 1.
FREN,1,13304,13304
FREN,1,Francophone Literatures,Francophone Literatures
FREN,1,"FREN380


	
Littératures francophones 1.


	
FRA1203


	
Lecture du poème


	Universite de Montreal	Canada",FREN380,Littératures francophones 1.,FRA1203,Lecture du poème,Universite de Montreal	Canada
FREN,1,FREN380,FREN380
FREN,1,Littératures francophones 1.,Littératures francophones 1.
FREN,1,FRA1203,FRA1203
FREN,1,Lecture du poème,Lecture du poème
FREN,1,"FREN380


	
Littératures francophones 1.


	
FREN3021


	
Francophone literatures and identities


	The University of Hong Kong (HKU)	Hong Kong, SAR",FREN380,Littératures francophones 1.,FREN3021,Francophone literatures and identities,"The University of Hong Kong (HKU)	Hong Kong, SAR"
FREN,1,FREN380,FREN380
FREN,1,Littératures francophones 1.,Littératures francophones 1.
FREN,1,FREN3021,FREN3021
FREN,1,Francophone literatures and identities,Francophone literatures and identities
FREN,1,"FREN380


	
Littératures francophones 1.


	
LROM1523


	
Littérature francophone de Belgique


	Catholic University of Louvain	Belgium",FREN380,Littératures francophones 1.,LROM1523,Littérature francophone de Belgique,Catholic University of Louvain	Belgium
FREN,1,FREN380,FREN380
FREN,1,Littératures francophones 1.,Littératures francophones 1.
FREN,1,LROM1523,LROM1523
FREN,1,Littérature francophone de Belgique,Littérature francophone de Belgique
FREN,1,"FREN3XX


	
French (Arts) 3XX


	
3116


	
Aventures et Découvertes: Voyages à travers les mondes français et francophones


	Utah Valley University	USA",FREN3XX,French (Arts) 3XX,3116,Aventures et Découvertes: Voyages à travers les mondes français et francophones,Utah Valley University	USA
FREN,1,FREN3XX,FREN3XX
FREN,1,French (Arts) 3XX,French (Arts) 3XX
FREN,1,3116,3116
FREN,1,Aventures et Découvertes: Voyages à travers les mondes français et francophones,Aventures et Découvertes: Voyages à travers les mondes français et francophones
FREN,1,"FREN3XX
AND


FREN380


	
French (Arts) 3XX
AND


Littératures francophones 1.


	
9380009


	
Littérature francophone


	Université Jean Moulin (Lyon III)	France",FREN3XX,AND,FREN380,French (Arts) 3XX,AND,Littératures francophones 1.,9380009,Littérature francophone,Université Jean Moulin (Lyon III)	France
FREN,1,"FREN3XX
AND",FREN3XX,AND
FREN,1,FREN380,FREN380
FREN,1,"French (Arts) 3XX
AND",French (Arts) 3XX,AND
FREN,1,Littératures francophones 1.,Littératures francophones 1.
FREN,1,9380009,9380009
FREN,1,Littérature francophone,Littérature francophone
FREN,1,"FREN3XX


	
French (Arts) 3XX


	
FREB50


	
Introduction to French Literature I


	University of Toronto	Canada",FREN3XX,French (Arts) 3XX,FREB50,Introduction to French Literature I,University of Toronto	Canada
FREN,1,FREN3XX,FREN3XX
FREN,1,French (Arts) 3XX,French (Arts) 3XX
FREN,1,FREB50,FREB50
FREN,1,Introduction to French Literature I,Introduction to French Literature I
FREN,1,"FREN3XX


	
French (Arts) 3XX


	
FREN354


	
Voices of Haiti


	Rice University	USA",FREN3XX,French (Arts) 3XX,FREN354,Voices of Haiti,Rice University	USA
FREN,1,FREN3XX,FREN3XX
FREN,1,French (Arts) 3XX,French (Arts) 3XX
FREN,1,FREN354,FREN354
FREN,1,Voices of Haiti,Voices of Haiti
FREN,1,"FREN3XX


	
French (Arts) 3XX


	
INTRODUCTIONALETUDEDELABANDEDESSINEE


	
Introduction à l'étude de la bande dessinée


	University of Lausanne	Switzerland",FREN3XX,French (Arts) 3XX,INTRODUCTIONALETUDEDELABANDEDESSINEE,Introduction à l'étude de la bande dessinée,University of Lausanne	Switzerland
FREN,1,FREN3XX,FREN3XX
FREN,1,French (Arts) 3XX,French (Arts) 3XX
FREN,1,INTRODUCTIONALETUDEDELABANDEDESSINEE,INTRODUCTIONALETUDEDELABANDEDESSINEE
FREN,1,Introduction à l'étude de la bande dessinée,Introduction à l'étude de la bande dessinée
FREN,1,"FREN420


	
Enjeux de l’écriture littéraire.


	
LIT1300


	
Questions de création littéraire


	Université du Québec à Montréal (UQAM)	Canada",FREN420,Enjeux de l’écriture littéraire.,LIT1300,Questions de création littéraire,Université du Québec à Montréal (UQAM)	Canada
FREN,1,FREN420,FREN420
FREN,1,Enjeux de l’écriture littéraire.,Enjeux de l’écriture littéraire.
FREN,1,LIT1300,LIT1300
FREN,1,Questions de création littéraire,Questions de création littéraire
FREN,1,"FREN434


	
Sociolinguistique du français.


	
LIN1001


	
Langue et société


	Université du Québec - TÉLUQ Université	Canada",FREN434,Sociolinguistique du français.,LIN1001,Langue et société,Université du Québec - TÉLUQ Université	Canada
FREN,1,FREN434,FREN434
FREN,1,Sociolinguistique du français.,Sociolinguistique du français.
FREN,1,LIN1001,LIN1001
FREN,1,Langue et société,Langue et société
FREN,1,"FREN441


	
Traduction français-anglais.


	
11100321


	
Anglais version/compréhension


	Université Jean Moulin (Lyon III)	France",FREN441,Traduction français-anglais.,11100321,Anglais version/compréhension,Université Jean Moulin (Lyon III)	France
FREN,1,FREN441,FREN441
FREN,1,Traduction français-anglais.,Traduction français-anglais.
FREN,1,11100321,11100321
FREN,1,Anglais version/compréhension,Anglais version/compréhension
FREN,1,"FREN455


	
La littérature médiévale 1.


	
09310007


	
Littérature française : Moyen Age


	Université Jean Moulin (Lyon III)	France",FREN455,La littérature médiévale 1.,09310007,Littérature française : Moyen Age,Université Jean Moulin (Lyon III)	France
FREN,1,FREN455,FREN455
FREN,1,La littérature médiévale 1.,La littérature médiévale 1.
FREN,1,09310007,09310007
FREN,1,Littérature française : Moyen Age,Littérature française : Moyen Age
FREN,1,"FREN455


	
La littérature médiévale 1.


	
ELCF09036


	
Medieval Bodies: Integrity, Rupture, and Metamorphosis


	The University of Edinburgh	Scotland, UK",FREN455,La littérature médiévale 1.,ELCF09036,"Medieval Bodies: Integrity, Rupture, and Metamorphosis","The University of Edinburgh	Scotland, UK"
FREN,1,FREN455,FREN455
FREN,1,La littérature médiévale 1.,La littérature médiévale 1.
FREN,1,ELCF09036,ELCF09036
FREN,1,"Medieval Bodies: Integrity, Rupture, and Metamorphosis","Medieval Bodies: Integrity, Rupture, and Metamorphosis"
FREN,1,"FREN5XX


	
French (Arts) 5XX


	
FRA3359


	
La recherche en littérature


	Universite de Montreal	Canada",FREN5XX,French (Arts) 5XX,FRA3359,La recherche en littérature,Universite de Montreal	Canada
FREN,1,FREN5XX,FREN5XX
FREN,1,French (Arts) 5XX,French (Arts) 5XX
FREN,1,FRA3359,FRA3359
FREN,1,La recherche en littérature,La recherche en littérature
FREN,1,"FRENXXX


	
French (Arts) XXX


	
FRA3006


	
Rédaction administrative


	Université du Québec - TÉLUQ Université	Canada",FRENXXX,French (Arts) XXX,FRA3006,Rédaction administrative,Université du Québec - TÉLUQ Université	Canada
FREN,1,FRENXXX,FRENXXX
FREN,1,French (Arts) XXX,French (Arts) XXX
FREN,1,FRA3006,FRA3006
FREN,1,Rédaction administrative,Rédaction administrative
FREN,1,"FRENXXX


	
French (Arts) XXX


	
LFRA52D0


	
Français B1


	Institut d'Études Politiques (Sciences Po) (ALL CAMPUSES)	France",FRENXXX,French (Arts) XXX,LFRA52D0,Français B1,Institut d'Études Politiques (Sciences Po) (ALL CAMPUSES)	France
FREN,1,FRENXXX,FRENXXX
FREN,1,French (Arts) XXX,French (Arts) XXX
FREN,1,LFRA52D0,LFRA52D0
FREN,1,Français B1,Français B1
FREN,1,"FRENXXX


	
French (Arts) XXX


	
P9108E


	
Civilisations Françaises


	amU Aix Marseille Université	France",FRENXXX,French (Arts) XXX,P9108E,Civilisations Françaises,amU Aix Marseille Université	France
FREN,1,FRENXXX,FRENXXX
FREN,1,French (Arts) XXX,French (Arts) XXX
FREN,1,P9108E,P9108E
FREN,1,Civilisations Françaises,Civilisations Françaises
FREN,1,"New Search	
	Refine Search",New Search,Refine Search
FREN,1,"New Search	
	Refine Search",New Search,Refine Search
GEOG,1,"Legend:	
	  Equivalent
	
	  Not Equivalent
	
	  Expired",Legend:,Equivalent,Not Equivalent,Expired
GEOG,1,Equivalent,Equivalent
GEOG,1,Not Equivalent,Not Equivalent
GEOG,1,Expired,Expired
GEOG,1,"New Search	
	Refine Search",New Search,Refine Search
GEOG,1,"New Search	
	Refine Search",New Search,Refine Search
GEOG,1,"McGill University
	
External Institution",McGill University,External Institution
GEOG,1,"Course
	
Title
	
Course
	
Title
	
Institution
	
Country
	
Status",Course,Title,Course,Title,Institution,Country,Status
GEOG,1,"GEOG1XX


	
Geography 1XX


	
GEO1333


	
Territoires, environnement et développement durable


	Université du Québec en Outaouais (UQO)	Canada",GEOG1XX,Geography 1XX,GEO1333,"Territoires, environnement et développement durable",Université du Québec en Outaouais (UQO)	Canada
GEOG,1,GEOG1XX,GEOG1XX
GEOG,1,Geography 1XX,Geography 1XX
GEOG,1,GEO1333,GEO1333
GEOG,1,"Territoires, environnement et développement durable","Territoires, environnement et développement durable"
GEOG,1,"GEOG201


	
Introductory Geo-Information Science.


	
BMET25A06


	
Mind the Map – Approaches to Cartography in Social Sciences


	Institut d'Études Politiques (Sciences Po) (ALL CAMPUSES)	France",GEOG201,Introductory Geo-Information Science.,BMET25A06,Mind the Map – Approaches to Cartography in Social Sciences,Institut d'Études Politiques (Sciences Po) (ALL CAMPUSES)	France
GEOG,1,GEOG201,GEOG201
GEOG,1,Introductory Geo-Information Science.,Introductory Geo-Information Science.
GEOG,1,BMET25A06,BMET25A06
GEOG,1,Mind the Map – Approaches to Cartography in Social Sciences,Mind the Map – Approaches to Cartography in Social Sciences
GEOG,1,"GEOG201


	
Introductory Geo-Information Science.


	
GEGR10137


	
Principles of Geographical Information Science


	The University of Edinburgh	Scotland, UK",GEOG201,Introductory Geo-Information Science.,GEGR10137,Principles of Geographical Information Science,"The University of Edinburgh	Scotland, UK"
GEOG,1,GEOG201,GEOG201
GEOG,1,Introductory Geo-Information Science.,Introductory Geo-Information Science.
GEOG,1,GEGR10137,GEGR10137
GEOG,1,Principles of Geographical Information Science,Principles of Geographical Information Science
GEOG,1,"GEOG201


	
Introductory Geo-Information Science.


	
GEOG2201


	
Geographic Information Studies


	The University of Western Australia (UWA)	Australia",GEOG201,Introductory Geo-Information Science.,GEOG2201,Geographic Information Studies,The University of Western Australia (UWA)	Australia
GEOG,1,GEOG201,GEOG201
GEOG,1,Introductory Geo-Information Science.,Introductory Geo-Information Science.
GEOG,1,GEOG2201,GEOG2201
GEOG,1,Geographic Information Studies,Geographic Information Studies
GEOG,1,"GEOG201


	
Introductory Geo-Information Science.


	
GEOG363


	
Geographic information systems


	Concordia University	Canada",GEOG201,Introductory Geo-Information Science.,GEOG363,Geographic information systems,Concordia University	Canada
GEOG,1,GEOG201,GEOG201
GEOG,1,Introductory Geo-Information Science.,Introductory Geo-Information Science.
GEOG,1,GEOG363,GEOG363
GEOG,1,Geographic information systems,Geographic information systems
GEOG,1,"GEOG203


	
Environmental Systems.


	
GE2103


	
Our Planet: An Earth System Science Perspective


	National University of Singapore	Singapore",GEOG203,Environmental Systems.,GE2103,Our Planet: An Earth System Science Perspective,National University of Singapore	Singapore
GEOG,1,GEOG203,GEOG203
GEOG,1,Environmental Systems.,Environmental Systems.
GEOG,1,GE2103,GE2103
GEOG,1,Our Planet: An Earth System Science Perspective,Our Planet: An Earth System Science Perspective
GEOG,1,"GEOG203


	
Environmental Systems.


	
GEOS1701


	
Environmental Sytsems, Processes, and Issues


	University of New South Wales (UNSW)	Australia",GEOG203,Environmental Systems.,GEOS1701,"Environmental Sytsems, Processes, and Issues",University of New South Wales (UNSW)	Australia
GEOG,1,GEOG203,GEOG203
GEOG,1,Environmental Systems.,Environmental Systems.
GEOG,1,GEOS1701,GEOS1701
GEOG,1,"Environmental Sytsems, Processes, and Issues","Environmental Sytsems, Processes, and Issues"
GEOG,1,"GEOG205


	
Global Change: Past, Present and Future.


	
GEGR08011


	
Global Change


	The University of Edinburgh	Scotland, UK",GEOG205,"Global Change: Past, Present and Future.",GEGR08011,Global Change,"The University of Edinburgh	Scotland, UK"
GEOG,1,GEOG205,GEOG205
GEOG,1,"Global Change: Past, Present and Future.","Global Change: Past, Present and Future."
GEOG,1,GEGR08011,GEGR08011
GEOG,1,Global Change,Global Change
GEOG,1,"GEOG205


	
Global Change: Past, Present and Future.


	
HIST2810


	
Global Environmental Issues: Past, Present and Future


	University of the West Indies - Cave Hill Campus	Barbados",GEOG205,"Global Change: Past, Present and Future.",HIST2810,"Global Environmental Issues: Past, Present and Future",University of the West Indies - Cave Hill Campus	Barbados
GEOG,1,GEOG205,GEOG205
GEOG,1,"Global Change: Past, Present and Future.","Global Change: Past, Present and Future."
GEOG,1,HIST2810,HIST2810
GEOG,1,"Global Environmental Issues: Past, Present and Future","Global Environmental Issues: Past, Present and Future"
GEOG,1,"GEOG210


	
Global Places and Peoples.


	
GEO103


	
Geografia Humana General / General Human Geography


	Catholic University of Chile	Chile",GEOG210,Global Places and Peoples.,GEO103,Geografia Humana General / General Human Geography,Catholic University of Chile	Chile
GEOG,1,GEOG210,GEOG210
GEOG,1,Global Places and Peoples.,Global Places and Peoples.
GEOG,1,GEO103,GEO103
GEOG,1,Geografia Humana General / General Human Geography,Geografia Humana General / General Human Geography
GEOG,1,"GEOG210


	
Global Places and Peoples.


	
GEOG102


	
Geographies of sustainable futures


	University of Otago / Te Whare Wananga o Otago	New Zealand",GEOG210,Global Places and Peoples.,GEOG102,Geographies of sustainable futures,University of Otago / Te Whare Wananga o Otago	New Zealand
GEOG,1,GEOG210,GEOG210
GEOG,1,Global Places and Peoples.,Global Places and Peoples.
GEOG,1,GEOG102,GEOG102
GEOG,1,Geographies of sustainable futures,Geographies of sustainable futures
GEOG,1,"GEOG216


	
Geography of the World Economy.


	
2SE272


	
World Economy - for exchange students


	Prague University of Economics and Business (VSE)	Czech Republic",GEOG216,Geography of the World Economy.,2SE272,World Economy - for exchange students,Prague University of Economics and Business (VSE)	Czech Republic
GEOG,1,GEOG216,GEOG216
GEOG,1,Geography of the World Economy.,Geography of the World Economy.
GEOG,1,2SE272,2SE272
GEOG,1,World Economy - for exchange students,World Economy - for exchange students
GEOG,1,"GEOG216


	
Geography of the World Economy.


	
GEOG210


	
Geography of Global Change


	Concordia University	Canada",GEOG216,Geography of the World Economy.,GEOG210,Geography of Global Change,Concordia University	Canada
GEOG,1,GEOG216,GEOG216
GEOG,1,Geography of the World Economy.,Geography of the World Economy.
GEOG,1,GEOG210,GEOG210
GEOG,1,Geography of Global Change,Geography of Global Change
GEOG,1,"GEOG221


	
Environment and Health.


	
74703


	
THE CULTURE OF SPORTS, HEALTH, AND LONGEVITY IN JAPAN AND OTHER COUNTRIES


	Keio University	Japan",GEOG221,Environment and Health.,74703,"THE CULTURE OF SPORTS, HEALTH, AND LONGEVITY IN JAPAN AND OTHER COUNTRIES",Keio University	Japan
GEOG,1,GEOG221,GEOG221
GEOG,1,Environment and Health.,Environment and Health.
GEOG,1,74703,74703
GEOG,1,"THE CULTURE OF SPORTS, HEALTH, AND LONGEVITY IN JAPAN AND OTHER COUNTRIES","THE CULTURE OF SPORTS, HEALTH, AND LONGEVITY IN JAPAN AND OTHER COUNTRIES"
GEOG,1,"GEOG221


	
Environment and Health.


	
AID2011


	
Health and Environment


	University of Malaya	Malaysia",GEOG221,Environment and Health.,AID2011,Health and Environment,University of Malaya	Malaysia
GEOG,1,GEOG221,GEOG221
GEOG,1,Environment and Health.,Environment and Health.
GEOG,1,AID2011,AID2011
GEOG,1,Health and Environment,Health and Environment
GEOG,1,"GEOG272


	
Earth's Changing Surface.


	
GEGR08002


	
Geomorphology


	The University of Edinburgh	Scotland, UK",GEOG272,Earth's Changing Surface.,GEGR08002,Geomorphology,"The University of Edinburgh	Scotland, UK"
GEOG,1,GEOG272,GEOG272
GEOG,1,Earth's Changing Surface.,Earth's Changing Surface.
GEOG,1,GEGR08002,GEGR08002
GEOG,1,Geomorphology,Geomorphology
GEOG,1,"GEOG272


	
Earth's Changing Surface.


	
GEOG274


	
The Natural Environment: Land and Life


	Concordia University	Canada",GEOG272,Earth's Changing Surface.,GEOG274,The Natural Environment: Land and Life,Concordia University	Canada
GEOG,1,GEOG272,GEOG272
GEOG,1,Earth's Changing Surface.,Earth's Changing Surface.
GEOG,1,GEOG274,GEOG274
GEOG,1,The Natural Environment: Land and Life,The Natural Environment: Land and Life
GEOG,1,"GEOG272


	
Earth's Changing Surface.


	
GGU33020


	
Research Skills and Data Analysis in Geomorphology 1


	The University of Dublin (Trinity College)	Ireland",GEOG272,Earth's Changing Surface.,GGU33020,Research Skills and Data Analysis in Geomorphology 1,The University of Dublin (Trinity College)	Ireland
GEOG,1,GEOG272,GEOG272
GEOG,1,Earth's Changing Surface.,Earth's Changing Surface.
GEOG,1,GGU33020,GGU33020
GEOG,1,Research Skills and Data Analysis in Geomorphology 1,Research Skills and Data Analysis in Geomorphology 1
GEOG,1,"GEOG2XX


	
Geography 2XX


	
1900ERASMUSCOTW


	
Cities of the world


	University of Warsaw	Poland",GEOG2XX,Geography 2XX,1900ERASMUSCOTW,Cities of the world,University of Warsaw	Poland
GEOG,1,GEOG2XX,GEOG2XX
GEOG,1,Geography 2XX,Geography 2XX
GEOG,1,1900ERASMUSCOTW,1900ERASMUSCOTW
GEOG,1,Cities of the world,Cities of the world
GEOG,1,"GEOG2XX


	
Geography 2XX


	
23210127


	
Géographie des illégalismes


	Université Jean Moulin (Lyon III)	France",GEOG2XX,Geography 2XX,23210127,Géographie des illégalismes,Université Jean Moulin (Lyon III)	France
GEOG,1,GEOG2XX,GEOG2XX
GEOG,1,Geography 2XX,Geography 2XX
GEOG,1,23210127,23210127
GEOG,1,Géographie des illégalismes,Géographie des illégalismes
GEOG,1,"GEOG2XX


	
Geography 2XX


	
5241VUSF


	
Urban Studies Foundations


	Leiden University	Netherlands",GEOG2XX,Geography 2XX,5241VUSF,Urban Studies Foundations,Leiden University	Netherlands
GEOG,1,GEOG2XX,GEOG2XX
GEOG,1,Geography 2XX,Geography 2XX
GEOG,1,5241VUSF,5241VUSF
GEOG,1,Urban Studies Foundations,Urban Studies Foundations
GEOG,1,"GEOG2XX


	
Geography 2XX


	
5242VHCL


	
Healthy City Lecture Series


	Leiden University	Netherlands",GEOG2XX,Geography 2XX,5242VHCL,Healthy City Lecture Series,Leiden University	Netherlands
GEOG,1,GEOG2XX,GEOG2XX
GEOG,1,Geography 2XX,Geography 2XX
GEOG,1,5242VHCL,5242VHCL
GEOG,1,Healthy City Lecture Series,Healthy City Lecture Series
GEOG,1,"GEOG2XX


	
Geography 2XX


	
AGEO2020


	
GEOGRAPHY


	Sophia University	Japan",GEOG2XX,Geography 2XX,AGEO2020,GEOGRAPHY,Sophia University	Japan
GEOG,1,GEOG2XX,GEOG2XX
GEOG,1,Geography 2XX,Geography 2XX
GEOG,1,AGEO2020,AGEO2020
GEOG,1,GEOGRAPHY,GEOGRAPHY
GEOG,1,"GEOG2XX


	
Geography 2XX


	
EC1019


	
Citizenship and Smart cities


	Monterrey Institute of Technology and Higher Education	Mexico",GEOG2XX,Geography 2XX,EC1019,Citizenship and Smart cities,Monterrey Institute of Technology and Higher Education	Mexico
GEOG,1,GEOG2XX,GEOG2XX
GEOG,1,Geography 2XX,Geography 2XX
GEOG,1,EC1019,EC1019
GEOG,1,Citizenship and Smart cities,Citizenship and Smart cities
GEOG,1,"GEOG2XX


	
Geography 2XX


	
ENVSCI201


	
Natural and Human Environmental Systems


	The University of Auckland / Te Whare Wananga o Tamaki Makaurau	New Zealand",GEOG2XX,Geography 2XX,ENVSCI201,Natural and Human Environmental Systems,The University of Auckland / Te Whare Wananga o Tamaki Makaurau	New Zealand
GEOG,1,GEOG2XX,GEOG2XX
GEOG,1,Geography 2XX,Geography 2XX
GEOG,1,ENVSCI201,ENVSCI201
GEOG,1,Natural and Human Environmental Systems,Natural and Human Environmental Systems
GEOG,1,"GEOG2XX


	
Geography 2XX


	
GE1101E


	
Geographical Journeys: Exploring World Environments


	National University of Singapore	Singapore",GEOG2XX,Geography 2XX,GE1101E,Geographical Journeys: Exploring World Environments,National University of Singapore	Singapore
GEOG,1,GEOG2XX,GEOG2XX
GEOG,1,Geography 2XX,Geography 2XX
GEOG,1,GE1101E,GE1101E
GEOG,1,Geographical Journeys: Exploring World Environments,Geographical Journeys: Exploring World Environments
GEOG,1,"GEOG2XX


	
Geography 2XX


	
GEOG0150


	
Space and Society


	University College London (UCL) - University of London	England, UK",GEOG2XX,Geography 2XX,GEOG0150,Space and Society,"University College London (UCL) - University of London	England, UK"
GEOG,1,GEOG2XX,GEOG2XX
GEOG,1,Geography 2XX,Geography 2XX
GEOG,1,GEOG0150,GEOG0150
GEOG,1,Space and Society,Space and Society
GEOG,1,"GEOG2XX


	
Geography 2XX


	
GEOG202


	
Cities, Regions and Communities


	The University of Auckland / Te Whare Wananga o Tamaki Makaurau	New Zealand",GEOG2XX,Geography 2XX,GEOG202,"Cities, Regions and Communities",The University of Auckland / Te Whare Wananga o Tamaki Makaurau	New Zealand
GEOG,1,GEOG2XX,GEOG2XX
GEOG,1,Geography 2XX,Geography 2XX
GEOG,1,GEOG202,GEOG202
GEOG,1,"Cities, Regions and Communities","Cities, Regions and Communities"
GEOG,1,"GEOG2XX


	
Geography 2XX


	
GEOG203


	
Canadian Environmental Issues


	Concordia University	Canada",GEOG2XX,Geography 2XX,GEOG203,Canadian Environmental Issues,Concordia University	Canada
GEOG,1,GEOG2XX,GEOG2XX
GEOG,1,Geography 2XX,Geography 2XX
GEOG,1,GEOG203,GEOG203
GEOG,1,Canadian Environmental Issues,Canadian Environmental Issues
GEOG,1,"GEOG2XX


	
Geography 2XX


	
GEOG2164


	
The Creative City


	The University of Hong Kong (HKU)	Hong Kong, SAR",GEOG2XX,Geography 2XX,GEOG2164,The Creative City,"The University of Hong Kong (HKU)	Hong Kong, SAR"
GEOG,1,GEOG2XX,GEOG2XX
GEOG,1,Geography 2XX,Geography 2XX
GEOG,1,GEOG2164,GEOG2164
GEOG,1,The Creative City,The Creative City
GEOG,1,"GEOG2XX


	
Geography 2XX


	
GEOG272


	
The Natural Environment: Air and Water


	Concordia University	Canada",GEOG2XX,Geography 2XX,GEOG272,The Natural Environment: Air and Water,Concordia University	Canada
GEOG,1,GEOG2XX,GEOG2XX
GEOG,1,Geography 2XX,Geography 2XX
GEOG,1,GEOG272,GEOG272
GEOG,1,The Natural Environment: Air and Water,The Natural Environment: Air and Water
GEOG,1,"GEOG2XX


	
Geography 2XX


	
GEOG282


	
Climate Change: Present and Future


	University of Otago / Te Whare Wananga o Otago	New Zealand",GEOG2XX,Geography 2XX,GEOG282,Climate Change: Present and Future,University of Otago / Te Whare Wananga o Otago	New Zealand
GEOG,1,GEOG2XX,GEOG2XX
GEOG,1,Geography 2XX,Geography 2XX
GEOG,1,GEOG282,GEOG282
GEOG,1,Climate Change: Present and Future,Climate Change: Present and Future
GEOG,1,"GEOG2XX


	
Geography 2XX


	
GEOG298


	
Coastal Geomorphology


	University of Otago / Te Whare Wananga o Otago	New Zealand",GEOG2XX,Geography 2XX,GEOG298,Coastal Geomorphology,University of Otago / Te Whare Wananga o Otago	New Zealand
GEOG,1,GEOG2XX,GEOG2XX
GEOG,1,Geography 2XX,Geography 2XX
GEOG,1,GEOG298,GEOG298
GEOG,1,Coastal Geomorphology,Coastal Geomorphology
GEOG,1,"GEOG2XX


	
Geography 2XX


	
GEOG398


	
Coastal Geomorphology


	University of Otago / Te Whare Wananga o Otago	New Zealand",GEOG2XX,Geography 2XX,GEOG398,Coastal Geomorphology,University of Otago / Te Whare Wananga o Otago	New Zealand
GEOG,1,GEOG2XX,GEOG2XX
GEOG,1,Geography 2XX,Geography 2XX
GEOG,1,GEOG398,GEOG398
GEOG,1,Coastal Geomorphology,Coastal Geomorphology
GEOG,1,"GEOG2XX


	
Geography 2XX


	
GEOG4015


	
Geographical Techniques


	The University of Glasgow	Scotland, UK",GEOG2XX,Geography 2XX,GEOG4015,Geographical Techniques,"The University of Glasgow	Scotland, UK"
GEOG,1,GEOG2XX,GEOG2XX
GEOG,1,Geography 2XX,Geography 2XX
GEOG,1,GEOG4015,GEOG4015
GEOG,1,Geographical Techniques,Geographical Techniques
GEOG,1,"GEOG2XX


	
Geography 2XX


	
GGU33939


	
Exploring the sustainable city


	The University of Dublin (Trinity College)	Ireland",GEOG2XX,Geography 2XX,GGU33939,Exploring the sustainable city,The University of Dublin (Trinity College)	Ireland
GEOG,1,GEOG2XX,GEOG2XX
GEOG,1,Geography 2XX,Geography 2XX
GEOG,1,GGU33939,GGU33939
GEOG,1,Exploring the sustainable city,Exploring the sustainable city
GEOG,1,"GEOG2XX


	
Geography 2XX


	
GSSH101L


	
Introduction to Urban Studies


	Waseda University	Japan",GEOG2XX,Geography 2XX,GSSH101L,Introduction to Urban Studies,Waseda University	Japan
GEOG,1,GEOG2XX,GEOG2XX
GEOG,1,Geography 2XX,Geography 2XX
GEOG,1,GSSH101L,GSSH101L
GEOG,1,Introduction to Urban Studies,Introduction to Urban Studies
GEOG,1,"GEOG2XX


	
Geography 2XX


	
GSSH101P


	
Urban History of Tokyo


	Waseda University	Japan",GEOG2XX,Geography 2XX,GSSH101P,Urban History of Tokyo,Waseda University	Japan
GEOG,1,GEOG2XX,GEOG2XX
GEOG,1,Geography 2XX,Geography 2XX
GEOG,1,GSSH101P,GSSH101P
GEOG,1,Urban History of Tokyo,Urban History of Tokyo
GEOG,1,"GEOG2XX


	
Geography 2XX


	
LBI4082


	
Methods in Conservation Biology


	University of the Americas Puebla (UDLAP)	Mexico",GEOG2XX,Geography 2XX,LBI4082,Methods in Conservation Biology,University of the Americas Puebla (UDLAP)	Mexico
GEOG,1,GEOG2XX,GEOG2XX
GEOG,1,Geography 2XX,Geography 2XX
GEOG,1,LBI4082,LBI4082
GEOG,1,Methods in Conservation Biology,Methods in Conservation Biology
GEOG,1,"GEOG2XX


	
Geography 2XX


	
MARINE100G


	
Our oceans around us


	The University of Auckland / Te Whare Wananga o Tamaki Makaurau	New Zealand",GEOG2XX,Geography 2XX,MARINE100G,Our oceans around us,The University of Auckland / Te Whare Wananga o Tamaki Makaurau	New Zealand
GEOG,1,GEOG2XX,GEOG2XX
GEOG,1,Geography 2XX,Geography 2XX
GEOG,1,MARINE100G,MARINE100G
GEOG,1,Our oceans around us,Our oceans around us
GEOG,1,"GEOG2XX


	
Geography 2XX


	
SEE3003


	
CLIMATE CHANGE AND ADAPTATION STRATEGIES


	City University of Hong Kong	Hong Kong, SAR",GEOG2XX,Geography 2XX,SEE3003,CLIMATE CHANGE AND ADAPTATION STRATEGIES,"City University of Hong Kong	Hong Kong, SAR"
GEOG,1,GEOG2XX,GEOG2XX
GEOG,1,Geography 2XX,Geography 2XX
GEOG,1,SEE3003,SEE3003
GEOG,1,CLIMATE CHANGE AND ADAPTATION STRATEGIES,CLIMATE CHANGE AND ADAPTATION STRATEGIES
GEOG,1,"GEOG2XX


	
Geography 2XX


	
SHSS10010


	
Nature, Greenspace, and Health


	The University of Edinburgh	Scotland, UK",GEOG2XX,Geography 2XX,SHSS10010,"Nature, Greenspace, and Health","The University of Edinburgh	Scotland, UK"
GEOG,1,GEOG2XX,GEOG2XX
GEOG,1,Geography 2XX,Geography 2XX
GEOG,1,SHSS10010,SHSS10010
GEOG,1,"Nature, Greenspace, and Health","Nature, Greenspace, and Health"
GEOG,1,"GEOG2XX


	
Geography 2XX


	
URBS250


	
Representation Methods in Urban Studies


	Concordia University	Canada",GEOG2XX,Geography 2XX,URBS250,Representation Methods in Urban Studies,Concordia University	Canada
GEOG,1,GEOG2XX,GEOG2XX
GEOG,1,Geography 2XX,Geography 2XX
GEOG,1,URBS250,URBS250
GEOG,1,Representation Methods in Urban Studies,Representation Methods in Urban Studies
GEOG,1,"GEOG302


	
Environmental Management 1


	
GEOG320


	
Resources And Environmental Management


	The University of Auckland / Te Whare Wananga o Tamaki Makaurau	New Zealand",GEOG302,Environmental Management 1,GEOG320,Resources And Environmental Management,The University of Auckland / Te Whare Wananga o Tamaki Makaurau	New Zealand
GEOG,1,GEOG302,GEOG302
GEOG,1,Environmental Management 1,Environmental Management 1
GEOG,1,GEOG320,GEOG320
GEOG,1,Resources And Environmental Management,Resources And Environmental Management
GEOG,1,"GEOG302


	
Environmental Management 1.


	
AID2009


	
Environmental Impact Assessement


	University of Malaya	Malaysia",GEOG302,Environmental Management 1.,AID2009,Environmental Impact Assessement,University of Malaya	Malaysia
GEOG,1,GEOG302,GEOG302
GEOG,1,Environmental Management 1.,Environmental Management 1.
GEOG,1,AID2009,AID2009
GEOG,1,Environmental Impact Assessement,Environmental Impact Assessement
GEOG,1,"GEOG302


	
Environmental Management 1.


	
GEOG2139


	
Environmental Management


	The University of Adelaide	Australia",GEOG302,Environmental Management 1.,GEOG2139,Environmental Management,The University of Adelaide	Australia
GEOG,1,GEOG302,GEOG302
GEOG,1,Environmental Management 1.,Environmental Management 1.
GEOG,1,GEOG2139,GEOG2139
GEOG,1,Environmental Management,Environmental Management
GEOG,1,"GEOG314


	
Geospatial Analysis.


	
NIGB15035U


	
Geographical Information Systems (GIS)


	University of Copenhagen	Denmark",GEOG314,Geospatial Analysis.,NIGB15035U,Geographical Information Systems (GIS),University of Copenhagen	Denmark
GEOG,1,GEOG314,GEOG314
GEOG,1,Geospatial Analysis.,Geospatial Analysis.
GEOG,1,NIGB15035U,NIGB15035U
GEOG,1,Geographical Information Systems (GIS),Geographical Information Systems (GIS)
GEOG,1,"GEOG314


	
Geospatial Analysis.


	
NIGK14002U


	
Geographical Information Systems (GIS)


	University of Copenhagen	Denmark",GEOG314,Geospatial Analysis.,NIGK14002U,Geographical Information Systems (GIS),University of Copenhagen	Denmark
GEOG,1,GEOG314,GEOG314
GEOG,1,Geospatial Analysis.,Geospatial Analysis.
GEOG,1,NIGK14002U,NIGK14002U
GEOG,1,Geographical Information Systems (GIS),Geographical Information Systems (GIS)
GEOG,1,"GEOG315


	
Urban Transportation Geography.


	
GEOG2018


	
Transport Geography


	The University of Hong Kong (HKU)	Hong Kong, SAR",GEOG315,Urban Transportation Geography.,GEOG2018,Transport Geography,"The University of Hong Kong (HKU)	Hong Kong, SAR"
GEOG,1,GEOG315,GEOG315
GEOG,1,Urban Transportation Geography.,Urban Transportation Geography.
GEOG,1,GEOG2018,GEOG2018
GEOG,1,Transport Geography,Transport Geography
GEOG,1,"GEOG316


	
Political Geography.


	
BESPO1164


	
Geopolitics


	Catholic University of Louvain	Belgium",GEOG316,Political Geography.,BESPO1164,Geopolitics,Catholic University of Louvain	Belgium
GEOG,1,GEOG316,GEOG316
GEOG,1,Political Geography.,Political Geography.
GEOG,1,BESPO1164,BESPO1164
GEOG,1,Geopolitics,Geopolitics
GEOG,1,"GEOG321


	
Climatic Environments.


	
ECSC08003


	
Soil, water and atmospheric processes


	The University of Edinburgh	Scotland, UK",GEOG321,Climatic Environments.,ECSC08003,"Soil, water and atmospheric processes","The University of Edinburgh	Scotland, UK"
GEOG,1,GEOG321,GEOG321
GEOG,1,Climatic Environments.,Climatic Environments.
GEOG,1,ECSC08003,ECSC08003
GEOG,1,"Soil, water and atmospheric processes","Soil, water and atmospheric processes"
GEOG,1,"GEOG331


	
Urban Social Geography.


	
GEOG140


	
Social Geography


	University of California - Los Angeles	USA",GEOG331,Urban Social Geography.,GEOG140,Social Geography,University of California - Los Angeles	USA
GEOG,1,GEOG331,GEOG331
GEOG,1,Urban Social Geography.,Urban Social Geography.
GEOG,1,GEOG140,GEOG140
GEOG,1,Social Geography,Social Geography
GEOG,1,"GEOG331


	
Urban Social Geography.


	
GEOG20008


	
Inside the City of Diversity


	University of Melbourne	Australia",GEOG331,Urban Social Geography.,GEOG20008,Inside the City of Diversity,University of Melbourne	Australia
GEOG,1,GEOG331,GEOG331
GEOG,1,Urban Social Geography.,Urban Social Geography.
GEOG,1,GEOG20008,GEOG20008
GEOG,1,Inside the City of Diversity,Inside the City of Diversity
GEOG,1,"GEOG333


	
Introduction to Programming for Spatial Sciences.


	
BASC0003


	
Quantitative Methods and Mathematical Thinking


	University College London (UCL) - University of London	England, UK",GEOG333,Introduction to Programming for Spatial Sciences.,BASC0003,Quantitative Methods and Mathematical Thinking,"University College London (UCL) - University of London	England, UK"
GEOG,1,GEOG333,GEOG333
GEOG,1,Introduction to Programming for Spatial Sciences.,Introduction to Programming for Spatial Sciences.
GEOG,1,BASC0003,BASC0003
GEOG,1,Quantitative Methods and Mathematical Thinking,Quantitative Methods and Mathematical Thinking
GEOG,1,"GEOG333


	
Introduction to Programming for Spatial Sciences.


	
SURV319


	
Spatial Algorithms and Programming


	University of Otago / Te Whare Wananga o Otago	New Zealand",GEOG333,Introduction to Programming for Spatial Sciences.,SURV319,Spatial Algorithms and Programming,University of Otago / Te Whare Wananga o Otago	New Zealand
GEOG,1,GEOG333,GEOG333
GEOG,1,Introduction to Programming for Spatial Sciences.,Introduction to Programming for Spatial Sciences.
GEOG,1,SURV319,SURV319
GEOG,1,Spatial Algorithms and Programming,Spatial Algorithms and Programming
GEOG,1,"GEOG3XX


	
Geography 3XX


	
5241VMC


	
The Material City


	Leiden University	Netherlands",GEOG3XX,Geography 3XX,5241VMC,The Material City,Leiden University	Netherlands
GEOG,1,GEOG3XX,GEOG3XX
GEOG,1,Geography 3XX,Geography 3XX
GEOG,1,5241VMC,5241VMC
GEOG,1,The Material City,The Material City
GEOG,1,"GEOG3XX


	
Geography 3XX


	
73426E502Y


	
Geographies of Uneven Digitalization


	University of Amsterdam	Netherlands",GEOG3XX,Geography 3XX,73426E502Y,Geographies of Uneven Digitalization,University of Amsterdam	Netherlands
GEOG,1,GEOG3XX,GEOG3XX
GEOG,1,Geography 3XX,Geography 3XX
GEOG,1,73426E502Y,73426E502Y
GEOG,1,Geographies of Uneven Digitalization,Geographies of Uneven Digitalization
GEOG,1,"GEOG3XX


	
Geography 3XX


	
734302155Y


	
Migration & Population Dynamics


	University of Amsterdam	Netherlands",GEOG3XX,Geography 3XX,734302155Y,Migration & Population Dynamics,University of Amsterdam	Netherlands
GEOG,1,GEOG3XX,GEOG3XX
GEOG,1,Geography 3XX,Geography 3XX
GEOG,1,734302155Y,734302155Y
GEOG,1,Migration & Population Dynamics,Migration & Population Dynamics
GEOG,1,"GEOG3XX


	
Geography 3XX


	
AID2017


	
Urbanisation and the Environment


	University of Malaya	Malaysia",GEOG3XX,Geography 3XX,AID2017,Urbanisation and the Environment,University of Malaya	Malaysia
GEOG,1,GEOG3XX,GEOG3XX
GEOG,1,Geography 3XX,Geography 3XX
GEOG,1,AID2017,AID2017
GEOG,1,Urbanisation and the Environment,Urbanisation and the Environment
GEOG,1,"GEOG3XX


	
Geography 3XX


	
AID3017


	
Coastal Resource Management


	University of Malaya	Malaysia",GEOG3XX,Geography 3XX,AID3017,Coastal Resource Management,University of Malaya	Malaysia
GEOG,1,GEOG3XX,GEOG3XX
GEOG,1,Geography 3XX,Geography 3XX
GEOG,1,AID3017,AID3017
GEOG,1,Coastal Resource Management,Coastal Resource Management
GEOG,1,"GEOG3XX


	
Geography 3XX


	
CCHU9048


	
The City: Histories of Urbanism and the Built Environment


	The University of Hong Kong (HKU)	Hong Kong, SAR",GEOG3XX,Geography 3XX,CCHU9048,The City: Histories of Urbanism and the Built Environment,"The University of Hong Kong (HKU)	Hong Kong, SAR"
GEOG,1,GEOG3XX,GEOG3XX
GEOG,1,Geography 3XX,Geography 3XX
GEOG,1,CCHU9048,CCHU9048
GEOG,1,The City: Histories of Urbanism and the Built Environment,The City: Histories of Urbanism and the Built Environment
GEOG,1,"GEOG3XX


	
Geography 3XX


	
ENVI311


	
Understanding Environmental Issues


	University of Otago / Te Whare Wananga o Otago	New Zealand",GEOG3XX,Geography 3XX,ENVI311,Understanding Environmental Issues,University of Otago / Te Whare Wananga o Otago	New Zealand
GEOG,1,GEOG3XX,GEOG3XX
GEOG,1,Geography 3XX,Geography 3XX
GEOG,1,ENVI311,ENVI311
GEOG,1,Understanding Environmental Issues,Understanding Environmental Issues
GEOG,1,"GEOG3XX


	
Geography 3XX


	
ENVS193RU


	
Environmental Implications of Rural-Urban Transitions


	University of California - Santa Barbara	USA",GEOG3XX,Geography 3XX,ENVS193RU,Environmental Implications of Rural-Urban Transitions,University of California - Santa Barbara	USA
GEOG,1,GEOG3XX,GEOG3XX
GEOG,1,Geography 3XX,Geography 3XX
GEOG,1,ENVS193RU,ENVS193RU
GEOG,1,Environmental Implications of Rural-Urban Transitions,Environmental Implications of Rural-Urban Transitions
GEOG,1,"GEOG3XX


	
Geography 3XX


	
GEGR08017


	
Geographies of economies, environment and Politics


	The University of Edinburgh	Scotland, UK",GEOG3XX,Geography 3XX,GEGR08017,"Geographies of economies, environment and Politics","The University of Edinburgh	Scotland, UK"
GEOG,1,GEOG3XX,GEOG3XX
GEOG,1,Geography 3XX,Geography 3XX
GEOG,1,GEGR08017,GEGR08017
GEOG,1,"Geographies of economies, environment and Politics","Geographies of economies, environment and Politics"
GEOG,1,"GEOG3XX


	
Geography 3XX


	
GEOG0170


	
Environmental Consequences of Human Activity


	University College London (UCL) - University of London	England, UK",GEOG3XX,Geography 3XX,GEOG0170,Environmental Consequences of Human Activity,"University College London (UCL) - University of London	England, UK"
GEOG,1,GEOG3XX,GEOG3XX
GEOG,1,Geography 3XX,Geography 3XX
GEOG,1,GEOG0170,GEOG0170
GEOG,1,Environmental Consequences of Human Activity,Environmental Consequences of Human Activity
GEOG,1,"GEOG3XX


	
Geography 3XX


	
GEOG299


	
Freshwater Resources: Monitoring & Management


	University of Otago / Te Whare Wananga o Otago	New Zealand",GEOG3XX,Geography 3XX,GEOG299,Freshwater Resources: Monitoring & Management,University of Otago / Te Whare Wananga o Otago	New Zealand
GEOG,1,GEOG3XX,GEOG3XX
GEOG,1,Geography 3XX,Geography 3XX
GEOG,1,GEOG299,GEOG299
GEOG,1,Freshwater Resources: Monitoring & Management,Freshwater Resources: Monitoring & Management
GEOG,1,"GEOG3XX


	
Geography 3XX


	
GEOG30029


	
Geographies of Migration


	University of Melbourne	Australia",GEOG3XX,Geography 3XX,GEOG30029,Geographies of Migration,University of Melbourne	Australia
GEOG,1,GEOG3XX,GEOG3XX
GEOG,1,Geography 3XX,Geography 3XX
GEOG,1,GEOG30029,GEOG30029
GEOG,1,Geographies of Migration,Geographies of Migration
GEOG,1,"GEOG3XX


	
Geography 3XX


	
GEOG315


	
Social and Cultural Geographies


	Concordia University	Canada",GEOG3XX,Geography 3XX,GEOG315,Social and Cultural Geographies,Concordia University	Canada
GEOG,1,GEOG3XX,GEOG3XX
GEOG,1,Geography 3XX,Geography 3XX
GEOG,1,GEOG315,GEOG315
GEOG,1,Social and Cultural Geographies,Social and Cultural Geographies
GEOG,1,"GEOG3XX


	
Geography 3XX


	
GEOG342


	
The Making of the Irish Landscape


	Concordia University	Canada",GEOG3XX,Geography 3XX,GEOG342,The Making of the Irish Landscape,Concordia University	Canada
GEOG,1,GEOG3XX,GEOG3XX
GEOG,1,Geography 3XX,Geography 3XX
GEOG,1,GEOG342,GEOG342
GEOG,1,The Making of the Irish Landscape,The Making of the Irish Landscape
GEOG,1,"GEOG3XX


	
Geography 3XX


	
GG33928


	
Advanced research methods in Geography


	The University of Dublin (Trinity College)	Ireland",GEOG3XX,Geography 3XX,GG33928,Advanced research methods in Geography,The University of Dublin (Trinity College)	Ireland
GEOG,1,GEOG3XX,GEOG3XX
GEOG,1,Geography 3XX,Geography 3XX
GEOG,1,GG33928,GG33928
GEOG,1,Advanced research methods in Geography,Advanced research methods in Geography
GEOG,1,"GEOG3XX


	
Geography 3XX


	
GGU44968


	
Historical Geography


	The University of Dublin (Trinity College)	Ireland",GEOG3XX,Geography 3XX,GGU44968,Historical Geography,The University of Dublin (Trinity College)	Ireland
GEOG,1,GEOG3XX,GEOG3XX
GEOG,1,Geography 3XX,Geography 3XX
GEOG,1,GGU44968,GGU44968
GEOG,1,Historical Geography,Historical Geography
GEOG,1,"GEOG3XX


	
Geography 3XX


	
GGU44977


	
Environmental Governance II


	The University of Dublin (Trinity College)	Ireland",GEOG3XX,Geography 3XX,GGU44977,Environmental Governance II,The University of Dublin (Trinity College)	Ireland
GEOG,1,GEOG3XX,GEOG3XX
GEOG,1,Geography 3XX,Geography 3XX
GEOG,1,GGU44977,GGU44977
GEOG,1,Environmental Governance II,Environmental Governance II
GEOG,1,"GEOG3XX


	
Geography 3XX


	
HIST2900


	
Geography of Colombia


	University of the Andes	Colombia",GEOG3XX,Geography 3XX,HIST2900,Geography of Colombia,University of the Andes	Colombia
GEOG,1,GEOG3XX,GEOG3XX
GEOG,1,Geography 3XX,Geography 3XX
GEOG,1,HIST2900,HIST2900
GEOG,1,Geography of Colombia,Geography of Colombia
GEOG,1,"GEOG3XX


	
Geography 3XX


	
GEOG30021


	
The Disaster Resilient City


	University of Melbourne	Australia",GEOG3XX,Geography 3XX,GEOG30021,The Disaster Resilient City,University of Melbourne	Australia
GEOG,1,GEOG3XX,GEOG3XX
GEOG,1,Geography 3XX,Geography 3XX
GEOG,1,GEOG30021,GEOG30021
GEOG,1,The Disaster Resilient City,The Disaster Resilient City
GEOG,1,"GEOG406


	
Human Dimensions of Climate Change.


	
34734


	
Geography 1: Climate Change Science and Society


	Keio University	Japan",GEOG406,Human Dimensions of Climate Change.,34734,Geography 1: Climate Change Science and Society,Keio University	Japan
GEOG,1,GEOG406,GEOG406
GEOG,1,Human Dimensions of Climate Change.,Human Dimensions of Climate Change.
GEOG,1,34734,34734
GEOG,1,Geography 1: Climate Change Science and Society,Geography 1: Climate Change Science and Society
GEOG,1,"GEOG408


	
Geography of Development.


	
GEOG0054


	
Postcolonial Geographies of African Development


	University College London (UCL) - University of London	England, UK",GEOG408,Geography of Development.,GEOG0054,Postcolonial Geographies of African Development,"University College London (UCL) - University of London	England, UK"
GEOG,1,GEOG408,GEOG408
GEOG,1,Geography of Development.,Geography of Development.
GEOG,1,GEOG0054,GEOG0054
GEOG,1,Postcolonial Geographies of African Development,Postcolonial Geographies of African Development
GEOG,1,"GEOG408


	
Geography of Development.


	
GGU44936


	
Globalization and African Development


	The University of Dublin (Trinity College)	Ireland",GEOG408,Geography of Development.,GGU44936,Globalization and African Development,The University of Dublin (Trinity College)	Ireland
GEOG,1,GEOG408,GEOG408
GEOG,1,Geography of Development.,Geography of Development.
GEOG,1,GGU44936,GGU44936
GEOG,1,Globalization and African Development,Globalization and African Development
GEOG,1,"GEOG418


	
Geographies of Race.


	
GEOG4133


	
Black Geographies


	The University of Glasgow	Scotland, UK",GEOG418,Geographies of Race.,GEOG4133,Black Geographies,"The University of Glasgow	Scotland, UK"
GEOG,1,GEOG418,GEOG418
GEOG,1,Geographies of Race.,Geographies of Race.
GEOG,1,GEOG4133,GEOG4133
GEOG,1,Black Geographies,Black Geographies
GEOG,1,"GEOG4XX


	
Geography 4XX


	
CCCH9002


	
Chinese Cities in the 21st Century


	The University of Hong Kong (HKU)	Hong Kong, SAR",GEOG4XX,Geography 4XX,CCCH9002,Chinese Cities in the 21st Century,"The University of Hong Kong (HKU)	Hong Kong, SAR"
GEOG,1,GEOG4XX,GEOG4XX
GEOG,1,Geography 4XX,Geography 4XX
GEOG,1,CCCH9002,CCCH9002
GEOG,1,Chinese Cities in the 21st Century,Chinese Cities in the 21st Century
GEOG,1,"GEOG4XX


	
Geography 4XX


	
ENVM3200


	
Coastal Processes and Management


	University of Queensland (UQ)	Australia",GEOG4XX,Geography 4XX,ENVM3200,Coastal Processes and Management,University of Queensland (UQ)	Australia
GEOG,1,GEOG4XX,GEOG4XX
GEOG,1,Geography 4XX,Geography 4XX
GEOG,1,ENVM3200,ENVM3200
GEOG,1,Coastal Processes and Management,Coastal Processes and Management
GEOG,1,"GEOG4XX


	
Geography 4XX


	
GEGR10125


	
Land and Landscape: Explorations in Society and Nature


	The University of Edinburgh	Scotland, UK",GEOG4XX,Geography 4XX,GEGR10125,Land and Landscape: Explorations in Society and Nature,"The University of Edinburgh	Scotland, UK"
GEOG,1,GEOG4XX,GEOG4XX
GEOG,1,Geography 4XX,Geography 4XX
GEOG,1,GEGR10125,GEGR10125
GEOG,1,Land and Landscape: Explorations in Society and Nature,Land and Landscape: Explorations in Society and Nature
GEOG,1,"GEOG4XX


	
Geography 4XX


	
GEOG0064


	
Global Urbanism


	University College London (UCL) - University of London	England, UK",GEOG4XX,Geography 4XX,GEOG0064,Global Urbanism,"University College London (UCL) - University of London	England, UK"
GEOG,1,GEOG4XX,GEOG4XX
GEOG,1,Geography 4XX,Geography 4XX
GEOG,1,GEOG0064,GEOG0064
GEOG,1,Global Urbanism,Global Urbanism
GEOG,1,"GEOG4XX


	
Geography 4XX


	
GEOG186


	
Analysis of Movement


	University of California - Santa Barbara	USA",GEOG4XX,Geography 4XX,GEOG186,Analysis of Movement,University of California - Santa Barbara	USA
GEOG,1,GEOG4XX,GEOG4XX
GEOG,1,Geography 4XX,Geography 4XX
GEOG,1,GEOG186,GEOG186
GEOG,1,Analysis of Movement,Analysis of Movement
GEOG,1,"GEOG4XX


	
Geography 4XX


	
GEOG194


	
Field Studies of Coastal California


	University of California - Santa Barbara	USA",GEOG4XX,Geography 4XX,GEOG194,Field Studies of Coastal California,University of California - Santa Barbara	USA
GEOG,1,GEOG4XX,GEOG4XX
GEOG,1,Geography 4XX,Geography 4XX
GEOG,1,GEOG194,GEOG194
GEOG,1,Field Studies of Coastal California,Field Studies of Coastal California
GEOG,1,"GEOG4XX


	
Geography 4XX


	
GEOG3429


	
Geographies of Transpacific Empire


	The University of Hong Kong (HKU)	Hong Kong, SAR",GEOG4XX,Geography 4XX,GEOG3429,Geographies of Transpacific Empire,"The University of Hong Kong (HKU)	Hong Kong, SAR"
GEOG,1,GEOG4XX,GEOG4XX
GEOG,1,Geography 4XX,Geography 4XX
GEOG,1,GEOG3429,GEOG3429
GEOG,1,Geographies of Transpacific Empire,Geographies of Transpacific Empire
GEOG,1,"GEOG4XX


	
Geography 4XX


	
GEOG407


	
Indigenous Peoples and the Environment


	Concordia University	Canada",GEOG4XX,Geography 4XX,GEOG407,Indigenous Peoples and the Environment,Concordia University	Canada
GEOG,1,GEOG4XX,GEOG4XX
GEOG,1,Geography 4XX,Geography 4XX
GEOG,1,GEOG407,GEOG407
GEOG,1,Indigenous Peoples and the Environment,Indigenous Peoples and the Environment
GEOG,1,"GEOG4XX


	
Geography 4XX


	
GO10EU13


	
Biogéographie appliquée


	University of Strasbourg	France",GEOG4XX,Geography 4XX,GO10EU13,Biogéographie appliquée,University of Strasbourg	France
GEOG,1,GEOG4XX,GEOG4XX
GEOG,1,Geography 4XX,Geography 4XX
GEOG,1,GO10EU13,GO10EU13
GEOG,1,Biogéographie appliquée,Biogéographie appliquée
GEOG,1,"GEOG4XX


	
Geography 4XX


	
PSPA05AE


	
Compétition internationale des villes et des territoires


	Institut d'Études Politiques (Sciences Po) (ALL CAMPUSES)	France",GEOG4XX,Geography 4XX,PSPA05AE,Compétition internationale des villes et des territoires,Institut d'Études Politiques (Sciences Po) (ALL CAMPUSES)	France
GEOG,1,GEOG4XX,GEOG4XX
GEOG,1,Geography 4XX,Geography 4XX
GEOG,1,PSPA05AE,PSPA05AE
GEOG,1,Compétition internationale des villes et des territoires,Compétition internationale des villes et des territoires
GEOG,1,"GEOG5XX


	
Geography 5XX


	
GEOG0034


	
Coastal Geohazards


	University College London (UCL) - University of London	England, UK",GEOG5XX,Geography 5XX,GEOG0034,Coastal Geohazards,"University College London (UCL) - University of London	England, UK"
GEOG,1,GEOG5XX,GEOG5XX
GEOG,1,Geography 5XX,Geography 5XX
GEOG,1,GEOG0034,GEOG0034
GEOG,1,Coastal Geohazards,Coastal Geohazards
GEOG,1,"GEOGXXX


	
Geography XXX


	
ANTH329


	
Landscape Archaeology


	University of Otago / Te Whare Wananga o Otago	New Zealand",GEOGXXX,Geography XXX,ANTH329,Landscape Archaeology,University of Otago / Te Whare Wananga o Otago	New Zealand
GEOG,1,GEOGXXX,GEOGXXX
GEOG,1,Geography XXX,Geography XXX
GEOG,1,ANTH329,ANTH329
GEOG,1,Landscape Archaeology,Landscape Archaeology
GEOG,1,"GEOGXXX


	
Geography XXX


	
B6307


	
HUMAN NUTRITION AND ENVIRONMENT


	University of Bologna	Italy",GEOGXXX,Geography XXX,B6307,HUMAN NUTRITION AND ENVIRONMENT,University of Bologna	Italy
GEOG,1,GEOGXXX,GEOGXXX
GEOG,1,Geography XXX,Geography XXX
GEOG,1,B6307,B6307
GEOG,1,HUMAN NUTRITION AND ENVIRONMENT,HUMAN NUTRITION AND ENVIRONMENT
GEOG,1,"GEOGXXX


	
Geography XXX


	
BENV7504


	
Digital Cities


	University of New South Wales (UNSW)	Australia",GEOGXXX,Geography XXX,BENV7504,Digital Cities,University of New South Wales (UNSW)	Australia
GEOG,1,GEOGXXX,GEOGXXX
GEOG,1,Geography XXX,Geography XXX
GEOG,1,BENV7504,BENV7504
GEOG,1,Digital Cities,Digital Cities
GEOG,1,"GEOGXXX


	
Geography XXX


	
BI0498


	
Environmental Impact Assessment of Projects


	EAFIT University	Colombia",GEOGXXX,Geography XXX,BI0498,Environmental Impact Assessment of Projects,EAFIT University	Colombia
GEOG,1,GEOGXXX,GEOGXXX
GEOG,1,Geography XXX,Geography XXX
GEOG,1,BI0498,BI0498
GEOG,1,Environmental Impact Assessment of Projects,Environmental Impact Assessment of Projects
GEOG,1,"GEOGXXX


	
Geography XXX


	
E000006137


	
Environment and Sustainability


	Comillas Pontifical University	Spain",GEOGXXX,Geography XXX,E000006137,Environment and Sustainability,Comillas Pontifical University	Spain
GEOG,1,GEOGXXX,GEOGXXX
GEOG,1,Geography XXX,Geography XXX
GEOG,1,E000006137,E000006137
GEOG,1,Environment and Sustainability,Environment and Sustainability
GEOG,1,"GEOGXXX


	
Geography XXX


	
EESC03


	
Geographic Information Systems and Remote Sensing


	University of Toronto	Canada",GEOGXXX,Geography XXX,EESC03,Geographic Information Systems and Remote Sensing,University of Toronto	Canada
GEOG,1,GEOGXXX,GEOGXXX
GEOG,1,Geography XXX,Geography XXX
GEOG,1,EESC03,EESC03
GEOG,1,Geographic Information Systems and Remote Sensing,Geographic Information Systems and Remote Sensing
GEOG,1,"GEOGXXX


	
Geography XXX


	
ENVT2221


	
Global Climate Change And Biodiversity


	The University of Western Australia (UWA)	Australia",GEOGXXX,Geography XXX,ENVT2221,Global Climate Change And Biodiversity,The University of Western Australia (UWA)	Australia
GEOG,1,GEOGXXX,GEOGXXX
GEOG,1,Geography XXX,Geography XXX
GEOG,1,ENVT2221,ENVT2221
GEOG,1,Global Climate Change And Biodiversity,Global Climate Change And Biodiversity
GEOG,1,"GEOGXXX


	
Geography XXX


	
GE3204


	
Cities and Regions: Planning for Change


	National University of Singapore	Singapore",GEOGXXX,Geography XXX,GE3204,Cities and Regions: Planning for Change,National University of Singapore	Singapore
GEOG,1,GEOGXXX,GEOGXXX
GEOG,1,Geography XXX,Geography XXX
GEOG,1,GE3204,GE3204
GEOG,1,Cities and Regions: Planning for Change,Cities and Regions: Planning for Change
GEOG,1,"GEOGXXX


	
Geography XXX


	
GEO2005


	
Géographie du Québec


	Université du Québec - TÉLUQ Université	Canada",GEOGXXX,Geography XXX,GEO2005,Géographie du Québec,Université du Québec - TÉLUQ Université	Canada
GEOG,1,GEOGXXX,GEOGXXX
GEOG,1,Geography XXX,Geography XXX
GEOG,1,GEO2005,GEO2005
GEOG,1,Géographie du Québec,Géographie du Québec
GEOG,1,"GEOGXXX


	
Geography XXX


	
GEOG219


	
How Pandemics Change the World


	University of Waterloo	Canada",GEOGXXX,Geography XXX,GEOG219,How Pandemics Change the World,University of Waterloo	Canada
GEOG,1,GEOGXXX,GEOGXXX
GEOG,1,Geography XXX,Geography XXX
GEOG,1,GEOG219,GEOG219
GEOG,1,How Pandemics Change the World,How Pandemics Change the World
GEOG,1,"GEOGXXX


	
Geography XXX


	
UNIV10007


	
Creative Futures: Tools for Changing Our World


	University of Bristol	England, UK",GEOGXXX,Geography XXX,UNIV10007,Creative Futures: Tools for Changing Our World,"University of Bristol	England, UK"
GEOG,1,GEOGXXX,GEOGXXX
GEOG,1,Geography XXX,Geography XXX
GEOG,1,UNIV10007,UNIV10007
GEOG,1,Creative Futures: Tools for Changing Our World,Creative Futures: Tools for Changing Our World
GEOG,1,"New Search	
	Refine Search",New Search,Refine Search
GEOG,1,"New Search	
	Refine Search",New Search,Refine Search
HIST,1,"Legend:	
	  Equivalent
	
	  Not Equivalent
	
	  Expired",Legend:,Equivalent,Not Equivalent,Expired
HIST,1,Equivalent,Equivalent
HIST,1,Not Equivalent,Not Equivalent
HIST,1,Expired,Expired
HIST,1,"New Search	
	Refine Search",New Search,Refine Search
HIST,1,"New Search	
	Refine Search",New Search,Refine Search
HIST,1,"McGill University
	
External Institution",McGill University,External Institution
HIST,1,"Course
	
Title
	
Course
	
Title
	
Institution
	
Country
	
Status",Course,Title,Course,Title,Institution,Country,Status
HIST,1,"HIST1XX


	
History 1XX


	
AS250


	
Introduction To American Studies


	Bogazici (Bosphorus) University	Turkey",HIST1XX,History 1XX,AS250,Introduction To American Studies,Bogazici (Bosphorus) University	Turkey
HIST,1,HIST1XX,HIST1XX
HIST,1,History 1XX,History 1XX
HIST,1,AS250,AS250
HIST,1,Introduction To American Studies,Introduction To American Studies
HIST,1,"HIST1XX


	
History 1XX


	
HEED131


	
UNDERSTANDING TRADITIONAL KOREAN DRESS AND ITS APPLICATION (English)


	Korea University	South Korea",HIST1XX,History 1XX,HEED131,UNDERSTANDING TRADITIONAL KOREAN DRESS AND ITS APPLICATION (English),Korea University	South Korea
HIST,1,HIST1XX,HIST1XX
HIST,1,History 1XX,History 1XX
HIST,1,HEED131,HEED131
HIST,1,UNDERSTANDING TRADITIONAL KOREAN DRESS AND ITS APPLICATION (English),UNDERSTANDING TRADITIONAL KOREAN DRESS AND ITS APPLICATION (English)
HIST,1,"HIST1XX


	
History 1XX


	
YBAJ029


	
Christian Symbolism


	Charles University in Prague	Czech Republic",HIST1XX,History 1XX,YBAJ029,Christian Symbolism,Charles University in Prague	Czech Republic
HIST,1,HIST1XX,HIST1XX
HIST,1,History 1XX,History 1XX
HIST,1,YBAJ029,YBAJ029
HIST,1,Christian Symbolism,Christian Symbolism
HIST,1,"HIST205


	
Ancient Mediterranean History.


	
CLU11101


	
Introduction to Greek History


	The University of Dublin (Trinity College)	Ireland",HIST205,Ancient Mediterranean History.,CLU11101,Introduction to Greek History,The University of Dublin (Trinity College)	Ireland
HIST,1,HIST205,HIST205
HIST,1,Ancient Mediterranean History.,Ancient Mediterranean History.
HIST,1,CLU11101,CLU11101
HIST,1,Introduction to Greek History,Introduction to Greek History
HIST,1,"HIST205


	
Ancient Mediterranean History.


	
HIST342


	
AEGEAN HISTORY & ARCHAEOLOGY II


	Bogazici (Bosphorus) University	Turkey",HIST205,Ancient Mediterranean History.,HIST342,AEGEAN HISTORY & ARCHAEOLOGY II,Bogazici (Bosphorus) University	Turkey
HIST,1,HIST205,HIST205
HIST,1,Ancient Mediterranean History.,Ancient Mediterranean History.
HIST,1,HIST342,HIST342
HIST,1,AEGEAN HISTORY & ARCHAEOLOGY II,AEGEAN HISTORY & ARCHAEOLOGY II
HIST,1,"HIST206


	
Indian Ocean World History .


	
81722


	
- INDIAN OCEAN HISTORY (1) (LM)


	University of Bologna	Italy",HIST206,Indian Ocean World History .,81722,- INDIAN OCEAN HISTORY (1) (LM),University of Bologna	Italy
HIST,1,HIST206,HIST206
HIST,1,Indian Ocean World History .,Indian Ocean World History .
HIST,1,81722,81722
HIST,1,- INDIAN OCEAN HISTORY (1) (LM),- INDIAN OCEAN HISTORY (1) (LM)
HIST,1,"HIST209


	
Introduction to South Asian History.


	
330K309A


	
History of Modern India


	University of Zurich	Switzerland",HIST209,Introduction to South Asian History.,330K309A,History of Modern India,University of Zurich	Switzerland
HIST,1,HIST209,HIST209
HIST,1,Introduction to South Asian History.,Introduction to South Asian History.
HIST,1,330K309A,330K309A
HIST,1,History of Modern India,History of Modern India
HIST,1,"HIST209


	
Introduction to South Asian History.


	
SN1101E


	
DISCOVER SOUTH ASIA: PEOPLE, CULTURE, DEVELOPMENT


	National University of Singapore	Singapore",HIST209,Introduction to South Asian History.,SN1101E,"DISCOVER SOUTH ASIA: PEOPLE, CULTURE, DEVELOPMENT",National University of Singapore	Singapore
HIST,1,HIST209,HIST209
HIST,1,Introduction to South Asian History.,Introduction to South Asian History.
HIST,1,SN1101E,SN1101E
HIST,1,"DISCOVER SOUTH ASIA: PEOPLE, CULTURE, DEVELOPMENT","DISCOVER SOUTH ASIA: PEOPLE, CULTURE, DEVELOPMENT"
HIST,1,"HIST212


	
Medieval Europe.


	
HIST1005


	
MAKING THE MIDDLE AGES 1200-1500


	The University of Nottingham	England, UK",HIST212,Medieval Europe.,HIST1005,MAKING THE MIDDLE AGES 1200-1500,"The University of Nottingham	England, UK"
HIST,1,HIST212,HIST212
HIST,1,Medieval Europe.,Medieval Europe.
HIST,1,HIST1005,HIST1005
HIST,1,MAKING THE MIDDLE AGES 1200-1500,MAKING THE MIDDLE AGES 1200-1500
HIST,1,"HIST213


	
World History, 600-2000.


	
HST3710


	
Global History


	Sophia University	Japan",HIST213,"World History, 600-2000.",HST3710,Global History,Sophia University	Japan
HIST,1,HIST213,HIST213
HIST,1,"World History, 600-2000.","World History, 600-2000."
HIST,1,HST3710,HST3710
HIST,1,Global History,Global History
HIST,1,"HIST213


	
World History, 600-2000.


	
SASH35


	
Globalization in the Pre-Modern World - History


	Lund University (LU)	Sweden",HIST213,"World History, 600-2000.",SASH35,Globalization in the Pre-Modern World - History,Lund University (LU)	Sweden
HIST,1,HIST213,HIST213
HIST,1,"World History, 600-2000.","World History, 600-2000."
HIST,1,SASH35,SASH35
HIST,1,Globalization in the Pre-Modern World - History,Globalization in the Pre-Modern World - History
HIST,1,"HIST214


	
Early Modern Europe.


	
HIST1008


	
Themes in Early Modern History


	The University of Nottingham	England, UK",HIST214,Early Modern Europe.,HIST1008,Themes in Early Modern History,"The University of Nottingham	England, UK"
HIST,1,HIST214,HIST214
HIST,1,Early Modern Europe.,Early Modern Europe.
HIST,1,HIST1008,HIST1008
HIST,1,Themes in Early Modern History,Themes in Early Modern History
HIST,1,"HIST214


	
Early Modern Europe.


	
HIST10302


	
Forging a New World: Europe c.1450-1750


	The University of Manchester	England, UK",HIST214,Early Modern Europe.,HIST10302,Forging a New World: Europe c.1450-1750,"The University of Manchester	England, UK"
HIST,1,HIST214,HIST214
HIST,1,Early Modern Europe.,Early Modern Europe.
HIST,1,HIST10302,HIST10302
HIST,1,Forging a New World: Europe c.1450-1750,Forging a New World: Europe c.1450-1750
HIST,1,"HIST215


	
Modern Europe.


	
0000013280


	
Regional Studies: Europe


	Comillas Pontifical University	Spain",HIST215,Modern Europe.,0000013280,Regional Studies: Europe,Comillas Pontifical University	Spain
HIST,1,HIST215,HIST215
HIST,1,Modern Europe.,Modern Europe.
HIST,1,0000013280,0000013280
HIST,1,Regional Studies: Europe,Regional Studies: Europe
HIST,1,"HIST215


	
Modern Europe.


	
HSTY1044


	
Europe since 1900


	University of Sydney	Australia",HIST215,Modern Europe.,HSTY1044,Europe since 1900,University of Sydney	Australia
HIST,1,HIST215,HIST215
HIST,1,Modern Europe.,Modern Europe.
HIST,1,HSTY1044,HSTY1044
HIST,1,Europe since 1900,Europe since 1900
HIST,1,"HIST216


	
Introduction to Russian History.


	
REE522


	
Russian History from Prince Vladimir to President Vladimir (988 - 2023)


	University of Helsinki	Finland",HIST216,Introduction to Russian History.,REE522,Russian History from Prince Vladimir to President Vladimir (988 - 2023),University of Helsinki	Finland
HIST,1,HIST216,HIST216
HIST,1,Introduction to Russian History.,Introduction to Russian History.
HIST,1,REE522,REE522
HIST,1,Russian History from Prince Vladimir to President Vladimir (988 - 2023),Russian History from Prince Vladimir to President Vladimir (988 - 2023)
HIST,1,"HIST221


	
United States since 1865.


	
HIST1308


	
GLOBAL AMERICA: U.S. HISTORY SINCE 1865


	University of Minnesota-Twin Cities	USA",HIST221,United States since 1865.,HIST1308,GLOBAL AMERICA: U.S. HISTORY SINCE 1865,University of Minnesota-Twin Cities	USA
HIST,1,HIST221,HIST221
HIST,1,United States since 1865.,United States since 1865.
HIST,1,HIST1308,HIST1308
HIST,1,GLOBAL AMERICA: U.S. HISTORY SINCE 1865,GLOBAL AMERICA: U.S. HISTORY SINCE 1865
HIST,1,"HIST238


	
Histories of Science.


	
80690973


	
Studies in the History of Western Astronomy I


	Tsinghua University	China",HIST238,Histories of Science.,80690973,Studies in the History of Western Astronomy I,Tsinghua University	China
HIST,1,HIST238,HIST238
HIST,1,Histories of Science.,Histories of Science.
HIST,1,80690973,80690973
HIST,1,Studies in the History of Western Astronomy I,Studies in the History of Western Astronomy I
HIST,1,"HIST238


	
Histories of Science.


	
HH1004


	
Science and Technology in Historical Perspective


	Nanyang Technological University	Singapore",HIST238,Histories of Science.,HH1004,Science and Technology in Historical Perspective,Nanyang Technological University	Singapore
HIST,1,HIST238,HIST238
HIST,1,Histories of Science.,Histories of Science.
HIST,1,HH1004,HH1004
HIST,1,Science and Technology in Historical Perspective,Science and Technology in Historical Perspective
HIST,1,"HIST299


	
The Historian's Craft.


	
BMET25F56


	
Dans l’atelier de l’historien: Sources et documents pour l’histoire


	Institut d'Études Politiques (Sciences Po) (ALL CAMPUSES)	France",HIST299,The Historian's Craft.,BMET25F56,Dans l’atelier de l’historien: Sources et documents pour l’histoire,Institut d'Études Politiques (Sciences Po) (ALL CAMPUSES)	France
HIST,1,HIST299,HIST299
HIST,1,The Historian's Craft.,The Historian's Craft.
HIST,1,BMET25F56,BMET25F56
HIST,1,Dans l’atelier de l’historien: Sources et documents pour l’histoire,Dans l’atelier de l’historien: Sources et documents pour l’histoire
HIST,1,"HIST299


	
The Historian's Craft.


	
HH1001


	
What is History


	Nanyang Technological University	Singapore",HIST299,The Historian's Craft.,HH1001,What is History,Nanyang Technological University	Singapore
HIST,1,HIST299,HIST299
HIST,1,The Historian's Craft.,The Historian's Craft.
HIST,1,HH1001,HH1001
HIST,1,What is History,What is History
HIST,1,"HIST2XX


	
History 2XX


	
14T003


	
Civilisations préhistoriques


	University of Geneva	Switzerland",HIST2XX,History 2XX,14T003,Civilisations préhistoriques,University of Geneva	Switzerland
HIST,1,HIST2XX,HIST2XX
HIST,1,History 2XX,History 2XX
HIST,1,14T003,14T003
HIST,1,Civilisations préhistoriques,Civilisations préhistoriques
HIST,1,"HIST2XX


	
History 2XX


	
ARCH20170


	
Discovering Ireland: Landscape


	University College Dublin	Ireland",HIST2XX,History 2XX,ARCH20170,Discovering Ireland: Landscape,University College Dublin	Ireland
HIST,1,HIST2XX,HIST2XX
HIST,1,History 2XX,History 2XX
HIST,1,ARCH20170,ARCH20170
HIST,1,Discovering Ireland: Landscape,Discovering Ireland: Landscape
HIST,1,"HIST2XX


	
History 2XX


	
ARCH20660


	
Discovering Dublin


	University College Dublin	Ireland",HIST2XX,History 2XX,ARCH20660,Discovering Dublin,University College Dublin	Ireland
HIST,1,HIST2XX,HIST2XX
HIST,1,History 2XX,History 2XX
HIST,1,ARCH20660,ARCH20660
HIST,1,Discovering Dublin,Discovering Dublin
HIST,1,"HIST2XX


	
History 2XX


	
ARTS1190


	
Sydney: History, Landscapes, People


	University of New South Wales (UNSW)	Australia",HIST2XX,History 2XX,ARTS1190,"Sydney: History, Landscapes, People",University of New South Wales (UNSW)	Australia
HIST,1,HIST2XX,HIST2XX
HIST,1,History 2XX,History 2XX
HIST,1,ARTS1190,ARTS1190
HIST,1,"Sydney: History, Landscapes, People","Sydney: History, Landscapes, People"
HIST,1,"HIST2XX


	
History 2XX


	
ARTS2281


	
Ancient Egypt and Western Asia


	University of New South Wales (UNSW)	Australia",HIST2XX,History 2XX,ARTS2281,Ancient Egypt and Western Asia,University of New South Wales (UNSW)	Australia
HIST,1,HIST2XX,HIST2XX
HIST,1,History 2XX,History 2XX
HIST,1,ARTS2281,ARTS2281
HIST,1,Ancient Egypt and Western Asia,Ancient Egypt and Western Asia
HIST,1,"HIST2XX


	
History 2XX


	
CHIS105


	
Inventing Popular Culture


	Toronto Metropolitan University (Post 2022)	Canada",HIST2XX,History 2XX,CHIS105,Inventing Popular Culture,Toronto Metropolitan University (Post 2022)	Canada
HIST,1,HIST2XX,HIST2XX
HIST,1,History 2XX,History 2XX
HIST,1,CHIS105,CHIS105
HIST,1,Inventing Popular Culture,Inventing Popular Culture
HIST,1,"HIST2XX


	
History 2XX


	
CHST602


	
Propoganda!


	Toronto Metropolitan University (Post 2022)	Canada",HIST2XX,History 2XX,CHST602,Propoganda!,Toronto Metropolitan University (Post 2022)	Canada
HIST,1,HIST2XX,HIST2XX
HIST,1,History 2XX,History 2XX
HIST,1,CHST602,CHST602
HIST,1,Propoganda!,Propoganda!
HIST,1,"HIST2XX


	
History 2XX


	
DISS241


	
Contemporary Korea


	Korea University	South Korea",HIST2XX,History 2XX,DISS241,Contemporary Korea,Korea University	South Korea
HIST,1,HIST2XX,HIST2XX
HIST,1,History 2XX,History 2XX
HIST,1,DISS241,DISS241
HIST,1,Contemporary Korea,Contemporary Korea
HIST,1,"HIST2XX


	
History 2XX


	
H281001


	
Japanese History


	Kyoto University	Japan",HIST2XX,History 2XX,H281001,Japanese History,Kyoto University	Japan
HIST,1,HIST2XX,HIST2XX
HIST,1,History 2XX,History 2XX
HIST,1,H281001,H281001
HIST,1,Japanese History,Japanese History
HIST,1,"HIST2XX


	
History 2XX


	
HIST1011


	
Roads to Modernity: An Introduction to Modern History 1750-1945 (Part 2)


	The University of Nottingham	England, UK",HIST2XX,History 2XX,HIST1011,Roads to Modernity: An Introduction to Modern History 1750-1945 (Part 2),"The University of Nottingham	England, UK"
HIST,1,HIST2XX,HIST2XX
HIST,1,History 2XX,History 2XX
HIST,1,HIST1011,HIST1011
HIST,1,Roads to Modernity: An Introduction to Modern History 1750-1945 (Part 2),Roads to Modernity: An Introduction to Modern History 1750-1945 (Part 2)
HIST,1,"HIST2XX


	
History 2XX


	
HIST222


	
Ottoman History 1300-1600


	Bogazici (Bosphorus) University	Turkey",HIST2XX,History 2XX,HIST222,Ottoman History 1300-1600,Bogazici (Bosphorus) University	Turkey
HIST,1,HIST2XX,HIST2XX
HIST,1,History 2XX,History 2XX
HIST,1,HIST222,HIST222
HIST,1,Ottoman History 1300-1600,Ottoman History 1300-1600
HIST,1,"HIST2XX


	
History 2XX


	
HIST353


	
The Art & Architecture of the Middle Ages


	Bogazici (Bosphorus) University	Turkey",HIST2XX,History 2XX,HIST353,The Art & Architecture of the Middle Ages,Bogazici (Bosphorus) University	Turkey
HIST,1,HIST2XX,HIST2XX
HIST,1,History 2XX,History 2XX
HIST,1,HIST353,HIST353
HIST,1,The Art & Architecture of the Middle Ages,The Art & Architecture of the Middle Ages
HIST,1,"HIST2XX


	
History 2XX


	
HSTY1089


	
Australia Now!


	University of Sydney	Australia",HIST2XX,History 2XX,HSTY1089,Australia Now!,University of Sydney	Australia
HIST,1,HIST2XX,HIST2XX
HIST,1,History 2XX,History 2XX
HIST,1,HSTY1089,HSTY1089
HIST,1,Australia Now!,Australia Now!
HIST,1,"HIST2XX


	
History 2XX


	
YBAJ217


	
World of Violence: Sociological and Historical Perpective


	Charles University in Prague	Czech Republic",HIST2XX,History 2XX,YBAJ217,World of Violence: Sociological and Historical Perpective,Charles University in Prague	Czech Republic
HIST,1,HIST2XX,HIST2XX
HIST,1,History 2XX,History 2XX
HIST,1,YBAJ217,YBAJ217
HIST,1,World of Violence: Sociological and Historical Perpective,World of Violence: Sociological and Historical Perpective
HIST,1,"HIST306


	
East Central Europe, 1944-2004.


	
YABU11BLI


	
Communism, Post-Communism, and Civil Society in Central Europe


	Charles University in Prague	Czech Republic",HIST306,"East Central Europe, 1944-2004.",YABU11BLI,"Communism, Post-Communism, and Civil Society in Central Europe",Charles University in Prague	Czech Republic
HIST,1,HIST306,HIST306
HIST,1,"East Central Europe, 1944-2004.","East Central Europe, 1944-2004."
HIST,1,YABU11BLI,YABU11BLI
HIST,1,"Communism, Post-Communism, and Civil Society in Central Europe","Communism, Post-Communism, and Civil Society in Central Europe"
HIST,1,"HIST308


	
Formation of Chinese Tradition.


	
HH4031


	
History and Archaeology of Ancient China


	Nanyang Technological University	Singapore",HIST308,Formation of Chinese Tradition.,HH4031,History and Archaeology of Ancient China,Nanyang Technological University	Singapore
HIST,1,HIST308,HIST308
HIST,1,Formation of Chinese Tradition.,Formation of Chinese Tradition.
HIST,1,HH4031,HH4031
HIST,1,History and Archaeology of Ancient China,History and Archaeology of Ancient China
HIST,1,"HIST310


	
Themes in European History.


	
293NARTV301B


	
Budapest in the 20th Century Hi storical Layers and Cultural Practices


	Corvinus University of Budapest	Hungary",HIST310,Themes in European History.,293NARTV301B,Budapest in the 20th Century Hi storical Layers and Cultural Practices,Corvinus University of Budapest	Hungary
HIST,1,HIST310,HIST310
HIST,1,Themes in European History.,Themes in European History.
HIST,1,293NARTV301B,293NARTV301B
HIST,1,Budapest in the 20th Century Hi storical Layers and Cultural Practices,Budapest in the 20th Century Hi storical Layers and Cultural Practices
HIST,1,"HIST310


	
Themes in European History.


	
3004PIPOG


	
Poland and Poles - from the Beginnings of the State to the Present


	University of Warsaw	Poland",HIST310,Themes in European History.,3004PIPOG,Poland and Poles - from the Beginnings of the State to the Present,University of Warsaw	Poland
HIST,1,HIST310,HIST310
HIST,1,Themes in European History.,Themes in European History.
HIST,1,3004PIPOG,3004PIPOG
HIST,1,Poland and Poles - from the Beginnings of the State to the Present,Poland and Poles - from the Beginnings of the State to the Present
HIST,1,"HIST310


	
Themes in European History.


	
324


	
Magic and Witchcraft in Medieval and Early Modern Europe


	John Cabot University	Italy",HIST310,Themes in European History.,324,Magic and Witchcraft in Medieval and Early Modern Europe,John Cabot University	Italy
HIST,1,HIST310,HIST310
HIST,1,Themes in European History.,Themes in European History.
HIST,1,324,324
HIST,1,Magic and Witchcraft in Medieval and Early Modern Europe,Magic and Witchcraft in Medieval and Early Modern Europe
HIST,1,"HIST310


	
Themes in European History.


	
3620EAIOG


	
Ethnicity and Imperia East Central Europe in the national, confessional and cultural contex


	University of Warsaw	Poland",HIST310,Themes in European History.,3620EAIOG,"Ethnicity and Imperia East Central Europe in the national, confessional and cultural contex",University of Warsaw	Poland
HIST,1,HIST310,HIST310
HIST,1,Themes in European History.,Themes in European History.
HIST,1,3620EAIOG,3620EAIOG
HIST,1,"Ethnicity and Imperia East Central Europe in the national, confessional and cultural contex","Ethnicity and Imperia East Central Europe in the national, confessional and cultural contex"
HIST,1,"HIST310


	
Themes in European History.


	
HIS2318


	
Revolutions of The Mind: European Thought, 1550-1750


	Newcastle University	England, UK",HIST310,Themes in European History.,HIS2318,"Revolutions of The Mind: European Thought, 1550-1750","Newcastle University	England, UK"
HIST,1,HIST310,HIST310
HIST,1,Themes in European History.,Themes in European History.
HIST,1,HIS2318,HIS2318
HIST,1,"Revolutions of The Mind: European Thought, 1550-1750","Revolutions of The Mind: European Thought, 1550-1750"
HIST,1,"HIST310


	
Themes in European History.


	
HIST10495


	
The Doomed Kingdom: Power, Law and Religion in Early Medieval Europe


	The University of Edinburgh	Scotland, UK",HIST310,Themes in European History.,HIST10495,"The Doomed Kingdom: Power, Law and Religion in Early Medieval Europe","The University of Edinburgh	Scotland, UK"
HIST,1,HIST310,HIST310
HIST,1,Themes in European History.,Themes in European History.
HIST,1,HIST10495,HIST10495
HIST,1,"The Doomed Kingdom: Power, Law and Religion in Early Medieval Europe","The Doomed Kingdom: Power, Law and Religion in Early Medieval Europe"
HIST,1,"HIST310


	
Themes in European History.


	
OEBDD1733Z


	
Prague over the centuries I


	Charles University in Prague	Czech Republic",HIST310,Themes in European History.,OEBDD1733Z,Prague over the centuries I,Charles University in Prague	Czech Republic
HIST,1,HIST310,HIST310
HIST,1,Themes in European History.,Themes in European History.
HIST,1,OEBDD1733Z,OEBDD1733Z
HIST,1,Prague over the centuries I,Prague over the centuries I
HIST,1,"HIST313


	
Habsburg Monarchy, 1618-1918.


	
HIST310


	
A History of the Habsburg Monarchy, 1526-1918


	University of Alberta	Canada",HIST313,"Habsburg Monarchy, 1618-1918.",HIST310,"A History of the Habsburg Monarchy, 1526-1918",University of Alberta	Canada
HIST,1,HIST313,HIST313
HIST,1,"Habsburg Monarchy, 1618-1918.","Habsburg Monarchy, 1618-1918."
HIST,1,HIST310,HIST310
HIST,1,"A History of the Habsburg Monarchy, 1526-1918","A History of the Habsburg Monarchy, 1526-1918"
HIST,1,"HIST314


	
Themes: British Isles History.


	
2AJ502


	
British Civilization (C1)


	Prague University of Economics and Business (VSE)	Czech Republic",HIST314,Themes: British Isles History.,2AJ502,British Civilization (C1),Prague University of Economics and Business (VSE)	Czech Republic
HIST,1,HIST314,HIST314
HIST,1,Themes: British Isles History.,Themes: British Isles History.
HIST,1,2AJ502,2AJ502
HIST,1,British Civilization (C1),British Civilization (C1)
HIST,1,"HIST314


	
Themes: British Isles History.


	
DELETEHIS21240


	
DELETECelts, Romans and Vikings: The Formation of Early Ireland


	University College Dublin	Ireland",HIST314,Themes: British Isles History.,DELETEHIS21240,"DELETECelts, Romans and Vikings: The Formation of Early Ireland",University College Dublin	Ireland
HIST,1,HIST314,HIST314
HIST,1,Themes: British Isles History.,Themes: British Isles History.
HIST,1,DELETEHIS21240,DELETEHIS21240
HIST,1,"DELETECelts, Romans and Vikings: The Formation of Early Ireland","DELETECelts, Romans and Vikings: The Formation of Early Ireland"
HIST,1,"HIST314


	
Themes: British Isles History.


	
HIS21120


	
Northern Ireland, 1920-2010: from partition to Paisley


	University College Dublin	Ireland",HIST314,Themes: British Isles History.,HIS21120,"Northern Ireland, 1920-2010: from partition to Paisley",University College Dublin	Ireland
HIST,1,HIST314,HIST314
HIST,1,Themes: British Isles History.,Themes: British Isles History.
HIST,1,HIS21120,HIS21120
HIST,1,"Northern Ireland, 1920-2010: from partition to Paisley","Northern Ireland, 1920-2010: from partition to Paisley"
HIST,1,"HIST314


	
Themes: British Isles History.


	
HIST0590


	
Tudor and Stuart Britain: 1500-1700


	University College London (UCL) - University of London	England, UK",HIST314,Themes: British Isles History.,HIST0590,Tudor and Stuart Britain: 1500-1700,"University College London (UCL) - University of London	England, UK"
HIST,1,HIST314,HIST314
HIST,1,Themes: British Isles History.,Themes: British Isles History.
HIST,1,HIST0590,HIST0590
HIST,1,Tudor and Stuart Britain: 1500-1700,Tudor and Stuart Britain: 1500-1700
HIST,1,"HIST314


	
Themes: British Isles History.


	
HIU12023


	
Ireland, 1534-1815: A Survey


	The University of Dublin (Trinity College)	Ireland",HIST314,Themes: British Isles History.,HIU12023,"Ireland, 1534-1815: A Survey",The University of Dublin (Trinity College)	Ireland
HIST,1,HIST314,HIST314
HIST,1,Themes: British Isles History.,Themes: British Isles History.
HIST,1,HIU12023,HIU12023
HIST,1,"Ireland, 1534-1815: A Survey","Ireland, 1534-1815: A Survey"
HIST,1,"HIST315


	
Themes in World History.


	
HIS10450


	
Radicals and Revolutionaries


	University College Dublin	Ireland",HIST315,Themes in World History.,HIS10450,Radicals and Revolutionaries,University College Dublin	Ireland
HIST,1,HIST315,HIST315
HIST,1,Themes in World History.,Themes in World History.
HIST,1,HIS10450,HIS10450
HIST,1,Radicals and Revolutionaries,Radicals and Revolutionaries
HIST,1,"HIST315


	
Themes in World History.


	
HIST232


	
A History of Peace Movements


	University of Waterloo	Canada",HIST315,Themes in World History.,HIST232,A History of Peace Movements,University of Waterloo	Canada
HIST,1,HIST315,HIST315
HIST,1,Themes in World History.,Themes in World History.
HIST,1,HIST232,HIST232
HIST,1,A History of Peace Movements,A History of Peace Movements
HIST,1,"HIST315


	
Themes in World History.


	
HIST3302


	
The City in History


	University of Queensland (UQ)	Australia",HIST315,Themes in World History.,HIST3302,The City in History,University of Queensland (UQ)	Australia
HIST,1,HIST315,HIST315
HIST,1,Themes in World History.,Themes in World History.
HIST,1,HIST3302,HIST3302
HIST,1,The City in History,The City in History
HIST,1,"HIST315


	
Themes in World History.


	
YBAJ211


	
Decolonizing the Museum


	Charles University in Prague	Czech Republic",HIST315,Themes in World History.,YBAJ211,Decolonizing the Museum,Charles University in Prague	Czech Republic
HIST,1,HIST315,HIST315
HIST,1,Themes in World History.,Themes in World History.
HIST,1,YBAJ211,YBAJ211
HIST,1,Decolonizing the Museum,Decolonizing the Museum
HIST,1,"HIST317


	
Themes in Indian Ocean World History.


	
GESS1012


	
Islam and Contemporary Malay Society


	National University of Singapore	Singapore",HIST317,Themes in Indian Ocean World History.,GESS1012,Islam and Contemporary Malay Society,National University of Singapore	Singapore
HIST,1,HIST317,HIST317
HIST,1,Themes in Indian Ocean World History.,Themes in Indian Ocean World History.
HIST,1,GESS1012,GESS1012
HIST,1,Islam and Contemporary Malay Society,Islam and Contemporary Malay Society
HIST,1,"HIST317


	
Themes in Indian Ocean World History.


	
HY3247


	
From Monarchy to Military: History of Myanmar


	National University of Singapore	Singapore",HIST317,Themes in Indian Ocean World History.,HY3247,From Monarchy to Military: History of Myanmar,National University of Singapore	Singapore
HIST,1,HIST317,HIST317
HIST,1,Themes in Indian Ocean World History.,Themes in Indian Ocean World History.
HIST,1,HY3247,HY3247
HIST,1,From Monarchy to Military: History of Myanmar,From Monarchy to Military: History of Myanmar
HIST,1,"HIST320


	
Themes in Intellectual History.


	
F0GA0A


	
Highlights in European Literature


	Catholic University of Leuven	Belgium",HIST320,Themes in Intellectual History.,F0GA0A,Highlights in European Literature,Catholic University of Leuven	Belgium
HIST,1,HIST320,HIST320
HIST,1,Themes in Intellectual History.,Themes in Intellectual History.
HIST,1,F0GA0A,F0GA0A
HIST,1,Highlights in European Literature,Highlights in European Literature
HIST,1,"HIST341


	
Themes in South Asian History.


	
HH2011


	
Ancient and Medieval South Asia


	Nanyang Technological University	Singapore",HIST341,Themes in South Asian History.,HH2011,Ancient and Medieval South Asia,Nanyang Technological University	Singapore
HIST,1,HIST341,HIST341
HIST,1,Themes in South Asian History.,Themes in South Asian History.
HIST,1,HH2011,HH2011
HIST,1,Ancient and Medieval South Asia,Ancient and Medieval South Asia
HIST,1,"HIST351


	
Themes in U.S. History since 1865.


	
2AJ503


	
American Civilization (C1)


	Prague University of Economics and Business (VSE)	Czech Republic",HIST351,Themes in U.S. History since 1865.,2AJ503,American Civilization (C1),Prague University of Economics and Business (VSE)	Czech Republic
HIST,1,HIST351,HIST351
HIST,1,Themes in U.S. History since 1865.,Themes in U.S. History since 1865.
HIST,1,2AJ503,2AJ503
HIST,1,American Civilization (C1),American Civilization (C1)
HIST,1,"HIST351


	
Themes in U.S. History since 1865.


	
JTB306


	
History of U.S. - Latin American Relations


	Charles University in Prague	Czech Republic",HIST351,Themes in U.S. History since 1865.,JTB306,History of U.S. - Latin American Relations,Charles University in Prague	Czech Republic
HIST,1,HIST351,HIST351
HIST,1,Themes in U.S. History since 1865.,Themes in U.S. History since 1865.
HIST,1,JTB306,JTB306
HIST,1,History of U.S. - Latin American Relations,History of U.S. - Latin American Relations
HIST,1,"HIST351


	
Themes in U.S. History since 1865.


	
SPG12VC8


	
African American History from Reconstruction to the Present


	University of Strasbourg	France",HIST351,Themes in U.S. History since 1865.,SPG12VC8,African American History from Reconstruction to the Present,University of Strasbourg	France
HIST,1,HIST351,HIST351
HIST,1,Themes in U.S. History since 1865.,Themes in U.S. History since 1865.
HIST,1,SPG12VC8,SPG12VC8
HIST,1,African American History from Reconstruction to the Present,African American History from Reconstruction to the Present
HIST,1,"HIST354


	
Women in Europe 1700-2000.


	
26015


	
Women's Movements Worldwide


	University of Bologna	Italy",HIST354,Women in Europe 1700-2000.,26015,Women's Movements Worldwide,University of Bologna	Italy
HIST,1,HIST354,HIST354
HIST,1,Women in Europe 1700-2000.,Women in Europe 1700-2000.
HIST,1,26015,26015
HIST,1,Women's Movements Worldwide,Women's Movements Worldwide
HIST,1,"HIST360


	
Latin America since 1825.


	
DAFF25A41


	
Contemporary Latin America


	Institut d'Études Politiques (Sciences Po) (ALL CAMPUSES)	France",HIST360,Latin America since 1825.,DAFF25A41,Contemporary Latin America,Institut d'Études Politiques (Sciences Po) (ALL CAMPUSES)	France
HIST,1,HIST360,HIST360
HIST,1,Latin America since 1825.,Latin America since 1825.
HIST,1,DAFF25A41,DAFF25A41
HIST,1,Contemporary Latin America,Contemporary Latin America
HIST,1,"HIST383


	
Eighteenth-Century Britain.


	
ENGL435


	
British Literature and the Enlightenment


	Korea University	South Korea",HIST383,Eighteenth-Century Britain.,ENGL435,British Literature and the Enlightenment,Korea University	South Korea
HIST,1,HIST383,HIST383
HIST,1,Eighteenth-Century Britain.,Eighteenth-Century Britain.
HIST,1,ENGL435,ENGL435
HIST,1,British Literature and the Enlightenment,British Literature and the Enlightenment
HIST,1,"HIST384


	
Nineteenth-Century Britain.


	
HIST10192


	
Imperial Nation: Empire and the Making of Modern Britain, 1783-1902


	The University of Manchester	England, UK",HIST384,Nineteenth-Century Britain.,HIST10192,"Imperial Nation: Empire and the Making of Modern Britain, 1783-1902","The University of Manchester	England, UK"
HIST,1,HIST384,HIST384
HIST,1,Nineteenth-Century Britain.,Nineteenth-Century Britain.
HIST,1,HIST10192,HIST10192
HIST,1,"Imperial Nation: Empire and the Making of Modern Britain, 1783-1902","Imperial Nation: Empire and the Making of Modern Britain, 1783-1902"
HIST,1,"HIST393


	
Civil War and Reconstruction.


	
CHST501


	
The American Civil War


	Toronto Metropolitan University (Post 2022)	Canada",HIST393,Civil War and Reconstruction.,CHST501,The American Civil War,Toronto Metropolitan University (Post 2022)	Canada
HIST,1,HIST393,HIST393
HIST,1,Civil War and Reconstruction.,Civil War and Reconstruction.
HIST,1,CHST501,CHST501
HIST,1,The American Civil War,The American Civil War
HIST,1,"HIST398


	
Topics in Italian History.


	
383


	
Italian Colonialism and Its Legacies


	John Cabot University	Italy",HIST398,Topics in Italian History.,383,Italian Colonialism and Its Legacies,John Cabot University	Italy
HIST,1,HIST398,HIST398
HIST,1,Topics in Italian History.,Topics in Italian History.
HIST,1,383,383
HIST,1,Italian Colonialism and Its Legacies,Italian Colonialism and Its Legacies
HIST,1,"HIST3XX


	
History 3XX


	
1HE70101


	
Special Topics in Social Sciences A


	Hitotsubashi University	Japan",HIST3XX,History 3XX,1HE70101,Special Topics in Social Sciences A,Hitotsubashi University	Japan
HIST,1,HIST3XX,HIST3XX
HIST,1,History 3XX,History 3XX
HIST,1,1HE70101,1HE70101
HIST,1,Special Topics in Social Sciences A,Special Topics in Social Sciences A
HIST,1,"HIST3XX


	
History 3XX


	
5691VMGS


	
Introduction to Modern Japanese History


	Leiden University	Netherlands",HIST3XX,History 3XX,5691VMGS,Introduction to Modern Japanese History,Leiden University	Netherlands
HIST,1,HIST3XX,HIST3XX
HIST,1,History 3XX,History 3XX
HIST,1,5691VMGS,5691VMGS
HIST,1,Introduction to Modern Japanese History,Introduction to Modern Japanese History
HIST,1,"HIST3XX


	
History 3XX


	
5AAH9I01


	
Investigating the Colonial Past of King's College London


	University of London - King's College London	England, UK",HIST3XX,History 3XX,5AAH9I01,Investigating the Colonial Past of King's College London,"University of London - King's College London	England, UK"
HIST,1,HIST3XX,HIST3XX
HIST,1,History 3XX,History 3XX
HIST,1,5AAH9I01,5AAH9I01
HIST,1,Investigating the Colonial Past of King's College London,Investigating the Colonial Past of King's College London
HIST,1,"HIST3XX


	
History 3XX


	
84146


	
Medieval and Modern Legal History


	University of Bologna	Italy",HIST3XX,History 3XX,84146,Medieval and Modern Legal History,University of Bologna	Italy
HIST,1,HIST3XX,HIST3XX
HIST,1,History 3XX,History 3XX
HIST,1,84146,84146
HIST,1,Medieval and Modern Legal History,Medieval and Modern Legal History
HIST,1,"HIST3XX


	
History 3XX


	
90063


	
History, Science, and Society


	University of Bologna	Italy",HIST3XX,History 3XX,90063,"History, Science, and Society",University of Bologna	Italy
HIST,1,HIST3XX,HIST3XX
HIST,1,History 3XX,History 3XX
HIST,1,90063,90063
HIST,1,"History, Science, and Society","History, Science, and Society"
HIST,1,"HIST3XX


	
History 3XX


	
93140


	
Archaeological Landscapes


	University of Bologna	Italy",HIST3XX,History 3XX,93140,Archaeological Landscapes,University of Bologna	Italy
HIST,1,HIST3XX,HIST3XX
HIST,1,History 3XX,History 3XX
HIST,1,93140,93140
HIST,1,Archaeological Landscapes,Archaeological Landscapes
HIST,1,"HIST3XX


	
History 3XX


	
ANHI08015


	
The Transformation of the Roman World, ca. 300-800: Towards Byzantium and the Early Medieval West


	The University of Edinburgh	Scotland, UK",HIST3XX,History 3XX,ANHI08015,"The Transformation of the Roman World, ca. 300-800: Towards Byzantium and the Early Medieval West","The University of Edinburgh	Scotland, UK"
HIST,1,HIST3XX,HIST3XX
HIST,1,History 3XX,History 3XX
HIST,1,ANHI08015,ANHI08015
HIST,1,"The Transformation of the Roman World, ca. 300-800: Towards Byzantium and the Early Medieval West","The Transformation of the Roman World, ca. 300-800: Towards Byzantium and the Early Medieval West"
HIST,1,"HIST3XX


	
History 3XX


	
B3550


	
HISTORY AND CULTURAL HERITAGE IN EUROPEAN CITIES


	University of Bologna	Italy",HIST3XX,History 3XX,B3550,HISTORY AND CULTURAL HERITAGE IN EUROPEAN CITIES,University of Bologna	Italy
HIST,1,HIST3XX,HIST3XX
HIST,1,History 3XX,History 3XX
HIST,1,B3550,B3550
HIST,1,HISTORY AND CULTURAL HERITAGE IN EUROPEAN CITIES,HISTORY AND CULTURAL HERITAGE IN EUROPEAN CITIES
HIST,1,"HIST3XX


	
History 3XX


	
DAFF25A73


	
AFGHANISTAN: A NATION-STATE NOT MEANT TO BE?


	Institut d'Études Politiques (Sciences Po) (ALL CAMPUSES)	France",HIST3XX,History 3XX,DAFF25A73,AFGHANISTAN: A NATION-STATE NOT MEANT TO BE?,Institut d'Études Politiques (Sciences Po) (ALL CAMPUSES)	France
HIST,1,HIST3XX,HIST3XX
HIST,1,History 3XX,History 3XX
HIST,1,DAFF25A73,DAFF25A73
HIST,1,AFGHANISTAN: A NATION-STATE NOT MEANT TO BE?,AFGHANISTAN: A NATION-STATE NOT MEANT TO BE?
HIST,1,"HIST3XX


	
History 3XX


	
DISS433


	
SPECIAL TOPICS IN EAST ASIAN STUDIES I


	Korea University	South Korea",HIST3XX,History 3XX,DISS433,SPECIAL TOPICS IN EAST ASIAN STUDIES I,Korea University	South Korea
HIST,1,HIST3XX,HIST3XX
HIST,1,History 3XX,History 3XX
HIST,1,DISS433,DISS433
HIST,1,SPECIAL TOPICS IN EAST ASIAN STUDIES I,SPECIAL TOPICS IN EAST ASIAN STUDIES I
HIST,1,"HIST3XX


	
History 3XX


	
FES72200


	
AFRICAN AMERICAN HISTORY


	Sophia University	Japan",HIST3XX,History 3XX,FES72200,AFRICAN AMERICAN HISTORY,Sophia University	Japan
HIST,1,HIST3XX,HIST3XX
HIST,1,History 3XX,History 3XX
HIST,1,FES72200,FES72200
HIST,1,AFRICAN AMERICAN HISTORY,AFRICAN AMERICAN HISTORY
HIST,1,"HIST3XX


	
History 3XX


	
GEC1031


	
WHATEVER IT TAKES? MAKING WAR ON CIVILIANS


	National University of Singapore	Singapore",HIST3XX,History 3XX,GEC1031,WHATEVER IT TAKES? MAKING WAR ON CIVILIANS,National University of Singapore	Singapore
HIST,1,HIST3XX,HIST3XX
HIST,1,History 3XX,History 3XX
HIST,1,GEC1031,GEC1031
HIST,1,WHATEVER IT TAKES? MAKING WAR ON CIVILIANS,WHATEVER IT TAKES? MAKING WAR ON CIVILIANS
HIST,1,"HIST3XX


	
History 3XX


	
GESS1010


	
Popular Culture in Singapore


	National University of Singapore	Singapore",HIST3XX,History 3XX,GESS1010,Popular Culture in Singapore,National University of Singapore	Singapore
HIST,1,HIST3XX,HIST3XX
HIST,1,History 3XX,History 3XX
HIST,1,GESS1010,GESS1010
HIST,1,Popular Culture in Singapore,Popular Culture in Singapore
HIST,1,"HIST3XX


	
History 3XX


	
GKSS207


	
Global korean culture


	Korea University	South Korea",HIST3XX,History 3XX,GKSS207,Global korean culture,Korea University	South Korea
HIST,1,HIST3XX,HIST3XX
HIST,1,History 3XX,History 3XX
HIST,1,GKSS207,GKSS207
HIST,1,Global korean culture,Global korean culture
HIST,1,"HIST3XX


	
History 3XX


	
HIS21240


	
Celts, Romans and Vikings


	University College Dublin	Ireland",HIST3XX,History 3XX,HIS21240,"Celts, Romans and Vikings",University College Dublin	Ireland
HIST,1,HIST3XX,HIST3XX
HIST,1,History 3XX,History 3XX
HIST,1,HIS21240,HIS21240
HIST,1,"Celts, Romans and Vikings","Celts, Romans and Vikings"
HIST,1,"HIST3XX


	
History 3XX


	
HIST10337


	
Revolutionary Russia, 1861-1921


	The University of Edinburgh	Scotland, UK",HIST3XX,History 3XX,HIST10337,"Revolutionary Russia, 1861-1921","The University of Edinburgh	Scotland, UK"
HIST,1,HIST3XX,HIST3XX
HIST,1,History 3XX,History 3XX
HIST,1,HIST10337,HIST10337
HIST,1,"Revolutionary Russia, 1861-1921","Revolutionary Russia, 1861-1921"
HIST,1,"HIST3XX


	
History 3XX


	
HIST402


	
Historiography II


	Bogazici (Bosphorus) University	Turkey",HIST3XX,History 3XX,HIST402,Historiography II,Bogazici (Bosphorus) University	Turkey
HIST,1,HIST3XX,HIST3XX
HIST,1,History 3XX,History 3XX
HIST,1,HIST402,HIST402
HIST,1,Historiography II,Historiography II
HIST,1,"HIST3XX


	
History 3XX


	
HPSC30034


	
Magic, Reason, New Worlds, 1450-1750


	University of Melbourne	Australia",HIST3XX,History 3XX,HPSC30034,"Magic, Reason, New Worlds, 1450-1750",University of Melbourne	Australia
HIST,1,HIST3XX,HIST3XX
HIST,1,History 3XX,History 3XX
HIST,1,HPSC30034,HPSC30034
HIST,1,"Magic, Reason, New Worlds, 1450-1750","Magic, Reason, New Worlds, 1450-1750"
HIST,1,"HIST3XX


	
History 3XX


	
HY3226


	
Memory, Heritage & History


	National University of Singapore	Singapore",HIST3XX,History 3XX,HY3226,"Memory, Heritage & History",National University of Singapore	Singapore
HIST,1,HIST3XX,HIST3XX
HIST,1,History 3XX,History 3XX
HIST,1,HY3226,HY3226
HIST,1,"Memory, Heritage & History","Memory, Heritage & History"
HIST,1,"HIST3XX


	
History 3XX


	
36201RFPTPCEOG


	
Russian Foreign Policy Thinking in the post-Communist Era


	University of Warsaw	Poland",HIST3XX,History 3XX,36201RFPTPCEOG,Russian Foreign Policy Thinking in the post-Communist Era,University of Warsaw	Poland
HIST,1,HIST3XX,HIST3XX
HIST,1,History 3XX,History 3XX
HIST,1,36201RFPTPCEOG,36201RFPTPCEOG
HIST,1,Russian Foreign Policy Thinking in the post-Communist Era,Russian Foreign Policy Thinking in the post-Communist Era
HIST,1,"HIST3XX


	
History 3XX


	
HIST30068


	
A History of Violence


	University of Melbourne	Australia",HIST3XX,History 3XX,HIST30068,A History of Violence,University of Melbourne	Australia
HIST,1,HIST3XX,HIST3XX
HIST,1,History 3XX,History 3XX
HIST,1,HIST30068,HIST30068
HIST,1,A History of Violence,A History of Violence
HIST,1,"HIST409


	
Topics in Latin American History.


	
11304


	
America Latina como problema


	University of Buenos Aires	Argentina",HIST409,Topics in Latin American History.,11304,America Latina como problema,University of Buenos Aires	Argentina
HIST,1,HIST409,HIST409
HIST,1,Topics in Latin American History.,Topics in Latin American History.
HIST,1,11304,11304
HIST,1,America Latina como problema,America Latina como problema
HIST,1,"HIST409


	
Topics in Latin American History.


	
12427


	
Dinámica de las políticas de seguridad en el contexto democrático


	University of Buenos Aires	Argentina",HIST409,Topics in Latin American History.,12427,Dinámica de las políticas de seguridad en el contexto democrático,University of Buenos Aires	Argentina
HIST,1,HIST409,HIST409
HIST,1,Topics in Latin American History.,Topics in Latin American History.
HIST,1,12427,12427
HIST,1,Dinámica de las políticas de seguridad en el contexto democrático,Dinámica de las políticas de seguridad en el contexto democrático
HIST,1,"HIST410


	
Topics in History of Science.


	
HH3013


	
COMPARATIVE HISTORY OF RACE SCIENCE


	Nanyang Technological University	Singapore",HIST410,Topics in History of Science.,HH3013,COMPARATIVE HISTORY OF RACE SCIENCE,Nanyang Technological University	Singapore
HIST,1,HIST410,HIST410
HIST,1,Topics in History of Science.,Topics in History of Science.
HIST,1,HH3013,HH3013
HIST,1,COMPARATIVE HISTORY OF RACE SCIENCE,COMPARATIVE HISTORY OF RACE SCIENCE
HIST,1,"HIST423


	
Topics: Migration and Ethnicity.


	
B1639


	
Global Diasporas. Cultures, Identities and Politics


	University of Bologna	Italy",HIST423,Topics: Migration and Ethnicity.,B1639,"Global Diasporas. Cultures, Identities and Politics",University of Bologna	Italy
HIST,1,HIST423,HIST423
HIST,1,Topics: Migration and Ethnicity.,Topics: Migration and Ethnicity.
HIST,1,B1639,B1639
HIST,1,"Global Diasporas. Cultures, Identities and Politics","Global Diasporas. Cultures, Identities and Politics"
HIST,1,"HIST429


	
Topics: Gender/Feminist Histories.


	
5AAH1085


	
Queer Histories


	University of London - King's College London	England, UK",HIST429,Topics: Gender/Feminist Histories.,5AAH1085,Queer Histories,"University of London - King's College London	England, UK"
HIST,1,HIST429,HIST429
HIST,1,Topics: Gender/Feminist Histories.,Topics: Gender/Feminist Histories.
HIST,1,5AAH1085,5AAH1085
HIST,1,Queer Histories,Queer Histories
HIST,1,"HIST431


	
Topics in U.S. History.


	
LAX066B05


	
Global USA II


	University of Groningen	Netherlands",HIST431,Topics in U.S. History.,LAX066B05,Global USA II,University of Groningen	Netherlands
HIST,1,HIST431,HIST431
HIST,1,Topics in U.S. History.,Topics in U.S. History.
HIST,1,LAX066B05,LAX066B05
HIST,1,Global USA II,Global USA II
HIST,1,"HIST435


	
Topics in South Asian History.


	
HH4091


	
Special Topics in History - Interdisciplinary History South Asian Historiography


	Nanyang Technological University	Singapore",HIST435,Topics in South Asian History.,HH4091,Special Topics in History - Interdisciplinary History South Asian Historiography,Nanyang Technological University	Singapore
HIST,1,HIST435,HIST435
HIST,1,Topics in South Asian History.,Topics in South Asian History.
HIST,1,HH4091,HH4091
HIST,1,Special Topics in History - Interdisciplinary History South Asian Historiography,Special Topics in History - Interdisciplinary History South Asian Historiography
HIST,1,"HIST436


	
Topics: European History.


	
94410


	
History and Culture of European Cities


	University of Bologna	Italy",HIST436,Topics: European History.,94410,History and Culture of European Cities,University of Bologna	Italy
HIST,1,HIST436,HIST436
HIST,1,Topics: European History.,Topics: European History.
HIST,1,94410,94410
HIST,1,History and Culture of European Cities,History and Culture of European Cities
HIST,1,"HIST4XX


	
History 4XX


	
72986


	
Heritage, History and the Issue of Organizing


	University of Bologna	Italy",HIST4XX,History 4XX,72986,"Heritage, History and the Issue of Organizing",University of Bologna	Italy
HIST,1,HIST4XX,HIST4XX
HIST,1,History 4XX,History 4XX
HIST,1,72986,72986
HIST,1,"Heritage, History and the Issue of Organizing","Heritage, History and the Issue of Organizing"
HIST,1,"HIST4XX


	
History 4XX


	
AMER0081


	
The Haitian Revolution


	University College London (UCL) - University of London	England, UK",HIST4XX,History 4XX,AMER0081,The Haitian Revolution,"University College London (UCL) - University of London	England, UK"
HIST,1,HIST4XX,HIST4XX
HIST,1,History 4XX,History 4XX
HIST,1,AMER0081,AMER0081
HIST,1,The Haitian Revolution,The Haitian Revolution
HIST,1,"HIST4XX


	
History 4XX


	
HY3265


	
Researching the Past


	National University of Singapore	Singapore",HIST4XX,History 4XX,HY3265,Researching the Past,National University of Singapore	Singapore
HIST,1,HIST4XX,HIST4XX
HIST,1,History 4XX,History 4XX
HIST,1,HY3265,HY3265
HIST,1,Researching the Past,Researching the Past
HIST,1,"HIST4XX


	
History 4XX


	
SE4225


	
The Cold War in Southeast Asia


	National University of Singapore	Singapore",HIST4XX,History 4XX,SE4225,The Cold War in Southeast Asia,National University of Singapore	Singapore
HIST,1,HIST4XX,HIST4XX
HIST,1,History 4XX,History 4XX
HIST,1,SE4225,SE4225
HIST,1,The Cold War in Southeast Asia,The Cold War in Southeast Asia
HIST,1,"New Search	
	Refine Search",New Search,Refine Search
HIST,1,"New Search	
	Refine Search",New Search,Refine Search
MATH,1,"Legend:	
	  Equivalent
	
	  Not Equivalent
	
	  Expired",Legend:,Equivalent,Not Equivalent,Expired
MATH,1,Equivalent,Equivalent
MATH,1,Not Equivalent,Not Equivalent
MATH,1,Expired,Expired
MATH,1,"New Search	
	Refine Search",New Search,Refine Search
MATH,1,"New Search	
	Refine Search",New Search,Refine Search
MATH,1,"McGill University
	
External Institution",McGill University,External Institution
MATH,1,"Course
	
Title
	
Course
	
Title
	
Institution
	
Country
	
Status",Course,Title,Course,Title,Institution,Country,Status
MATH,1,"MATH122


	
Calculus for Management.


	
MATH209


	
Fundamental Mathematics II


	Concordia University	Canada",MATH122,Calculus for Management.,MATH209,Fundamental Mathematics II,Concordia University	Canada
MATH,1,MATH122,MATH122
MATH,1,Calculus for Management.,Calculus for Management.
MATH,1,MATH209,MATH209
MATH,1,Fundamental Mathematics II,Fundamental Mathematics II
MATH,1,"MATH133


	
Linear Algebra and Geometry.


	
MATH130


	
LINEAR ALGEBRA AND DIFFERENTIAL EQUATIONS


	City College of San Francisco	USA",MATH133,Linear Algebra and Geometry.,MATH130,LINEAR ALGEBRA AND DIFFERENTIAL EQUATIONS,City College of San Francisco	USA
MATH,1,MATH133,MATH133
MATH,1,Linear Algebra and Geometry.,Linear Algebra and Geometry.
MATH,1,MATH130,MATH130
MATH,1,LINEAR ALGEBRA AND DIFFERENTIAL EQUATIONS,LINEAR ALGEBRA AND DIFFERENTIAL EQUATIONS
MATH,1,"MATH133


	
Linear Algebra and Geometry.


	
MATH204


	
Vectors and Matrices


	Concordia University	Canada",MATH133,Linear Algebra and Geometry.,MATH204,Vectors and Matrices,Concordia University	Canada
MATH,1,MATH133,MATH133
MATH,1,Linear Algebra and Geometry.,Linear Algebra and Geometry.
MATH,1,MATH204,MATH204
MATH,1,Vectors and Matrices,Vectors and Matrices
MATH,1,"MATH133


	
Linear Algebra and Geometry.


	
MTH254


	
Vector Calculus


	Central Oregon Community College	USA",MATH133,Linear Algebra and Geometry.,MTH254,Vector Calculus,Central Oregon Community College	USA
MATH,1,MATH133,MATH133
MATH,1,Linear Algebra and Geometry.,Linear Algebra and Geometry.
MATH,1,MTH254,MTH254
MATH,1,Vector Calculus,Vector Calculus
MATH,1,"MATH139


	
Calculus 1 with Precalculus.


	
AMAT101


	
Algebra and Calculus I


	SUNY - University at Albany	USA",MATH139,Calculus 1 with Precalculus.,AMAT101,Algebra and Calculus I,SUNY - University at Albany	USA
MATH,1,MATH139,MATH139
MATH,1,Calculus 1 with Precalculus.,Calculus 1 with Precalculus.
MATH,1,AMAT101,AMAT101
MATH,1,Algebra and Calculus I,Algebra and Calculus I
MATH,1,"MATH140


	
Calculus 1.


	
MATH1003


	
Introduction to Calculus 1


	University of New Brunswick (UNB) - All Campuses	Canada",MATH140,Calculus 1.,MATH1003,Introduction to Calculus 1,University of New Brunswick (UNB) - All Campuses	Canada
MATH,1,MATH140,MATH140
MATH,1,Calculus 1.,Calculus 1.
MATH,1,MATH1003,MATH1003
MATH,1,Introduction to Calculus 1,Introduction to Calculus 1
MATH,1,"MATH140


	
Calculus 1.


	
MATH171


	
Calculus 1


	Community College of Philadelphia	USA",MATH140,Calculus 1.,MATH171,Calculus 1,Community College of Philadelphia	USA
MATH,1,MATH140,MATH140
MATH,1,Calculus 1.,Calculus 1.
MATH,1,MATH171,MATH171
MATH,1,Calculus 1,Calculus 1
MATH,1,"MATH141


	
Calculus 2


	
MATH182


	
Calculus 2


	Howard Community College	USA",MATH141,Calculus 2,MATH182,Calculus 2,Howard Community College	USA
MATH,1,MATH141,MATH141
MATH,1,Calculus 2,Calculus 2
MATH,1,MATH182,MATH182
MATH,1,Calculus 2,Calculus 2
MATH,1,"MATH141


	
Calculus 2.


	
MAT126


	
Calculus B


	Stony Brook University	USA",MATH141,Calculus 2.,MAT126,Calculus B,Stony Brook University	USA
MATH,1,MATH141,MATH141
MATH,1,Calculus 2.,Calculus 2.
MATH,1,MAT126,MAT126
MATH,1,Calculus B,Calculus B
MATH,1,"MATH141


	
Calculus 2.


	
MAT132


	
Analytical Geometry and Calculus II


	County College of Morris	USA",MATH141,Calculus 2.,MAT132,Analytical Geometry and Calculus II,County College of Morris	USA
MATH,1,MATH141,MATH141
MATH,1,Calculus 2.,Calculus 2.
MATH,1,MAT132,MAT132
MATH,1,Analytical Geometry and Calculus II,Analytical Geometry and Calculus II
MATH,1,"MATH141


	
Calculus 2.


	
MATH1005


	
Differential Equations and Infinite Series for Engineering or Physics


	Carleton University	Canada",MATH141,Calculus 2.,MATH1005,Differential Equations and Infinite Series for Engineering or Physics,Carleton University	Canada
MATH,1,MATH141,MATH141
MATH,1,Calculus 2.,Calculus 2.
MATH,1,MATH1005,MATH1005
MATH,1,Differential Equations and Infinite Series for Engineering or Physics,Differential Equations and Infinite Series for Engineering or Physics
MATH,1,"MATH141


	
Calculus 2.


	
MATH115


	
Elementary Calculus II


	Grant MacEwan University	Canada",MATH141,Calculus 2.,MATH115,Elementary Calculus II,Grant MacEwan University	Canada
MATH,1,MATH141,MATH141
MATH,1,Calculus 2.,Calculus 2.
MATH,1,MATH115,MATH115
MATH,1,Elementary Calculus II,Elementary Calculus II
MATH,1,"MATH141


	
Calculus 2.


	
MATH205


	
Differential & Integral Calculus II


	Concordia University	Canada",MATH141,Calculus 2.,MATH205,Differential & Integral Calculus II,Concordia University	Canada
MATH,1,MATH141,MATH141
MATH,1,Calculus 2.,Calculus 2.
MATH,1,MATH205,MATH205
MATH,1,Differential & Integral Calculus II,Differential & Integral Calculus II
MATH,1,"MATH141


	
Calculus 2.


	
MATH267


	
University Calculus II


	University of Calgary	Canada",MATH141,Calculus 2.,MATH267,University Calculus II,University of Calgary	Canada
MATH,1,MATH141,MATH141
MATH,1,Calculus 2.,Calculus 2.
MATH,1,MATH267,MATH267
MATH,1,University Calculus II,University Calculus II
MATH,1,"MATH203


	
Principles of Statistics 1.


	
BASC0003


	
Quantitative Methods and Mathematical Thinking


	University College London (UCL) - University of London	England, UK",MATH203,Principles of Statistics 1.,BASC0003,Quantitative Methods and Mathematical Thinking,"University College London (UCL) - University of London	England, UK"
MATH,1,MATH203,MATH203
MATH,1,Principles of Statistics 1.,Principles of Statistics 1.
MATH,1,BASC0003,BASC0003
MATH,1,Quantitative Methods and Mathematical Thinking,Quantitative Methods and Mathematical Thinking
MATH,1,"MATH203


	
Principles of Statistics 1.


	
MATH1712


	
Probability and Statistics II


	University of Leeds	England, UK",MATH203,Principles of Statistics 1.,MATH1712,Probability and Statistics II,"University of Leeds	England, UK"
MATH,1,MATH203,MATH203
MATH,1,Principles of Statistics 1.,Principles of Statistics 1.
MATH,1,MATH1712,MATH1712
MATH,1,Probability and Statistics II,Probability and Statistics II
MATH,1,"MATH203


	
Principles of Statistics 1.


	
STAT1793


	
Introduction to Probability & Statistics I


	University of New Brunswick (UNB) - All Campuses	Canada",MATH203,Principles of Statistics 1.,STAT1793,Introduction to Probability & Statistics I,University of New Brunswick (UNB) - All Campuses	Canada
MATH,1,MATH203,MATH203
MATH,1,Principles of Statistics 1.,Principles of Statistics 1.
MATH,1,STAT1793,STAT1793
MATH,1,Introduction to Probability & Statistics I,Introduction to Probability & Statistics I
MATH,1,"MATH203


	
Principles of Statistics 1.


	
STATS101


	
Introduction To Statistics


	The University of Auckland / Te Whare Wananga o Tamaki Makaurau	New Zealand",MATH203,Principles of Statistics 1.,STATS101,Introduction To Statistics,The University of Auckland / Te Whare Wananga o Tamaki Makaurau	New Zealand
MATH,1,MATH203,MATH203
MATH,1,Principles of Statistics 1.,Principles of Statistics 1.
MATH,1,STATS101,STATS101
MATH,1,Introduction To Statistics,Introduction To Statistics
MATH,1,"MATH204


	
Principles of Statistics 2.


	
2223MQ31004F


	
introduction à la statistique appliqué


	NEOMA Business School	France",MATH204,Principles of Statistics 2.,2223MQ31004F,introduction à la statistique appliqué,NEOMA Business School	France
MATH,1,MATH204,MATH204
MATH,1,Principles of Statistics 2.,Principles of Statistics 2.
MATH,1,2223MQ31004F,2223MQ31004F
MATH,1,introduction à la statistique appliqué,introduction à la statistique appliqué
MATH,1,"MATH204


	
Principles of Statistics 2.


	
MAT204


	
Intermediate Statistical Methods


	East China Normal University	China",MATH204,Principles of Statistics 2.,MAT204,Intermediate Statistical Methods,East China Normal University	China
MATH,1,MATH204,MATH204
MATH,1,Principles of Statistics 2.,Principles of Statistics 2.
MATH,1,MAT204,MAT204
MATH,1,Intermediate Statistical Methods,Intermediate Statistical Methods
MATH,1,"MATH204


	
Principles of Statistics 2.


	
STAT2225


	
Intermediate Statistical Inference


	Langara College	Canada",MATH204,Principles of Statistics 2.,STAT2225,Intermediate Statistical Inference,Langara College	Canada
MATH,1,MATH204,MATH204
MATH,1,Principles of Statistics 2.,Principles of Statistics 2.
MATH,1,STAT2225,STAT2225
MATH,1,Intermediate Statistical Inference,Intermediate Statistical Inference
MATH,1,"MATH208


	
Introduction to Statistical Computing.


	
MATH10093


	
Statistical Computing


	The University of Edinburgh	Scotland, UK",MATH208,Introduction to Statistical Computing.,MATH10093,Statistical Computing,"The University of Edinburgh	Scotland, UK"
MATH,1,MATH208,MATH208
MATH,1,Introduction to Statistical Computing.,Introduction to Statistical Computing.
MATH,1,MATH10093,MATH10093
MATH,1,Statistical Computing,Statistical Computing
MATH,1,"MATH208


	
Introduction to Statistical Computing.


	
ST201


	
Statistical Models and Data Analysis


	University of London - London School of Economics and Political Science	England, UK",MATH208,Introduction to Statistical Computing.,ST201,Statistical Models and Data Analysis,"University of London - London School of Economics and Political Science	England, UK"
MATH,1,MATH208,MATH208
MATH,1,Introduction to Statistical Computing.,Introduction to Statistical Computing.
MATH,1,ST201,ST201
MATH,1,Statistical Models and Data Analysis,Statistical Models and Data Analysis
MATH,1,"MATH222


	
Calculus 3.


	
MATH2008


	
Intermediate Calculus


	Carleton University	Canada",MATH222,Calculus 3.,MATH2008,Intermediate Calculus,Carleton University	Canada
MATH,1,MATH222,MATH222
MATH,1,Calculus 3.,Calculus 3.
MATH,1,MATH2008,MATH2008
MATH,1,Intermediate Calculus,Intermediate Calculus
MATH,1,"MATH222


	
Calculus 3.


	
MATH2020B


	
Advanced Calculus II


	The Chinese University of Hong Kong	Hong Kong, SAR",MATH222,Calculus 3.,MATH2020B,Advanced Calculus II,"The Chinese University of Hong Kong	Hong Kong, SAR"
MATH,1,MATH222,MATH222
MATH,1,Calculus 3.,Calculus 3.
MATH,1,MATH2020B,MATH2020B
MATH,1,Advanced Calculus II,Advanced Calculus II
MATH,1,"MATH223


	
Linear Algebra


	
25765


	
Li Linear Algebra & Linear Programming


	The University of Birmingham	England, UK",MATH223,Linear Algebra,25765,Li Linear Algebra & Linear Programming,"The University of Birmingham	England, UK"
MATH,1,MATH223,MATH223
MATH,1,Linear Algebra,Linear Algebra
MATH,1,25765,25765
MATH,1,Li Linear Algebra & Linear Programming,Li Linear Algebra & Linear Programming
MATH,1,"MATH223


	
Linear Algebra.


	
MAT33


	
Linear Algebra


	East China Normal University	China",MATH223,Linear Algebra.,MAT33,Linear Algebra,East China Normal University	China
MATH,1,MATH223,MATH223
MATH,1,Linear Algebra.,Linear Algebra.
MATH,1,MAT33,MAT33
MATH,1,Linear Algebra,Linear Algebra
MATH,1,"MATH223


	
Linear Algebra.


	
MATH232


	
Applied Linear Algebra


	Simon Fraser University	Canada",MATH223,Linear Algebra.,MATH232,Applied Linear Algebra,Simon Fraser University	Canada
MATH,1,MATH223,MATH223
MATH,1,Linear Algebra.,Linear Algebra.
MATH,1,MATH232,MATH232
MATH,1,Applied Linear Algebra,Applied Linear Algebra
MATH,1,"MATH223


	
Linear Algebra.


	
UIC2303


	
Linear Algebra 1


	Yonsei University	South Korea",MATH223,Linear Algebra.,UIC2303,Linear Algebra 1,Yonsei University	South Korea
MATH,1,MATH223,MATH223
MATH,1,Linear Algebra.,Linear Algebra.
MATH,1,UIC2303,UIC2303
MATH,1,Linear Algebra 1,Linear Algebra 1
MATH,1,"MATH235


	
Algebra 1.


	
20470054


	
Abstract Algebra


	Tsinghua University	China",MATH235,Algebra 1.,20470054,Abstract Algebra,Tsinghua University	China
MATH,1,MATH235,MATH235
MATH,1,Algebra 1.,Algebra 1.
MATH,1,20470054,20470054
MATH,1,Abstract Algebra,Abstract Algebra
MATH,1,"MATH235


	
Algebra 1.


	
30400


	
MATHEMATICS AND STATISTICS - MODULE 1 (MATHEMATICS)


	Luigi Bocconi University	Italy",MATH235,Algebra 1.,30400,MATHEMATICS AND STATISTICS - MODULE 1 (MATHEMATICS),Luigi Bocconi University	Italy
MATH,1,MATH235,MATH235
MATH,1,Algebra 1.,Algebra 1.
MATH,1,30400,30400
MATH,1,MATHEMATICS AND STATISTICS - MODULE 1 (MATHEMATICS),MATHEMATICS AND STATISTICS - MODULE 1 (MATHEMATICS)
MATH,1,"MATH235


	
Algebra 1.


	
MA197


	
Algebra and Number Theory


	Shanghai Jiao Tong University	China",MATH235,Algebra 1.,MA197,Algebra and Number Theory,Shanghai Jiao Tong University	China
MATH,1,MATH235,MATH235
MATH,1,Algebra 1.,Algebra 1.
MATH,1,MA197,MA197
MATH,1,Algebra and Number Theory,Algebra and Number Theory
MATH,1,"MATH235


	
Algebra 1.


	
MATH310


	
Algebra


	École Polytechnique Fédérale de Lausanne	Switzerland",MATH235,Algebra 1.,MATH310,Algebra,École Polytechnique Fédérale de Lausanne	Switzerland
MATH,1,MATH235,MATH235
MATH,1,Algebra 1.,Algebra 1.
MATH,1,MATH310,MATH310
MATH,1,Algebra,Algebra
MATH,1,"MATH235


	
Algebra 1.


	
MATH578


	
Algebraic Structures


	University of North Carolina at Chapel Hill	USA",MATH235,Algebra 1.,MATH578,Algebraic Structures,University of North Carolina at Chapel Hill	USA
MATH,1,MATH235,MATH235
MATH,1,Algebra 1.,Algebra 1.
MATH,1,MATH578,MATH578
MATH,1,Algebraic Structures,Algebraic Structures
MATH,1,"MATH236


	
Algebra 2.


	
MAT25


	
Linear Algebra II


	East China Normal University	China",MATH236,Algebra 2.,MAT25,Linear Algebra II,East China Normal University	China
MATH,1,MATH236,MATH236
MATH,1,Algebra 2.,Algebra 2.
MATH,1,MAT25,MAT25
MATH,1,Linear Algebra II,Linear Algebra II
MATH,1,"MATH240


	
Discrete Structures 1.


	
MATH309


	
Discrete Structures


	Athabasca University	Canada",MATH240,Discrete Structures 1.,MATH309,Discrete Structures,Athabasca University	Canada
MATH,1,MATH240,MATH240
MATH,1,Discrete Structures 1.,Discrete Structures 1.
MATH,1,MATH309,MATH309
MATH,1,Discrete Structures,Discrete Structures
MATH,1,"MATH240


	
Discrete Structures.


	
CS1303


	
Discrete Structures


	University of New Brunswick (UNB) - All Campuses	Canada",MATH240,Discrete Structures.,CS1303,Discrete Structures,University of New Brunswick (UNB) - All Campuses	Canada
MATH,1,MATH240,MATH240
MATH,1,Discrete Structures.,Discrete Structures.
MATH,1,CS1303,CS1303
MATH,1,Discrete Structures,Discrete Structures
MATH,1,"MATH240


	
Discrete Structures.


	
INFR08031


	
Discrete Mathematics and Probability


	The University of Edinburgh	Scotland, UK",MATH240,Discrete Structures.,INFR08031,Discrete Mathematics and Probability,"The University of Edinburgh	Scotland, UK"
MATH,1,MATH240,MATH240
MATH,1,Discrete Structures.,Discrete Structures.
MATH,1,INFR08031,INFR08031
MATH,1,Discrete Mathematics and Probability,Discrete Mathematics and Probability
MATH,1,"MATH242


	
Analysis 1.


	
MAT200


	
Logic, Language, and Proof


	Stony Brook University	USA",MATH242,Analysis 1.,MAT200,"Logic, Language, and Proof",Stony Brook University	USA
MATH,1,MATH242,MATH242
MATH,1,Analysis 1.,Analysis 1.
MATH,1,MAT200,MAT200
MATH,1,"Logic, Language, and Proof","Logic, Language, and Proof"
MATH,1,"MATH242


	
Analysis 1.


	
MAT42


	
Analysis 1


	East China Normal University	China",MATH242,Analysis 1.,MAT42,Analysis 1,East China Normal University	China
MATH,1,MATH242,MATH242
MATH,1,Analysis 1.,Analysis 1.
MATH,1,MAT42,MAT42
MATH,1,Analysis 1,Analysis 1
MATH,1,"MATH242


	
Analysis 1.


	
MATH364


	
Analysis 1


	Concordia University	Canada",MATH242,Analysis 1.,MATH364,Analysis 1,Concordia University	Canada
MATH,1,MATH242,MATH242
MATH,1,Analysis 1.,Analysis 1.
MATH,1,MATH364,MATH364
MATH,1,Analysis 1,Analysis 1
MATH,1,"MATH255


	
Honours Analysis 2.


	
MATH521H


	
Advanced Calculus I


	University of North Carolina at Chapel Hill	USA",MATH255,Honours Analysis 2.,MATH521H,Advanced Calculus I,University of North Carolina at Chapel Hill	USA
MATH,1,MATH255,MATH255
MATH,1,Honours Analysis 2.,Honours Analysis 2.
MATH,1,MATH521H,MATH521H
MATH,1,Advanced Calculus I,Advanced Calculus I
MATH,1,"MATH263


	
Ordinary Differential Equations for Engineers.


	
AS110302


	
Differential Equations and Applications


	The Johns Hopkins University	USA",MATH263,Ordinary Differential Equations for Engineers.,AS110302,Differential Equations and Applications,The Johns Hopkins University	USA
MATH,1,MATH263,MATH263
MATH,1,Ordinary Differential Equations for Engineers.,Ordinary Differential Equations for Engineers.
MATH,1,AS110302,AS110302
MATH,1,Differential Equations and Applications,Differential Equations and Applications
MATH,1,"MATH263


	
Ordinary Differential Equations for Engineers.


	
GEN122


	
Équations différentielles linéaires


	Universite de Sherbrooke	Canada",MATH263,Ordinary Differential Equations for Engineers.,GEN122,Équations différentielles linéaires,Universite de Sherbrooke	Canada
MATH,1,MATH263,MATH263
MATH,1,Ordinary Differential Equations for Engineers.,Ordinary Differential Equations for Engineers.
MATH,1,GEN122,GEN122
MATH,1,Équations différentielles linéaires,Équations différentielles linéaires
MATH,1,"MATH264


	
Advanced Calculus for Engineers.


	
20305


	
Analysis III für Ingenieure


	Berlin University of Technology	Germany",MATH264,Advanced Calculus for Engineers.,20305,Analysis III für Ingenieure,Berlin University of Technology	Germany
MATH,1,MATH264,MATH264
MATH,1,Advanced Calculus for Engineers.,Advanced Calculus for Engineers.
MATH,1,20305,20305
MATH,1,Analysis III für Ingenieure,Analysis III für Ingenieure
MATH,1,"MATH308


	
Fundamentals of Statistical Learning.


	
STKIN4300


	
Statistical Learning Methods in Data Science


	University of Oslo	Norway",MATH308,Fundamentals of Statistical Learning.,STKIN4300,Statistical Learning Methods in Data Science,University of Oslo	Norway
MATH,1,MATH308,MATH308
MATH,1,Fundamentals of Statistical Learning.,Fundamentals of Statistical Learning.
MATH,1,STKIN4300,STKIN4300
MATH,1,Statistical Learning Methods in Data Science,Statistical Learning Methods in Data Science
MATH,1,"MATH315


	
Ordinary Differential Equations.


	
MATH135


	
Ordinary Differential Equations


	University of California - Los Angeles	USA",MATH315,Ordinary Differential Equations.,MATH135,Ordinary Differential Equations,University of California - Los Angeles	USA
MATH,1,MATH315,MATH315
MATH,1,Ordinary Differential Equations.,Ordinary Differential Equations.
MATH,1,MATH135,MATH135
MATH,1,Ordinary Differential Equations,Ordinary Differential Equations
MATH,1,"MATH315


	
Ordinary Differential Equations.


	
MATH3405


	
Differential Equations


	The University of Hong Kong (HKU)	Hong Kong, SAR",MATH315,Ordinary Differential Equations.,MATH3405,Differential Equations,"The University of Hong Kong (HKU)	Hong Kong, SAR"
MATH,1,MATH315,MATH315
MATH,1,Ordinary Differential Equations.,Ordinary Differential Equations.
MATH,1,MATH3405,MATH3405
MATH,1,Differential Equations,Differential Equations
MATH,1,"MATH315


	
Ordinary Differential Equations.


	
MATH370


	
Differential Equations


	Concordia University	Canada",MATH315,Ordinary Differential Equations.,MATH370,Differential Equations,Concordia University	Canada
MATH,1,MATH315,MATH315
MATH,1,Ordinary Differential Equations.,Ordinary Differential Equations.
MATH,1,MATH370,MATH370
MATH,1,Differential Equations,Differential Equations
MATH,1,"MATH315


	
Ordinary Differential Equations.


	
PHY1002


	
Physique Mathématique II


	Université Laval	Canada",MATH315,Ordinary Differential Equations.,PHY1002,Physique Mathématique II,Université Laval	Canada
MATH,1,MATH315,MATH315
MATH,1,Ordinary Differential Equations.,Ordinary Differential Equations.
MATH,1,PHY1002,PHY1002
MATH,1,Physique Mathématique II,Physique Mathématique II
MATH,1,"MATH317


	
Numerical Analysis.


	
60420254


	
Numerical Analysis


	Tsinghua University	China",MATH317,Numerical Analysis.,60420254,Numerical Analysis,Tsinghua University	China
MATH,1,MATH317,MATH317
MATH,1,Numerical Analysis.,Numerical Analysis.
MATH,1,60420254,60420254
MATH,1,Numerical Analysis,Numerical Analysis
MATH,1,"MATH317


	
Numerical Analysis.


	
ACEE325


	
NUMERICAL ANALYSIS


	Korea University	South Korea",MATH317,Numerical Analysis.,ACEE325,NUMERICAL ANALYSIS,Korea University	South Korea
MATH,1,MATH317,MATH317
MATH,1,Numerical Analysis.,Numerical Analysis.
MATH,1,ACEE325,ACEE325
MATH,1,NUMERICAL ANALYSIS,NUMERICAL ANALYSIS
MATH,1,"MATH317


	
Numerical Analysis.


	
COMO303


	
Numerical Methods


	University of Otago / Te Whare Wananga o Otago	New Zealand",MATH317,Numerical Analysis.,COMO303,Numerical Methods,University of Otago / Te Whare Wananga o Otago	New Zealand
MATH,1,MATH317,MATH317
MATH,1,Numerical Analysis.,Numerical Analysis.
MATH,1,COMO303,COMO303
MATH,1,Numerical Methods,Numerical Methods
MATH,1,"MATH317


	
Numerical Analysis.


	
MATHS4109


	
4H: Numerical Methods


	The University of Glasgow	Scotland, UK",MATH317,Numerical Analysis.,MATHS4109,4H: Numerical Methods,"The University of Glasgow	Scotland, UK"
MATH,1,MATH317,MATH317
MATH,1,Numerical Analysis.,Numerical Analysis.
MATH,1,MATHS4109,MATHS4109
MATH,1,4H: Numerical Methods,4H: Numerical Methods
MATH,1,"MATH318


	
Mathematical Logic.


	
30690552


	
Foundations of Logic


	Tsinghua University	China",MATH318,Mathematical Logic.,30690552,Foundations of Logic,Tsinghua University	China
MATH,1,MATH318,MATH318
MATH,1,Mathematical Logic.,Mathematical Logic.
MATH,1,30690552,30690552
MATH,1,Foundations of Logic,Foundations of Logic
MATH,1,"MATH318


	
Mathematical Logic.


	
MATINF3600


	
Mathematical Logic


	University of Oslo	Norway",MATH318,Mathematical Logic.,MATINF3600,Mathematical Logic,University of Oslo	Norway
MATH,1,MATH318,MATH318
MATH,1,Mathematical Logic.,Mathematical Logic.
MATH,1,MATINF3600,MATINF3600
MATH,1,Mathematical Logic,Mathematical Logic
MATH,1,"MATH319


	
Partial Differential Equations .


	
PHY1004


	
Physique mathématique III


	Université Laval	Canada",MATH319,Partial Differential Equations .,PHY1004,Physique mathématique III,Université Laval	Canada
MATH,1,MATH319,MATH319
MATH,1,Partial Differential Equations .,Partial Differential Equations .
MATH,1,PHY1004,PHY1004
MATH,1,Physique mathématique III,Physique mathématique III
MATH,1,"MATH323


	
Probability.


	
MAST20004


	
Probability


	University of Melbourne	Australia",MATH323,Probability.,MAST20004,Probability,University of Melbourne	Australia
MATH,1,MATH323,MATH323
MATH,1,Probability.,Probability.
MATH,1,MAST20004,MAST20004
MATH,1,Probability,Probability
MATH,1,"MATH324


	
Statistics.


	
02418


	
Statistical modelling: Theory and practice


	Technical University of Denmark	Denmark",MATH324,Statistics.,02418,Statistical modelling: Theory and practice,Technical University of Denmark	Denmark
MATH,1,MATH324,MATH324
MATH,1,Statistics.,Statistics.
MATH,1,02418,02418
MATH,1,Statistical modelling: Theory and practice,Statistical modelling: Theory and practice
MATH,1,"MATH324


	
Statistics.


	
MAST333


	
Applied Statistics


	Concordia University	Canada",MATH324,Statistics.,MAST333,Applied Statistics,Concordia University	Canada
MATH,1,MATH324,MATH324
MATH,1,Statistics.,Statistics.
MATH,1,MAST333,MAST333
MATH,1,Applied Statistics,Applied Statistics
MATH,1,"MATH324


	
Statistics.


	
MATH170S


	
Introduction to statistics


	University of California - Los Angeles	USA",MATH324,Statistics.,MATH170S,Introduction to statistics,University of California - Los Angeles	USA
MATH,1,MATH324,MATH324
MATH,1,Statistics.,Statistics.
MATH,1,MATH170S,MATH170S
MATH,1,Introduction to statistics,Introduction to statistics
MATH,1,"MATH324


	
Statistics.


	
STAT2


	
Introduction to Statistics


	University of California - Berkeley	USA",MATH324,Statistics.,STAT2,Introduction to Statistics,University of California - Berkeley	USA
MATH,1,MATH324,MATH324
MATH,1,Statistics.,Statistics.
MATH,1,STAT2,STAT2
MATH,1,Introduction to Statistics,Introduction to Statistics
MATH,1,"MATH324


	
Statistics.


	
STAT3001


	
Mathematical Statistics


	University of Queensland (UQ)	Australia",MATH324,Statistics.,STAT3001,Mathematical Statistics,University of Queensland (UQ)	Australia
MATH,1,MATH324,MATH324
MATH,1,Statistics.,Statistics.
MATH,1,STAT3001,STAT3001
MATH,1,Mathematical Statistics,Mathematical Statistics
MATH,1,"MATH326


	
Nonlinear Dynamics and Chaos.


	
MAT2115


	
Équations Différentielles


	Universite de Montreal	Canada",MATH326,Nonlinear Dynamics and Chaos.,MAT2115,Équations Différentielles,Universite de Montreal	Canada
MATH,1,MATH326,MATH326
MATH,1,Nonlinear Dynamics and Chaos.,Nonlinear Dynamics and Chaos.
MATH,1,MAT2115,MAT2115
MATH,1,Équations Différentielles,Équations Différentielles
MATH,1,"MATH340


	
Discrete Structures 2.


	
MATH339


	
Combinatorics


	Concordia University	Canada",MATH340,Discrete Structures 2.,MATH339,Combinatorics,Concordia University	Canada
MATH,1,MATH340,MATH340
MATH,1,Discrete Structures 2.,Discrete Structures 2.
MATH,1,MATH339,MATH339
MATH,1,Combinatorics,Combinatorics
MATH,1,"MATH348


	
Euclidean Geometry.


	
MATH147A


	
Introduction to Differential Geometry


	University of California - Santa Barbara	USA",MATH348,Euclidean Geometry.,MATH147A,Introduction to Differential Geometry,University of California - Santa Barbara	USA
MATH,1,MATH348,MATH348
MATH,1,Euclidean Geometry.,Euclidean Geometry.
MATH,1,MATH147A,MATH147A
MATH,1,Introduction to Differential Geometry,Introduction to Differential Geometry
MATH,1,"MATH350


	
Honours Discrete Mathematics .


	
MATH0029


	
Graph Theory and Combinatorics


	University College London (UCL) - University of London	England, UK",MATH350,Honours Discrete Mathematics .,MATH0029,Graph Theory and Combinatorics,"University College London (UCL) - University of London	England, UK"
MATH,1,MATH350,MATH350
MATH,1,Honours Discrete Mathematics .,Honours Discrete Mathematics .
MATH,1,MATH0029,MATH0029
MATH,1,Graph Theory and Combinatorics,Graph Theory and Combinatorics
MATH,1,"MATH356


	
Honours Probability.


	
MATH0069


	
Probability


	University College London (UCL) - University of London	England, UK",MATH356,Honours Probability.,MATH0069,Probability,"University College London (UCL) - University of London	England, UK"
MATH,1,MATH356,MATH356
MATH,1,Honours Probability.,Honours Probability.
MATH,1,MATH0069,MATH0069
MATH,1,Probability,Probability
MATH,1,"MATH423


	
Applied Regression.


	
ST300


	
Regression and Generalised Linear Models


	University of London - London School of Economics and Political Science	England, UK",MATH423,Applied Regression.,ST300,Regression and Generalised Linear Models,"University of London - London School of Economics and Political Science	England, UK"
MATH,1,MATH423,MATH423
MATH,1,Applied Regression.,Applied Regression.
MATH,1,ST300,ST300
MATH,1,Regression and Generalised Linear Models,Regression and Generalised Linear Models
MATH,1,"MATH423


	
Applied Regression.


	
STAT3008


	
Applied Regression Analysis


	The Chinese University of Hong Kong	Hong Kong, SAR",MATH423,Applied Regression.,STAT3008,Applied Regression Analysis,"The Chinese University of Hong Kong	Hong Kong, SAR"
MATH,1,MATH423,MATH423
MATH,1,Applied Regression.,Applied Regression.
MATH,1,STAT3008,STAT3008
MATH,1,Applied Regression Analysis,Applied Regression Analysis
MATH,1,"MATH423


	
Regression and Analysis of Variance.


	
STAT360


	
Linear Models


	Concordia University	Canada",MATH423,Regression and Analysis of Variance.,STAT360,Linear Models,Concordia University	Canada
MATH,1,MATH423,MATH423
MATH,1,Regression and Analysis of Variance.,Regression and Analysis of Variance.
MATH,1,STAT360,STAT360
MATH,1,Linear Models,Linear Models
MATH,1,"MATH423


	
Regression&Anal of Variance


	
MATH30013


	
Linear and generalized Linear Models


	University of Bristol	England, UK",MATH423,Regression&Anal of Variance,MATH30013,Linear and generalized Linear Models,"University of Bristol	England, UK"
MATH,1,MATH423,MATH423
MATH,1,Regression&Anal of Variance,Regression&Anal of Variance
MATH,1,MATH30013,MATH30013
MATH,1,Linear and generalized Linear Models,Linear and generalized Linear Models
MATH,1,"MATH447


	
Introduction to Stochastic Processes.


	
ST227


	
Survival Models


	University of London - London School of Economics and Political Science	England, UK",MATH447,Introduction to Stochastic Processes.,ST227,Survival Models,"University of London - London School of Economics and Political Science	England, UK"
MATH,1,MATH447,MATH447
MATH,1,Introduction to Stochastic Processes.,Introduction to Stochastic Processes.
MATH,1,ST227,ST227
MATH,1,Survival Models,Survival Models
MATH,1,"MATH447


	
Introduction to Stochastic Processes.


	
ST302


	
Stochastic Processes


	University of London - London School of Economics and Political Science	England, UK",MATH447,Introduction to Stochastic Processes.,ST302,Stochastic Processes,"University of London - London School of Economics and Political Science	England, UK"
MATH,1,MATH447,MATH447
MATH,1,Introduction to Stochastic Processes.,Introduction to Stochastic Processes.
MATH,1,ST302,ST302
MATH,1,Stochastic Processes,Stochastic Processes
MATH,1,"MATH447


	
Introduction to Stochastic Processes.


	
STAT3603


	
Stochastic Processes


	The University of Hong Kong (HKU)	Hong Kong, SAR",MATH447,Introduction to Stochastic Processes.,STAT3603,Stochastic Processes,"The University of Hong Kong (HKU)	Hong Kong, SAR"
MATH,1,MATH447,MATH447
MATH,1,Introduction to Stochastic Processes.,Introduction to Stochastic Processes.
MATH,1,STAT3603,STAT3603
MATH,1,Stochastic Processes,Stochastic Processes
MATH,1,"MATH455


	
Honours Analysis 4.


	
MATH10051


	
Fourier Analysis


	The University of Edinburgh	Scotland, UK",MATH455,Honours Analysis 4.,MATH10051,Fourier Analysis,"The University of Edinburgh	Scotland, UK"
MATH,1,MATH455,MATH455
MATH,1,Honours Analysis 4.,Honours Analysis 4.
MATH,1,MATH10051,MATH10051
MATH,1,Fourier Analysis,Fourier Analysis
MATH,1,"MATH456


	
Honours Algebra 3.


	
MATH0053


	
Algebra 4: Groups and Rings


	University College London (UCL) - University of London	England, UK",MATH456,Honours Algebra 3.,MATH0053,Algebra 4: Groups and Rings,"University College London (UCL) - University of London	England, UK"
MATH,1,MATH456,MATH456
MATH,1,Honours Algebra 3.,Honours Algebra 3.
MATH,1,MATH0053,MATH0053
MATH,1,Algebra 4: Groups and Rings,Algebra 4: Groups and Rings
MATH,1,"MATH457


	
Honours Algebra 4.


	
5122GALO6Y


	
Galoistheorie


	University of Amsterdam	Netherlands",MATH457,Honours Algebra 4.,5122GALO6Y,Galoistheorie,University of Amsterdam	Netherlands
MATH,1,MATH457,MATH457
MATH,1,Honours Algebra 4.,Honours Algebra 4.
MATH,1,5122GALO6Y,5122GALO6Y
MATH,1,Galoistheorie,Galoistheorie
MATH,1,"MATH457


	
Honours Algebra 4.


	
MATH10080


	
Galois Theory


	The University of Edinburgh	Scotland, UK",MATH457,Honours Algebra 4.,MATH10080,Galois Theory,"The University of Edinburgh	Scotland, UK"
MATH,1,MATH457,MATH457
MATH,1,Honours Algebra 4.,Honours Algebra 4.
MATH,1,MATH10080,MATH10080
MATH,1,Galois Theory,Galois Theory
MATH,1,"MATH458


	
Honours Differential Geometry.


	
MATH0052


	
Geometry and Groups


	University College London (UCL) - University of London	England, UK",MATH458,Honours Differential Geometry.,MATH0052,Geometry and Groups,"University College London (UCL) - University of London	England, UK"
MATH,1,MATH458,MATH458
MATH,1,Honours Differential Geometry.,Honours Differential Geometry.
MATH,1,MATH0052,MATH0052
MATH,1,Geometry and Groups,Geometry and Groups
MATH,1,"MATH458


	
Honours Differential Geometry.


	
MH4601


	
Differential Geometry


	Nanyang Technological University	Singapore",MATH458,Honours Differential Geometry.,MH4601,Differential Geometry,Nanyang Technological University	Singapore
MATH,1,MATH458,MATH458
MATH,1,Honours Differential Geometry.,Honours Differential Geometry.
MATH,1,MH4601,MH4601
MATH,1,Differential Geometry,Differential Geometry
MATH,1,"MATH466


	
Honours Complex Analysis.


	
MATH10067


	
Honours Complex Variables


	The University of Edinburgh	Scotland, UK",MATH466,Honours Complex Analysis.,MATH10067,Honours Complex Variables,"The University of Edinburgh	Scotland, UK"
MATH,1,MATH466,MATH466
MATH,1,Honours Complex Analysis.,Honours Complex Analysis.
MATH,1,MATH10067,MATH10067
MATH,1,Honours Complex Variables,Honours Complex Variables
MATH,1,"MATH466


	
Honours Complex Analysis.


	
MATH132H


	
Complex Analysis (Honors)


	University of California - Los Angeles	USA",MATH466,Honours Complex Analysis.,MATH132H,Complex Analysis (Honors),University of California - Los Angeles	USA
MATH,1,MATH466,MATH466
MATH,1,Honours Complex Analysis.,Honours Complex Analysis.
MATH,1,MATH132H,MATH132H
MATH,1,Complex Analysis (Honors),Complex Analysis (Honors)
MATH,1,"MATH488


	
Honours Set Theory.


	
5122AXVE6Y


	
Axiomatic Set Theory


	University of Amsterdam	Netherlands",MATH488,Honours Set Theory.,5122AXVE6Y,Axiomatic Set Theory,University of Amsterdam	Netherlands
MATH,1,MATH488,MATH488
MATH,1,Honours Set Theory.,Honours Set Theory.
MATH,1,5122AXVE6Y,5122AXVE6Y
MATH,1,Axiomatic Set Theory,Axiomatic Set Theory
MATH,1,"MATH488


	
Honours Set Theory.


	
NAIL063


	
Set Theory


	Charles University in Prague	Czech Republic",MATH488,Honours Set Theory.,NAIL063,Set Theory,Charles University in Prague	Czech Republic
MATH,1,MATH488,MATH488
MATH,1,Honours Set Theory.,Honours Set Theory.
MATH,1,NAIL063,NAIL063
MATH,1,Set Theory,Set Theory
MATH,1,"MATH4XX


	
Mathematics & Statistics (Sci) 4XX


	
5122MOCA6Y


	
Modules and Categories


	University of Amsterdam	Netherlands",MATH4XX,Mathematics & Statistics (Sci) 4XX,5122MOCA6Y,Modules and Categories,University of Amsterdam	Netherlands
MATH,1,MATH4XX,MATH4XX
MATH,1,Mathematics & Statistics (Sci) 4XX,Mathematics & Statistics (Sci) 4XX
MATH,1,5122MOCA6Y,5122MOCA6Y
MATH,1,Modules and Categories,Modules and Categories
MATH,1,"MATH523


	
Generalized Linear Models


	
MATH35200


	
Generalised Linear Models


	University of Bristol	England, UK",MATH523,Generalized Linear Models,MATH35200,Generalised Linear Models,"University of Bristol	England, UK"
MATH,1,MATH523,MATH523
MATH,1,Generalized Linear Models,Generalized Linear Models
MATH,1,MATH35200,MATH35200
MATH,1,Generalised Linear Models,Generalised Linear Models
MATH,1,"MATH523


	
Generalized Linear Models.


	
STK3100


	
Introduction to Generalized Linear Models


	University of Oslo	Norway",MATH523,Generalized Linear Models.,STK3100,Introduction to Generalized Linear Models,University of Oslo	Norway
MATH,1,MATH523,MATH523
MATH,1,Generalized Linear Models.,Generalized Linear Models.
MATH,1,STK3100,STK3100
MATH,1,Introduction to Generalized Linear Models,Introduction to Generalized Linear Models
MATH,1,"MATH545


	
Introduction to Time Series Analysis.


	
02417


	
Time Series Analysis


	Technical University of Denmark	Denmark",MATH545,Introduction to Time Series Analysis.,02417,Time Series Analysis,Technical University of Denmark	Denmark
MATH,1,MATH545,MATH545
MATH,1,Introduction to Time Series Analysis.,Introduction to Time Series Analysis.
MATH,1,02417,02417
MATH,1,Time Series Analysis,Time Series Analysis
MATH,1,"MATH545


	
Introduction to Time Series Analysis.


	
ST304


	
Time Series and Forecasting


	University of London - London School of Economics and Political Science	England, UK",MATH545,Introduction to Time Series Analysis.,ST304,Time Series and Forecasting,"University of London - London School of Economics and Political Science	England, UK"
MATH,1,MATH545,MATH545
MATH,1,Introduction to Time Series Analysis.,Introduction to Time Series Analysis.
MATH,1,ST304,ST304
MATH,1,Time Series and Forecasting,Time Series and Forecasting
MATH,1,"MATH576


	
Geometry and Topology 1.


	
MA480


	
Topology and Geometry


	Shanghai Jiao Tong University	China",MATH576,Geometry and Topology 1.,MA480,Topology and Geometry,Shanghai Jiao Tong University	China
MATH,1,MATH576,MATH576
MATH,1,Geometry and Topology 1.,Geometry and Topology 1.
MATH,1,MA480,MA480
MATH,1,Topology and Geometry,Topology and Geometry
MATH,1,"MATH582


	
Algebraic Topology.


	
MATH0023


	
Algebraic Topology


	University College London (UCL) - University of London	England, UK",MATH582,Algebraic Topology.,MATH0023,Algebraic Topology,"University College London (UCL) - University of London	England, UK"
MATH,1,MATH582,MATH582
MATH,1,Algebraic Topology.,Algebraic Topology.
MATH,1,MATH0023,MATH0023
MATH,1,Algebraic Topology,Algebraic Topology
MATH,1,"MATH582


	
Algebraic Topology.


	
MATH10077


	
Algebraic Topology


	The University of Edinburgh	Scotland, UK",MATH582,Algebraic Topology.,MATH10077,Algebraic Topology,"The University of Edinburgh	Scotland, UK"
MATH,1,MATH582,MATH582
MATH,1,Algebraic Topology.,Algebraic Topology.
MATH,1,MATH10077,MATH10077
MATH,1,Algebraic Topology,Algebraic Topology
MATH,1,"MATHXXX


	
Mathematics & Statistics (Sci) XXX


	
BMET25A01


	
INTRODUCTION TO ECONOMETRICS WITH R


	Institut d'Études Politiques (Sciences Po) (ALL CAMPUSES)	France",MATHXXX,Mathematics & Statistics (Sci) XXX,BMET25A01,INTRODUCTION TO ECONOMETRICS WITH R,Institut d'Études Politiques (Sciences Po) (ALL CAMPUSES)	France
MATH,1,MATHXXX,MATHXXX
MATH,1,Mathematics & Statistics (Sci) XXX,Mathematics & Statistics (Sci) XXX
MATH,1,BMET25A01,BMET25A01
MATH,1,INTRODUCTION TO ECONOMETRICS WITH R,INTRODUCTION TO ECONOMETRICS WITH R
MATH,1,"MATHXXX


	
Mathematics & Statistics (Sci) XXX


	
MA102


	
College Algebra


	Massachusetts Bay Community College	USA",MATHXXX,Mathematics & Statistics (Sci) XXX,MA102,College Algebra,Massachusetts Bay Community College	USA
MATH,1,MATHXXX,MATHXXX
MATH,1,Mathematics & Statistics (Sci) XXX,Mathematics & Statistics (Sci) XXX
MATH,1,MA102,MA102
MATH,1,College Algebra,College Algebra
MATH,1,"MATHXXX


	
Mathematics & Statistics (Sci) XXX


	
MAC1105


	
College Algebra


	Lake-Sumter State College	USA",MATHXXX,Mathematics & Statistics (Sci) XXX,MAC1105,College Algebra,Lake-Sumter State College	USA
MATH,1,MATHXXX,MATHXXX
MATH,1,Mathematics & Statistics (Sci) XXX,Mathematics & Statistics (Sci) XXX
MATH,1,MAC1105,MAC1105
MATH,1,College Algebra,College Algebra
MATH,1,"MATHXXX


	
Mathematics & Statistics (Sci) XXX


	
MAC1114


	
Trigonometry


	Lake-Sumter State College	USA",MATHXXX,Mathematics & Statistics (Sci) XXX,MAC1114,Trigonometry,Lake-Sumter State College	USA
MATH,1,MATHXXX,MATHXXX
MATH,1,Mathematics & Statistics (Sci) XXX,Mathematics & Statistics (Sci) XXX
MATH,1,MAC1114,MAC1114
MATH,1,Trigonometry,Trigonometry
MATH,1,"MATHXXX


	
Mathematics & Statistics (Sci) XXX


	
MAC1140


	
Precalculus Algebra


	Lake-Sumter State College	USA",MATHXXX,Mathematics & Statistics (Sci) XXX,MAC1140,Precalculus Algebra,Lake-Sumter State College	USA
MATH,1,MATHXXX,MATHXXX
MATH,1,Mathematics & Statistics (Sci) XXX,Mathematics & Statistics (Sci) XXX
MATH,1,MAC1140,MAC1140
MATH,1,Precalculus Algebra,Precalculus Algebra
MATH,1,"MATHXXX


	
Mathematics & Statistics (Sci) XXX


	
MATH168


	
Introduction to Networks


	University of California - Los Angeles	USA",MATHXXX,Mathematics & Statistics (Sci) XXX,MATH168,Introduction to Networks,University of California - Los Angeles	USA
MATH,1,MATHXXX,MATHXXX
MATH,1,Mathematics & Statistics (Sci) XXX,Mathematics & Statistics (Sci) XXX
MATH,1,MATH168,MATH168
MATH,1,Introduction to Networks,Introduction to Networks
MATH,1,"MATHXXX


	
Mathematics & Statistics (Sci) XXX


	
QF1100


	
Introduction to Quantitative Finance


	National University of Singapore	Singapore",MATHXXX,Mathematics & Statistics (Sci) XXX,QF1100,Introduction to Quantitative Finance,National University of Singapore	Singapore
MATH,1,MATHXXX,MATHXXX
MATH,1,Mathematics & Statistics (Sci) XXX,Mathematics & Statistics (Sci) XXX
MATH,1,QF1100,QF1100
MATH,1,Introduction to Quantitative Finance,Introduction to Quantitative Finance
MATH,1,"New Search	
	Refine Search",New Search,Refine Search
MATH,1,"New Search	
	Refine Search",New Search,Refine Search
MGCR,1,"Legend:	
	  Equivalent
	
	  Not Equivalent
	
	  Expired",Legend:,Equivalent,Not Equivalent,Expired
MGCR,1,Equivalent,Equivalent
MGCR,1,Not Equivalent,Not Equivalent
MGCR,1,Expired,Expired
MGCR,1,"New Search	
	Refine Search",New Search,Refine Search
MGCR,1,"New Search	
	Refine Search",New Search,Refine Search
MGCR,1,"McGill University
	
External Institution",McGill University,External Institution
MGCR,1,"Course
	
Title
	
Course
	
Title
	
Institution
	
Country
	
Status",Course,Title,Course,Title,Institution,Country,Status
MGCR,1,"MGCR211


	
Introduction to Financial Accounting.


	
2223CC31013E


	
Financial accounting


	NEOMA Business School	France",MGCR211,Introduction to Financial Accounting.,2223CC31013E,Financial accounting,NEOMA Business School	France
MGCR,1,MGCR211,MGCR211
MGCR,1,Introduction to Financial Accounting.,Introduction to Financial Accounting.
MGCR,1,2223CC31013E,2223CC31013E
MGCR,1,Financial accounting,Financial accounting
MGCR,1,"MGCR211


	
Introduction to Financial Accounting.


	
ACCT1101


	
Introduction to Financial Accounting


	The University of Hong Kong (HKU)	Hong Kong, SAR",MGCR211,Introduction to Financial Accounting.,ACCT1101,Introduction to Financial Accounting,"The University of Hong Kong (HKU)	Hong Kong, SAR"
MGCR,1,MGCR211,MGCR211
MGCR,1,Introduction to Financial Accounting.,Introduction to Financial Accounting.
MGCR,1,ACCT1101,ACCT1101
MGCR,1,Introduction to Financial Accounting,Introduction to Financial Accounting
MGCR,1,"MGCR211


	
Introduction to Financial Accounting.


	
BU5101


	
Accounting: A User Perspective


	Nanyang Technological University	Singapore",MGCR211,Introduction to Financial Accounting.,BU5101,Accounting: A User Perspective,Nanyang Technological University	Singapore
MGCR,1,MGCR211,MGCR211
MGCR,1,Introduction to Financial Accounting.,Introduction to Financial Accounting.
MGCR,1,BU5101,BU5101
MGCR,1,Accounting: A User Perspective,Accounting: A User Perspective
MGCR,1,"MGCR211


	
Introduction to Financial Accounting.


	
CONTFIN1601E


	
Financial Accounting


	São Paulo Business School	Brazil",MGCR211,Introduction to Financial Accounting.,CONTFIN1601E,Financial Accounting,São Paulo Business School	Brazil
MGCR,1,MGCR211,MGCR211
MGCR,1,Introduction to Financial Accounting.,Introduction to Financial Accounting.
MGCR,1,CONTFIN1601E,CONTFIN1601E
MGCR,1,Financial Accounting,Financial Accounting
MGCR,1,"MGCR211


	
Introduction to Financial Accounting.


	
E2800290


	
Financial Accounting Application


	Peking University	China",MGCR211,Introduction to Financial Accounting.,E2800290,Financial Accounting Application,Peking University	China
MGCR,1,MGCR211,MGCR211
MGCR,1,Introduction to Financial Accounting.,Introduction to Financial Accounting.
MGCR,1,E2800290,E2800290
MGCR,1,Financial Accounting Application,Financial Accounting Application
MGCR,1,"MGCR211


	
Introduction to Financial Accounting.


	
ISC204


	
Principles of Financial Accounting


	Korea University	South Korea",MGCR211,Introduction to Financial Accounting.,ISC204,Principles of Financial Accounting,Korea University	South Korea
MGCR,1,MGCR211,MGCR211
MGCR,1,Introduction to Financial Accounting.,Introduction to Financial Accounting.
MGCR,1,ISC204,ISC204
MGCR,1,Principles of Financial Accounting,Principles of Financial Accounting
MGCR,1,"MGCR211


	
Introduction to Financial Accounting.


	
MSIN0004


	
Accounting for Business


	University College London (UCL) - University of London	England, UK",MGCR211,Introduction to Financial Accounting.,MSIN0004,Accounting for Business,"University College London (UCL) - University of London	England, UK"
MGCR,1,MGCR211,MGCR211
MGCR,1,Introduction to Financial Accounting.,Introduction to Financial Accounting.
MGCR,1,MSIN0004,MSIN0004
MGCR,1,Accounting for Business,Accounting for Business
MGCR,1,"MGCR222


	
Intro to Org Behaviour


	
BUSI2101


	
Intro to Organizational Behaviour


	Carleton University	Canada",MGCR222,Intro to Org Behaviour,BUSI2101,Intro to Organizational Behaviour,Carleton University	Canada
MGCR,1,MGCR222,MGCR222
MGCR,1,Intro to Org Behaviour,Intro to Org Behaviour
MGCR,1,BUSI2101,BUSI2101
MGCR,1,Intro to Organizational Behaviour,Intro to Organizational Behaviour
MGCR,1,"MGCR222


	
Introduction to Organizational Behaviour.


	
30008


	
FUNDAMENTALS OF ORGANIZATION


	Luigi Bocconi University	Italy",MGCR222,Introduction to Organizational Behaviour.,30008,FUNDAMENTALS OF ORGANIZATION,Luigi Bocconi University	Italy
MGCR,1,MGCR222,MGCR222
MGCR,1,Introduction to Organizational Behaviour.,Introduction to Organizational Behaviour.
MGCR,1,30008,30008
MGCR,1,FUNDAMENTALS OF ORGANIZATION,FUNDAMENTALS OF ORGANIZATION
MGCR,1,"MGCR222


	
Introduction to Organizational Behaviour.


	
30153


	
ORGANIZATION THEORY


	Luigi Bocconi University	Italy",MGCR222,Introduction to Organizational Behaviour.,30153,ORGANIZATION THEORY,Luigi Bocconi University	Italy
MGCR,1,MGCR222,MGCR222
MGCR,1,Introduction to Organizational Behaviour.,Introduction to Organizational Behaviour.
MGCR,1,30153,30153
MGCR,1,ORGANIZATION THEORY,ORGANIZATION THEORY
MGCR,1,"MGCR222


	
Introduction to Organizational Behaviour.


	
6109


	
Introduction to Supply Chain Management


	University of St. Gallen/Graduate School of Business, Economics, Law and Social Sciences	Switzerland",MGCR222,Introduction to Organizational Behaviour.,6109,Introduction to Supply Chain Management,"University of St. Gallen/Graduate School of Business, Economics, Law and Social Sciences	Switzerland"
MGCR,1,MGCR222,MGCR222
MGCR,1,Introduction to Organizational Behaviour.,Introduction to Organizational Behaviour.
MGCR,1,6109,6109
MGCR,1,Introduction to Supply Chain Management,Introduction to Supply Chain Management
MGCR,1,"MGCR222


	
Introduction to Organizational Behaviour.


	
6131


	
Organizational Behavior


	University of St. Gallen/Graduate School of Business, Economics, Law and Social Sciences	Switzerland",MGCR222,Introduction to Organizational Behaviour.,6131,Organizational Behavior,"University of St. Gallen/Graduate School of Business, Economics, Law and Social Sciences	Switzerland"
MGCR,1,MGCR222,MGCR222
MGCR,1,Introduction to Organizational Behaviour.,Introduction to Organizational Behaviour.
MGCR,1,6131,6131
MGCR,1,Organizational Behavior,Organizational Behavior
MGCR,1,"MGCR222


	
Introduction to Organizational Behaviour.


	
APSS331


	
Management in Human Services


	The Hong Kong Polytechnic University	Hong Kong, SAR",MGCR222,Introduction to Organizational Behaviour.,APSS331,Management in Human Services,"The Hong Kong Polytechnic University	Hong Kong, SAR"
MGCR,1,MGCR222,MGCR222
MGCR,1,Introduction to Organizational Behaviour.,Introduction to Organizational Behaviour.
MGCR,1,APSS331,APSS331
MGCR,1,Management in Human Services,Management in Human Services
MGCR,1,"MGCR222


	
Introduction to Organizational Behaviour.


	
BUS203


	
Organizational Behavior


	University of the Fraser Valley	Canada",MGCR222,Introduction to Organizational Behaviour.,BUS203,Organizational Behavior,University of the Fraser Valley	Canada
MGCR,1,MGCR222,MGCR222
MGCR,1,Introduction to Organizational Behaviour.,Introduction to Organizational Behaviour.
MGCR,1,BUS203,BUS203
MGCR,1,Organizational Behavior,Organizational Behavior
MGCR,1,"MGCR222


	
Introduction to Organizational Behaviour.


	
EXSS221


	
INTRODUCTION TO SPORT ADMINISTRATION


	University of North Carolina at Chapel Hill	USA",MGCR222,Introduction to Organizational Behaviour.,EXSS221,INTRODUCTION TO SPORT ADMINISTRATION,University of North Carolina at Chapel Hill	USA
MGCR,1,MGCR222,MGCR222
MGCR,1,Introduction to Organizational Behaviour.,Introduction to Organizational Behaviour.
MGCR,1,EXSS221,EXSS221
MGCR,1,INTRODUCTION TO SPORT ADMINISTRATION,INTRODUCTION TO SPORT ADMINISTRATION
MGCR,1,"MGCR222


	
Introduction to Organizational Behaviour.


	
LNI3022


	
Cross Cultural Management


	University of the Americas Puebla (UDLAP)	Mexico",MGCR222,Introduction to Organizational Behaviour.,LNI3022,Cross Cultural Management,University of the Americas Puebla (UDLAP)	Mexico
MGCR,1,MGCR222,MGCR222
MGCR,1,Introduction to Organizational Behaviour.,Introduction to Organizational Behaviour.
MGCR,1,LNI3022,LNI3022
MGCR,1,Cross Cultural Management,Cross Cultural Management
MGCR,1,"MGCR222


	
Introduction to Organizational Behaviour.


	
MGT41501


	
Principles of Management


	University of Gibraltar	Gibraltar",MGCR222,Introduction to Organizational Behaviour.,MGT41501,Principles of Management,University of Gibraltar	Gibraltar
MGCR,1,MGCR222,MGCR222
MGCR,1,Introduction to Organizational Behaviour.,Introduction to Organizational Behaviour.
MGCR,1,MGT41501,MGT41501
MGCR,1,Principles of Management,Principles of Management
MGCR,1,"MGCR222


	
Introduction to Organizational Behaviour.


	
MNO1706


	
Organisational Behaviour


	National University of Singapore	Singapore",MGCR222,Introduction to Organizational Behaviour.,MNO1706,Organisational Behaviour,National University of Singapore	Singapore
MGCR,1,MGCR222,MGCR222
MGCR,1,Introduction to Organizational Behaviour.,Introduction to Organizational Behaviour.
MGCR,1,MNO1706,MNO1706
MGCR,1,Organisational Behaviour,Organisational Behaviour
MGCR,1,"MGCR222


	
Introduction to Organizational Behaviour.


	
OBHR317


	
Organizational Behaviour


	University of Calgary	Canada",MGCR222,Introduction to Organizational Behaviour.,OBHR317,Organizational Behaviour,University of Calgary	Canada
MGCR,1,MGCR222,MGCR222
MGCR,1,Introduction to Organizational Behaviour.,Introduction to Organizational Behaviour.
MGCR,1,OBHR317,OBHR317
MGCR,1,Organizational Behaviour,Organizational Behaviour
MGCR,1,"MGCR222


	
Introduction to Organizational Behaviour.


	
RSM260


	
Organizational Behaviour


	University of Toronto	Canada",MGCR222,Introduction to Organizational Behaviour.,RSM260,Organizational Behaviour,University of Toronto	Canada
MGCR,1,MGCR222,MGCR222
MGCR,1,Introduction to Organizational Behaviour.,Introduction to Organizational Behaviour.
MGCR,1,RSM260,RSM260
MGCR,1,Organizational Behaviour,Organizational Behaviour
MGCR,1,"MGCR271


	
Business Statistics.


	
2223MQ31005E


	
introduction to business statistics


	NEOMA Business School	France",MGCR271,Business Statistics.,2223MQ31005E,introduction to business statistics,NEOMA Business School	France
MGCR,1,MGCR271,MGCR271
MGCR,1,Business Statistics.,Business Statistics.
MGCR,1,2223MQ31005E,2223MQ31005E
MGCR,1,introduction to business statistics,introduction to business statistics
MGCR,1,"MGCR271


	
Business Statistics.


	
BUS226


	
Economic and Business Statistics


	University of the Fraser Valley	Canada",MGCR271,Business Statistics.,BUS226,Economic and Business Statistics,University of the Fraser Valley	Canada
MGCR,1,MGCR271,MGCR271
MGCR,1,Business Statistics.,Business Statistics.
MGCR,1,BUS226,BUS226
MGCR,1,Economic and Business Statistics,Economic and Business Statistics
MGCR,1,"MGCR331


	
Information Technology Management .


	
BADM201


	
Business Information Systems


	Capilano University	Canada",MGCR331,Information Technology Management .,BADM201,Business Information Systems,Capilano University	Canada
MGCR,1,MGCR331,MGCR331
MGCR,1,Information Technology Management .,Information Technology Management .
MGCR,1,BADM201,BADM201
MGCR,1,Business Information Systems,Business Information Systems
MGCR,1,"MGCR331


	
Information Technology Management .


	
BISY90009


	
Managing Information Technology


	University of Melbourne	Australia",MGCR331,Information Technology Management .,BISY90009,Managing Information Technology,University of Melbourne	Australia
MGCR,1,MGCR331,MGCR331
MGCR,1,Information Technology Management .,Information Technology Management .
MGCR,1,BISY90009,BISY90009
MGCR,1,Managing Information Technology,Managing Information Technology
MGCR,1,"MGCR341


	
Introduction to Finance.


	
1203


	
ADMI


	University of the Andes	Colombia",MGCR341,Introduction to Finance.,1203,ADMI,University of the Andes	Colombia
MGCR,1,MGCR341,MGCR341
MGCR,1,Introduction to Finance.,Introduction to Finance.
MGCR,1,1203,1203
MGCR,1,ADMI,ADMI
MGCR,1,"MGCR341


	
Introduction to Finance.


	
BO694


	
Principle of Finance and Exercises


	University of Lausanne	Switzerland",MGCR341,Introduction to Finance.,BO694,Principle of Finance and Exercises,University of Lausanne	Switzerland
MGCR,1,MGCR341,MGCR341
MGCR,1,Introduction to Finance.,Introduction to Finance.
MGCR,1,BO694,BO694
MGCR,1,Principle of Finance and Exercises,Principle of Finance and Exercises
MGCR,1,"MGCR341


	
Introduction to Finance.


	
BUSI2501


	
Business Finance


	Carleton University	Canada",MGCR341,Introduction to Finance.,BUSI2501,Business Finance,Carleton University	Canada
MGCR,1,MGCR341,MGCR341
MGCR,1,Introduction to Finance.,Introduction to Finance.
MGCR,1,BUSI2501,BUSI2501
MGCR,1,Business Finance,Business Finance
MGCR,1,"MGCR341


	
Introduction to Finance.


	
FIN2704X


	
Finance


	National University of Singapore	Singapore",MGCR341,Introduction to Finance.,FIN2704X,Finance,National University of Singapore	Singapore
MGCR,1,MGCR341,MGCR341
MGCR,1,Introduction to Finance.,Introduction to Finance.
MGCR,1,FIN2704X,FIN2704X
MGCR,1,Finance,Finance
MGCR,1,"MGCR341


	
Introduction to Finance.


	
FINS2615


	
Intermediate Business Finance


	University of New South Wales (UNSW)	Australia",MGCR341,Introduction to Finance.,FINS2615,Intermediate Business Finance,University of New South Wales (UNSW)	Australia
MGCR,1,MGCR341,MGCR341
MGCR,1,Introduction to Finance.,Introduction to Finance.
MGCR,1,FINS2615,FINS2615
MGCR,1,Intermediate Business Finance,Intermediate Business Finance
MGCR,1,"MGCR341


	
Introduction to Finance.


	
FM212


	
Principles of Finance


	University of London - London School of Economics and Political Science	England, UK",MGCR341,Introduction to Finance.,FM212,Principles of Finance,"University of London - London School of Economics and Political Science	England, UK"
MGCR,1,MGCR341,MGCR341
MGCR,1,Introduction to Finance.,Introduction to Finance.
MGCR,1,FM212,FM212
MGCR,1,Principles of Finance,Principles of Finance
MGCR,1,"MGCR341


	
Introduction to Finance.


	
MGT1026


	
Foundations of Finance


	The University of Glasgow	Scotland, UK",MGCR341,Introduction to Finance.,MGT1026,Foundations of Finance,"The University of Glasgow	Scotland, UK"
MGCR,1,MGCR341,MGCR341
MGCR,1,Introduction to Finance.,Introduction to Finance.
MGCR,1,MGT1026,MGT1026
MGCR,1,Foundations of Finance,Foundations of Finance
MGCR,1,"MGCR352


	
Principles of Marketing.


	
0000005829


	
Introduction to Marketing


	Comillas Pontifical University	Spain",MGCR352,Principles of Marketing.,0000005829,Introduction to Marketing,Comillas Pontifical University	Spain
MGCR,1,MGCR352,MGCR352
MGCR,1,Principles of Marketing.,Principles of Marketing.
MGCR,1,0000005829,0000005829
MGCR,1,Introduction to Marketing,Introduction to Marketing
MGCR,1,"MGCR352


	
Principles of Marketing.


	
ADMI2301


	
Fundamentos de Mercadeo


	University of the Andes	Colombia",MGCR352,Principles of Marketing.,ADMI2301,Fundamentos de Mercadeo,University of the Andes	Colombia
MGCR,1,MGCR352,MGCR352
MGCR,1,Principles of Marketing.,Principles of Marketing.
MGCR,1,ADMI2301,ADMI2301
MGCR,1,Fundamentos de Mercadeo,Fundamentos de Mercadeo
MGCR,1,"MGCR352


	
Principles of Marketing.


	
BU311


	
Marketing Management


	Shanghai Jiao Tong University	China",MGCR352,Principles of Marketing.,BU311,Marketing Management,Shanghai Jiao Tong University	China
MGCR,1,MGCR352,MGCR352
MGCR,1,Principles of Marketing.,Principles of Marketing.
MGCR,1,BU311,BU311
MGCR,1,Marketing Management,Marketing Management
MGCR,1,"MGCR352


	
Principles of Marketing.


	
BUSI2208


	
Introduction to Marketing


	Carleton University	Canada",MGCR352,Principles of Marketing.,BUSI2208,Introduction to Marketing,Carleton University	Canada
MGCR,1,MGCR352,MGCR352
MGCR,1,Principles of Marketing.,Principles of Marketing.
MGCR,1,BUSI2208,BUSI2208
MGCR,1,Introduction to Marketing,Introduction to Marketing
MGCR,1,"MGCR352


	
Principles of Marketing.


	
DDRO25A84


	
Introductory Perspectives in Fashion Law: Topics of ethics, sustainability and labour


	Institut d'Études Politiques (Sciences Po) (ALL CAMPUSES)	France",MGCR352,Principles of Marketing.,DDRO25A84,"Introductory Perspectives in Fashion Law: Topics of ethics, sustainability and labour",Institut d'Études Politiques (Sciences Po) (ALL CAMPUSES)	France
MGCR,1,MGCR352,MGCR352
MGCR,1,Principles of Marketing.,Principles of Marketing.
MGCR,1,DDRO25A84,DDRO25A84
MGCR,1,"Introductory Perspectives in Fashion Law: Topics of ethics, sustainability and labour","Introductory Perspectives in Fashion Law: Topics of ethics, sustainability and labour"
MGCR,1,"MGCR352


	
Principles of Marketing.


	
E000006966


	
Marketing, Reputation and Branding


	Comillas Pontifical University	Spain",MGCR352,Principles of Marketing.,E000006966,"Marketing, Reputation and Branding",Comillas Pontifical University	Spain
MGCR,1,MGCR352,MGCR352
MGCR,1,Principles of Marketing.,Principles of Marketing.
MGCR,1,E000006966,E000006966
MGCR,1,"Marketing, Reputation and Branding","Marketing, Reputation and Branding"
MGCR,1,"MGCR352


	
Principles of Marketing.


	
IEE2060


	
Principles of Marketing


	Yonsei University	South Korea",MGCR352,Principles of Marketing.,IEE2060,Principles of Marketing,Yonsei University	South Korea
MGCR,1,MGCR352,MGCR352
MGCR,1,Principles of Marketing.,Principles of Marketing.
MGCR,1,IEE2060,IEE2060
MGCR,1,Principles of Marketing,Principles of Marketing
MGCR,1,"MGCR352


	
Principles of Marketing.


	
LUBS2160


	
Principles of Marketing


	University of Leeds	England, UK",MGCR352,Principles of Marketing.,LUBS2160,Principles of Marketing,"University of Leeds	England, UK"
MGCR,1,MGCR352,MGCR352
MGCR,1,Principles of Marketing.,Principles of Marketing.
MGCR,1,LUBS2160,LUBS2160
MGCR,1,Principles of Marketing,Principles of Marketing
MGCR,1,"MGCR352


	
Principles of Marketing.


	
MARKETING1


	
Marketing et Négociation


	Université Paris-Est Créteil Val de Marne (UPEC)(Post2010)	France",MGCR352,Principles of Marketing.,MARKETING1,Marketing et Négociation,Université Paris-Est Créteil Val de Marne (UPEC)(Post2010)	France
MGCR,1,MGCR352,MGCR352
MGCR,1,Principles of Marketing.,Principles of Marketing.
MGCR,1,MARKETING1,MARKETING1
MGCR,1,Marketing et Négociation,Marketing et Négociation
MGCR,1,"MGCR352


	
Principles of Marketing.


	
MKGT2501


	
Introduction to Marketing


	The University of Hong Kong (HKU)	Hong Kong, SAR",MGCR352,Principles of Marketing.,MKGT2501,Introduction to Marketing,"The University of Hong Kong (HKU)	Hong Kong, SAR"
MGCR,1,MGCR352,MGCR352
MGCR,1,Principles of Marketing.,Principles of Marketing.
MGCR,1,MKGT2501,MKGT2501
MGCR,1,Introduction to Marketing,Introduction to Marketing
MGCR,1,"MGCR352


	
Principles of Marketing.


	
MKT1705


	
Principles of Marketing


	National University of Singapore	Singapore",MGCR352,Principles of Marketing.,MKT1705,Principles of Marketing,National University of Singapore	Singapore
MGCR,1,MGCR352,MGCR352
MGCR,1,Principles of Marketing.,Principles of Marketing.
MGCR,1,MKT1705,MKT1705
MGCR,1,Principles of Marketing,Principles of Marketing
MGCR,1,"MGCR352


	
Principles of Marketing.


	
MKTG2010


	
Marketing Management


	The Chinese University of Hong Kong	Hong Kong, SAR",MGCR352,Principles of Marketing.,MKTG2010,Marketing Management,"The Chinese University of Hong Kong	Hong Kong, SAR"
MGCR,1,MGCR352,MGCR352
MGCR,1,Principles of Marketing.,Principles of Marketing.
MGCR,1,MKTG2010,MKTG2010
MGCR,1,Marketing Management,Marketing Management
MGCR,1,"MGCR372


	
Operations Management.


	
02830240


	
Operations Management


	Peking University	China",MGCR372,Operations Management.,02830240,Operations Management,Peking University	China
MGCR,1,MGCR372,MGCR372
MGCR,1,Operations Management.,Operations Management.
MGCR,1,02830240,02830240
MGCR,1,Operations Management,Operations Management
MGCR,1,"MGCR372


	
Operations Management.


	
22BO0109


	
Introduction to Operations Management


	University of Zurich	Switzerland",MGCR372,Operations Management.,22BO0109,Introduction to Operations Management,University of Zurich	Switzerland
MGCR,1,MGCR372,MGCR372
MGCR,1,Operations Management.,Operations Management.
MGCR,1,22BO0109,22BO0109
MGCR,1,Introduction to Operations Management,Introduction to Operations Management
MGCR,1,"MGCR372


	
Operations Management.


	
2403


	
Operaciones y Logistica


	University of the Andes	Colombia",MGCR372,Operations Management.,2403,Operaciones y Logistica,University of the Andes	Colombia
MGCR,1,MGCR372,MGCR372
MGCR,1,Operations Management.,Operations Management.
MGCR,1,2403,2403
MGCR,1,Operaciones y Logistica,Operaciones y Logistica
MGCR,1,"MGCR372


	
Operations Management.


	
BE1402


	
BUS OPERATIONS & PROCESS


	Nanyang Technological University	Singapore",MGCR372,Operations Management.,BE1402,BUS OPERATIONS & PROCESS,Nanyang Technological University	Singapore
MGCR,1,MGCR372,MGCR372
MGCR,1,Operations Management.,Operations Management.
MGCR,1,BE1402,BE1402
MGCR,1,BUS OPERATIONS & PROCESS,BUS OPERATIONS & PROCESS
MGCR,1,"MGCR372


	
Operations Management.


	
BUSI2301


	
Introduction to Supply and Operations Management


	Carleton University	Canada",MGCR372,Operations Management.,BUSI2301,Introduction to Supply and Operations Management,Carleton University	Canada
MGCR,1,MGCR372,MGCR372
MGCR,1,Operations Management.,Operations Management.
MGCR,1,BUSI2301,BUSI2301
MGCR,1,Introduction to Supply and Operations Management,Introduction to Supply and Operations Management
MGCR,1,"MGCR372


	
Operations Management.


	
EFIM30014


	
Operations Management


	University of Bristol	England, UK",MGCR372,Operations Management.,EFIM30014,Operations Management,"University of Bristol	England, UK"
MGCR,1,MGCR372,MGCR372
MGCR,1,Operations Management.,Operations Management.
MGCR,1,EFIM30014,EFIM30014
MGCR,1,Operations Management,Operations Management
MGCR,1,"MGCR372


	
Operations Management.


	
LUBS2901


	
Managing Operations, Supply Chains and Digital Technologies


	University of Leeds	England, UK",MGCR372,Operations Management.,LUBS2901,"Managing Operations, Supply Chains and Digital Technologies","University of Leeds	England, UK"
MGCR,1,MGCR372,MGCR372
MGCR,1,Operations Management.,Operations Management.
MGCR,1,LUBS2901,LUBS2901
MGCR,1,"Managing Operations, Supply Chains and Digital Technologies","Managing Operations, Supply Chains and Digital Technologies"
MGCR,1,"MGCR372


	
Operations Management.


	
MSCI3310


	
Operations Management I


	University of Windsor	Canada",MGCR372,Operations Management.,MSCI3310,Operations Management I,University of Windsor	Canada
MGCR,1,MGCR372,MGCR372
MGCR,1,Operations Management.,Operations Management.
MGCR,1,MSCI3310,MSCI3310
MGCR,1,Operations Management I,Operations Management I
MGCR,1,"MGCR372


	
Operations Management.


	
OPERATIONS


	
Operations Management


	Catolica-Lisbon School of Business and Education	Portugal",MGCR372,Operations Management.,OPERATIONS,Operations Management,Catolica-Lisbon School of Business and Education	Portugal
MGCR,1,MGCR372,MGCR372
MGCR,1,Operations Management.,Operations Management.
MGCR,1,OPERATIONS,OPERATIONS
MGCR,1,Operations Management,Operations Management
MGCR,1,"MGCR372


	
Operations Management.


	
OPMA317


	
Fundamentals of Operations and Supply Chain Management


	University of Calgary	Canada",MGCR372,Operations Management.,OPMA317,Fundamentals of Operations and Supply Chain Management,University of Calgary	Canada
MGCR,1,MGCR372,MGCR372
MGCR,1,Operations Management.,Operations Management.
MGCR,1,OPMA317,OPMA317
MGCR,1,Fundamentals of Operations and Supply Chain Management,Fundamentals of Operations and Supply Chain Management
MGCR,1,"MGCR372


	
Operations Management.


	
SUPPLYCHAINMANAGEMENT


	
SUPPLY CHAIN MANAGEMENT


	IE University - Madrid	Spain",MGCR372,Operations Management.,SUPPLYCHAINMANAGEMENT,SUPPLY CHAIN MANAGEMENT,IE University - Madrid	Spain
MGCR,1,MGCR372,MGCR372
MGCR,1,Operations Management.,Operations Management.
MGCR,1,SUPPLYCHAINMANAGEMENT,SUPPLYCHAINMANAGEMENT
MGCR,1,SUPPLY CHAIN MANAGEMENT,SUPPLY CHAIN MANAGEMENT
MGCR,1,"MGCR382


	
International Business.


	
0000002594


	
International Business


	Comillas Pontifical University	Spain",MGCR382,International Business.,0000002594,International Business,Comillas Pontifical University	Spain
MGCR,1,MGCR382,MGCR382
MGCR,1,International Business.,International Business.
MGCR,1,0000002594,0000002594
MGCR,1,International Business,International Business
MGCR,1,"MGCR382


	
International Business.


	
2602371


	
Principles of International Business Management


	Chulalongkorn University	Thailand",MGCR382,International Business.,2602371,Principles of International Business Management,Chulalongkorn University	Thailand
MGCR,1,MGCR382,MGCR382
MGCR,1,International Business.,International Business.
MGCR,1,2602371,2602371
MGCR,1,Principles of International Business Management,Principles of International Business Management
MGCR,1,"MGCR382


	
International Business.


	
BMGT30280


	
Ireland's International Business Environment


	University College Dublin	Ireland",MGCR382,International Business.,BMGT30280,Ireland's International Business Environment,University College Dublin	Ireland
MGCR,1,MGCR382,MGCR382
MGCR,1,International Business.,International Business.
MGCR,1,BMGT30280,BMGT30280
MGCR,1,Ireland's International Business Environment,Ireland's International Business Environment
MGCR,1,"MGCR382


	
International Business.


	
BUSI2703


	
Introduction to International Business


	Carleton University	Canada",MGCR382,International Business.,BUSI2703,Introduction to International Business,Carleton University	Canada
MGCR,1,MGCR382,MGCR382
MGCR,1,International Business.,International Business.
MGCR,1,BUSI2703,BUSI2703
MGCR,1,Introduction to International Business,Introduction to International Business
MGCR,1,"MGCR382


	
International Business.


	
BUSS6226


	
International Business Management


	Shanghai Jiao Tong University	China",MGCR382,International Business.,BUSS6226,International Business Management,Shanghai Jiao Tong University	China
MGCR,1,MGCR382,MGCR382
MGCR,1,International Business.,International Business.
MGCR,1,BUSS6226,BUSS6226
MGCR,1,International Business Management,International Business Management
MGCR,1,"MGCR382


	
International Business.


	
SA2007E


	
International Business


	Autonomous University of Barcelona	Spain",MGCR382,International Business.,SA2007E,International Business,Autonomous University of Barcelona	Spain
MGCR,1,MGCR382,MGCR382
MGCR,1,International Business.,International Business.
MGCR,1,SA2007E,SA2007E
MGCR,1,International Business,International Business
MGCR,1,"MGCR423


	
Strategic Management.


	
009485


	
Supply Chain Management - SCM


	Escuela Sup Admin Dir Empresas	Spain",MGCR423,Strategic Management.,009485,Supply Chain Management - SCM,Escuela Sup Admin Dir Empresas	Spain
MGCR,1,MGCR423,MGCR423
MGCR,1,Strategic Management.,Strategic Management.
MGCR,1,009485,009485
MGCR,1,Supply Chain Management - SCM,Supply Chain Management - SCM
MGCR,1,"MGCR423


	
Strategic Management.


	
0IBUSX09


	
Corporate Strategy


	Université de Paris Dauphine	France",MGCR423,Strategic Management.,0IBUSX09,Corporate Strategy,Université de Paris Dauphine	France
MGCR,1,MGCR423,MGCR423
MGCR,1,Strategic Management.,Strategic Management.
MGCR,1,0IBUSX09,0IBUSX09
MGCR,1,Corporate Strategy,Corporate Strategy
MGCR,1,"MGCR423


	
Strategic Management.


	
30458


	
STRATEGIC DECISION MAKING AND MARKETS


	Luigi Bocconi University	Italy",MGCR423,Strategic Management.,30458,STRATEGIC DECISION MAKING AND MARKETS,Luigi Bocconi University	Italy
MGCR,1,MGCR423,MGCR423
MGCR,1,Strategic Management.,Strategic Management.
MGCR,1,30458,30458
MGCR,1,STRATEGIC DECISION MAKING AND MARKETS,STRATEGIC DECISION MAKING AND MARKETS
MGCR,1,"MGCR423


	
Strategic Management.


	
30510992


	
Strategic Management


	Tsinghua University	China",MGCR423,Strategic Management.,30510992,Strategic Management,Tsinghua University	China
MGCR,1,MGCR423,MGCR423
MGCR,1,Strategic Management.,Strategic Management.
MGCR,1,30510992,30510992
MGCR,1,Strategic Management,Strategic Management
MGCR,1,"MGCR423


	
Strategic Management.


	
5134


	
Internation stategic leadership


	University of St. Gallen/Graduate School of Business, Economics, Law and Social Sciences	Switzerland",MGCR423,Strategic Management.,5134,Internation stategic leadership,"University of St. Gallen/Graduate School of Business, Economics, Law and Social Sciences	Switzerland"
MGCR,1,MGCR423,MGCR423
MGCR,1,Strategic Management.,Strategic Management.
MGCR,1,5134,5134
MGCR,1,Internation stategic leadership,Internation stategic leadership
MGCR,1,"MGCR423


	
Strategic Management.


	
6013B0508Y


	
Management and Leadership in the Digital Age


	University of Amsterdam	Netherlands",MGCR423,Strategic Management.,6013B0508Y,Management and Leadership in the Digital Age,University of Amsterdam	Netherlands
MGCR,1,MGCR423,MGCR423
MGCR,1,Strategic Management.,Strategic Management.
MGCR,1,6013B0508Y,6013B0508Y
MGCR,1,Management and Leadership in the Digital Age,Management and Leadership in the Digital Age
MGCR,1,"MGCR423


	
Strategic Management.


	
ADMI3502


	
Strategy


	University of the Andes	Colombia",MGCR423,Strategic Management.,ADMI3502,Strategy,University of the Andes	Colombia
MGCR,1,MGCR423,MGCR423
MGCR,1,Strategic Management.,Strategic Management.
MGCR,1,ADMI3502,ADMI3502
MGCR,1,Strategy,Strategy
MGCR,1,"MGCR423


	
Strategic Management.


	
AIBE3130


	
Strategic Management


	Sophia University	Japan",MGCR423,Strategic Management.,AIBE3130,Strategic Management,Sophia University	Japan
MGCR,1,MGCR423,MGCR423
MGCR,1,Strategic Management.,Strategic Management.
MGCR,1,AIBE3130,AIBE3130
MGCR,1,Strategic Management,Strategic Management
MGCR,1,"MGCR423


	
Strategic Management.


	
AMES25A00


	
PERSPECTIVES IN ECONOMICS AND SOCIOLOGY: ISSUES OF MIGRATION, DISCRIMINATION, JUSTICE AND RELIGION


	Institut d'Études Politiques (Sciences Po) (ALL CAMPUSES)	France",MGCR423,Strategic Management.,AMES25A00,"PERSPECTIVES IN ECONOMICS AND SOCIOLOGY: ISSUES OF MIGRATION, DISCRIMINATION, JUSTICE AND RELIGION",Institut d'Études Politiques (Sciences Po) (ALL CAMPUSES)	France
MGCR,1,MGCR423,MGCR423
MGCR,1,Strategic Management.,Strategic Management.
MGCR,1,AMES25A00,AMES25A00
MGCR,1,"PERSPECTIVES IN ECONOMICS AND SOCIOLOGY: ISSUES OF MIGRATION, DISCRIMINATION, JUSTICE AND RELIGION","PERSPECTIVES IN ECONOMICS AND SOCIOLOGY: ISSUES OF MIGRATION, DISCRIMINATION, JUSTICE AND RELIGION"
MGCR,1,"MGCR423


	
Strategic Management.


	
BIZ3147


	
STRATEGIC MANAGEMENT


	Yonsei University	South Korea",MGCR423,Strategic Management.,BIZ3147,STRATEGIC MANAGEMENT,Yonsei University	South Korea
MGCR,1,MGCR423,MGCR423
MGCR,1,Strategic Management.,Strategic Management.
MGCR,1,BIZ3147,BIZ3147
MGCR,1,STRATEGIC MANAGEMENT,STRATEGIC MANAGEMENT
MGCR,1,"MGCR423


	
Strategic Management.


	
BUST10104


	
International Strategic Management in Practice


	The University of Edinburgh	Scotland, UK",MGCR423,Strategic Management.,BUST10104,International Strategic Management in Practice,"The University of Edinburgh	Scotland, UK"
MGCR,1,MGCR423,MGCR423
MGCR,1,Strategic Management.,Strategic Management.
MGCR,1,BUST10104,BUST10104
MGCR,1,International Strategic Management in Practice,International Strategic Management in Practice
MGCR,1,"MGCR423


	
Strategic Management.


	
CIB3002


	
Strategic Management


	University of Malaya	Malaysia",MGCR423,Strategic Management.,CIB3002,Strategic Management,University of Malaya	Malaysia
MGCR,1,MGCR423,MGCR423
MGCR,1,Strategic Management.,Strategic Management.
MGCR,1,CIB3002,CIB3002
MGCR,1,Strategic Management,Strategic Management
MGCR,1,"MGCR423


	
Strategic Management.


	
E000006893


	
Estrategias Empresariales/Business Strategies


	Comillas Pontifical University	Spain",MGCR423,Strategic Management.,E000006893,Estrategias Empresariales/Business Strategies,Comillas Pontifical University	Spain
MGCR,1,MGCR423,MGCR423
MGCR,1,Strategic Management.,Strategic Management.
MGCR,1,E000006893,E000006893
MGCR,1,Estrategias Empresariales/Business Strategies,Estrategias Empresariales/Business Strategies
MGCR,1,"MGCR423


	
Strategic Management.


	
EAA2410


	
ESTRATEGIA DE LA ORGANIZACION


	Catholic University of Chile	Chile",MGCR423,Strategic Management.,EAA2410,ESTRATEGIA DE LA ORGANIZACION,Catholic University of Chile	Chile
MGCR,1,MGCR423,MGCR423
MGCR,1,Strategic Management.,Strategic Management.
MGCR,1,EAA2410,EAA2410
MGCR,1,ESTRATEGIA DE LA ORGANIZACION,ESTRATEGIA DE LA ORGANIZACION
MGCR,1,"MGCR423


	
Strategic Management.


	
EM023M01B1


	
Strategic Analysis


	University of Strasbourg	France",MGCR423,Strategic Management.,EM023M01B1,Strategic Analysis,University of Strasbourg	France
MGCR,1,MGCR423,MGCR423
MGCR,1,Strategic Management.,Strategic Management.
MGCR,1,EM023M01B1,EM023M01B1
MGCR,1,Strategic Analysis,Strategic Analysis
MGCR,1,"MGCR423


	
Strategic Management.


	
LUBS3070


	
STRATEGIC MANAGEMENT


	University of Leeds	England, UK",MGCR423,Strategic Management.,LUBS3070,STRATEGIC MANAGEMENT,"University of Leeds	England, UK"
MGCR,1,MGCR423,MGCR423
MGCR,1,Strategic Management.,Strategic Management.
MGCR,1,LUBS3070,LUBS3070
MGCR,1,STRATEGIC MANAGEMENT,STRATEGIC MANAGEMENT
MGCR,1,"MGCR423


	
Strategic Management.


	
MGMT102


	
Strategy


	Singapore Management University	Singapore",MGCR423,Strategic Management.,MGMT102,Strategy,Singapore Management University	Singapore
MGCR,1,MGCR423,MGCR423
MGCR,1,Strategic Management.,Strategic Management.
MGCR,1,MGMT102,MGMT102
MGCR,1,Strategy,Strategy
MGCR,1,"MGCR423


	
Strategic Management.


	
MGMT90146


	
Strategic Management


	University of Melbourne	Australia",MGCR423,Strategic Management.,MGMT90146,Strategic Management,University of Melbourne	Australia
MGCR,1,MGCR423,MGCR423
MGCR,1,Strategic Management.,Strategic Management.
MGCR,1,MGMT90146,MGMT90146
MGCR,1,Strategic Management,Strategic Management
MGCR,1,"MGCR423


	
Strategic Management.


	
MGT6514


	
Strategic Management and Business Policy


	City University of Hong Kong	Hong Kong, SAR",MGCR423,Strategic Management.,MGT6514,Strategic Management and Business Policy,"City University of Hong Kong	Hong Kong, SAR"
MGCR,1,MGCR423,MGCR423
MGCR,1,Strategic Management.,Strategic Management.
MGCR,1,MGT6514,MGT6514
MGCR,1,Strategic Management and Business Policy,Strategic Management and Business Policy
MGCR,1,"MGCR423


	
Strategic Management.


	
NOTGIVEN


	
Business Strategy


	Comillas Pontifical University	Spain",MGCR423,Strategic Management.,NOTGIVEN,Business Strategy,Comillas Pontifical University	Spain
MGCR,1,MGCR423,MGCR423
MGCR,1,Strategic Management.,Strategic Management.
MGCR,1,NOTGIVEN,NOTGIVEN
MGCR,1,Business Strategy,Business Strategy
MGCR,1,"MGCR423


	
Strategic Management.


	
SGMA591


	
Strategic Management


	University of Calgary	Canada",MGCR423,Strategic Management.,SGMA591,Strategic Management,University of Calgary	Canada
MGCR,1,MGCR423,MGCR423
MGCR,1,Strategic Management.,Strategic Management.
MGCR,1,SGMA591,SGMA591
MGCR,1,Strategic Management,Strategic Management
MGCR,1,"MGCR460


	
Social Context of Business.


	
00


	
Contemporary Challenges in Management Control


	University of Lausanne	Switzerland",MGCR460,Social Context of Business.,00,Contemporary Challenges in Management Control,University of Lausanne	Switzerland
MGCR,1,MGCR460,MGCR460
MGCR,1,Social Context of Business.,Social Context of Business.
MGCR,1,00,00
MGCR,1,Contemporary Challenges in Management Control,Contemporary Challenges in Management Control
MGCR,1,"MGCR460


	
Social Context of Business.


	
0000008113


	
Ética y Responsabilidad Social de la Empresa


	Comillas Pontifical University	Spain",MGCR460,Social Context of Business.,0000008113,Ética y Responsabilidad Social de la Empresa,Comillas Pontifical University	Spain
MGCR,1,MGCR460,MGCR460
MGCR,1,Social Context of Business.,Social Context of Business.
MGCR,1,0000008113,0000008113
MGCR,1,Ética y Responsabilidad Social de la Empresa,Ética y Responsabilidad Social de la Empresa
MGCR,1,"MGCR460


	
Social Context of Business.


	
030034


	
MANAGEMENT OF PUBLIC AND NOT FOR PROFIT ORGANIZATIONS


	Luigi Bocconi University	Italy",MGCR460,Social Context of Business.,030034,MANAGEMENT OF PUBLIC AND NOT FOR PROFIT ORGANIZATIONS,Luigi Bocconi University	Italy
MGCR,1,MGCR460,MGCR460
MGCR,1,Social Context of Business.,Social Context of Business.
MGCR,1,030034,030034
MGCR,1,MANAGEMENT OF PUBLIC AND NOT FOR PROFIT ORGANIZATIONS,MANAGEMENT OF PUBLIC AND NOT FOR PROFIT ORGANIZATIONS
MGCR,1,"MGCR460


	
Social Context of Business.


	
30281


	
CSR & ETHICS IN BUSINESS


	Luigi Bocconi University	Italy",MGCR460,Social Context of Business.,30281,CSR & ETHICS IN BUSINESS,Luigi Bocconi University	Italy
MGCR,1,MGCR460,MGCR460
MGCR,1,Social Context of Business.,Social Context of Business.
MGCR,1,30281,30281
MGCR,1,CSR & ETHICS IN BUSINESS,CSR & ETHICS IN BUSINESS
MGCR,1,"MGCR460


	
Social Context of Business.


	
31836


	
The Global Economy


	The University of Birmingham	England, UK",MGCR460,Social Context of Business.,31836,The Global Economy,"The University of Birmingham	England, UK"
MGCR,1,MGCR460,MGCR460
MGCR,1,Social Context of Business.,Social Context of Business.
MGCR,1,31836,31836
MGCR,1,The Global Economy,The Global Economy
MGCR,1,"MGCR460


	
Social Context of Business.


	
96358


	
APPLIED POLITICAL SOCIOLOGY


	University of Bologna	Italy",MGCR460,Social Context of Business.,96358,APPLIED POLITICAL SOCIOLOGY,University of Bologna	Italy
MGCR,1,MGCR460,MGCR460
MGCR,1,Social Context of Business.,Social Context of Business.
MGCR,1,96358,96358
MGCR,1,APPLIED POLITICAL SOCIOLOGY,APPLIED POLITICAL SOCIOLOGY
MGCR,1,"MGCR460


	
Social Context of Business.


	
AECO25A20


	
Introduction to Environmental Economics


	Institut d'Études Politiques (Sciences Po) (ALL CAMPUSES)	France",MGCR460,Social Context of Business.,AECO25A20,Introduction to Environmental Economics,Institut d'Études Politiques (Sciences Po) (ALL CAMPUSES)	France
MGCR,1,MGCR460,MGCR460
MGCR,1,Social Context of Business.,Social Context of Business.
MGCR,1,AECO25A20,AECO25A20
MGCR,1,Introduction to Environmental Economics,Introduction to Environmental Economics
MGCR,1,"MGCR460


	
Social Context of Business.


	
BUSINESSGOVERNMENTANDSUSTAINABILITY


	
BUSINESS, GOVERNMENT AND SUSTAINABILITY


	IE University - Madrid	Spain",MGCR460,Social Context of Business.,BUSINESSGOVERNMENTANDSUSTAINABILITY,"BUSINESS, GOVERNMENT AND SUSTAINABILITY",IE University - Madrid	Spain
MGCR,1,MGCR460,MGCR460
MGCR,1,Social Context of Business.,Social Context of Business.
MGCR,1,BUSINESSGOVERNMENTANDSUSTAINABILITY,BUSINESSGOVERNMENTANDSUSTAINABILITY
MGCR,1,"BUSINESS, GOVERNMENT AND SUSTAINABILITY","BUSINESS, GOVERNMENT AND SUSTAINABILITY"
MGCR,1,"MGCR460


	
Social Context of Business.


	
MAN331


	
Special Topics in Management 1


	Sophia University	Japan",MGCR460,Social Context of Business.,MAN331,Special Topics in Management 1,Sophia University	Japan
MGCR,1,MGCR460,MGCR460
MGCR,1,Social Context of Business.,Social Context of Business.
MGCR,1,MAN331,MAN331
MGCR,1,Special Topics in Management 1,Special Topics in Management 1
MGCR,1,"MGCR460


	
Social Context of Business.


	
MGST453


	
Ethical Leadership


	University of Calgary	Canada",MGCR460,Social Context of Business.,MGST453,Ethical Leadership,University of Calgary	Canada
MGCR,1,MGCR460,MGCR460
MGCR,1,Social Context of Business.,Social Context of Business.
MGCR,1,MGST453,MGST453
MGCR,1,Ethical Leadership,Ethical Leadership
MGCR,1,"MGCR460


	
Social Context of Business.


	
ML31027E


	
Management and Organization


	NEOMA Business School	France",MGCR460,Social Context of Business.,ML31027E,Management and Organization,NEOMA Business School	France
MGCR,1,MGCR460,MGCR460
MGCR,1,Social Context of Business.,Social Context of Business.
MGCR,1,ML31027E,ML31027E
MGCR,1,Management and Organization,Management and Organization
MGCR,1,"MGCR460


	
Social Context of Business.


	
ORGB


	
Strategy, Organizations and Leadership


	Catolica-Lisbon School of Business and Education	Portugal",MGCR460,Social Context of Business.,ORGB,"Strategy, Organizations and Leadership",Catolica-Lisbon School of Business and Education	Portugal
MGCR,1,MGCR460,MGCR460
MGCR,1,Social Context of Business.,Social Context of Business.
MGCR,1,ORGB,ORGB
MGCR,1,"Strategy, Organizations and Leadership","Strategy, Organizations and Leadership"
MGCR,1,"MGCR4XX


	
Management Core 4XX


	
MGCR


	
Managing Organizations in the Global South


	Brazilian School of Public and Business Administration	Brazil",MGCR4XX,Management Core 4XX,MGCR,Managing Organizations in the Global South,Brazilian School of Public and Business Administration	Brazil
MGCR,1,MGCR4XX,MGCR4XX
MGCR,1,Management Core 4XX,Management Core 4XX
MGCR,1,MGCR,MGCR
MGCR,1,Managing Organizations in the Global South,Managing Organizations in the Global South
MGCR,1,"MGCR4XX


	
Management Core 4XX


	
OBG


	
Marketing Research


	Brazilian School of Public and Business Administration	Brazil",MGCR4XX,Management Core 4XX,OBG,Marketing Research,Brazilian School of Public and Business Administration	Brazil
MGCR,1,MGCR4XX,MGCR4XX
MGCR,1,Management Core 4XX,Management Core 4XX
MGCR,1,OBG,OBG
MGCR,1,Marketing Research,Marketing Research
MGCR,1,"MGCRXXX


	
Management Core XXX


	
AFM111


	
Professional Pathways and Problem Solving


	University of Waterloo	Canada",MGCRXXX,Management Core XXX,AFM111,Professional Pathways and Problem Solving,University of Waterloo	Canada
MGCR,1,MGCRXXX,MGCRXXX
MGCR,1,Management Core XXX,Management Core XXX
MGCR,1,AFM111,AFM111
MGCR,1,Professional Pathways and Problem Solving,Professional Pathways and Problem Solving
MGCR,1,"MGCRXXX


	
Management Core XXX


	
AFM112


	
Analytical Methods for Business


	University of Waterloo	Canada",MGCRXXX,Management Core XXX,AFM112,Analytical Methods for Business,University of Waterloo	Canada
MGCR,1,MGCRXXX,MGCRXXX
MGCR,1,Management Core XXX,Management Core XXX
MGCR,1,AFM112,AFM112
MGCR,1,Analytical Methods for Business,Analytical Methods for Business
MGCR,1,"MGCRXXX


	
Management Core XXX


	
AFM132


	
Introduction to Business Stages


	University of Waterloo	Canada",MGCRXXX,Management Core XXX,AFM132,Introduction to Business Stages,University of Waterloo	Canada
MGCR,1,MGCRXXX,MGCRXXX
MGCR,1,Management Core XXX,Management Core XXX
MGCR,1,AFM132,AFM132
MGCR,1,Introduction to Business Stages,Introduction to Business Stages
MGCR,1,"MGCRXXX


	
Management Core XXX


	
MGMT110


	
Introduction to Management Thought and Social Responsibility


	University of British Columbia (UBC) - All Campuses	Canada",MGCRXXX,Management Core XXX,MGMT110,Introduction to Management Thought and Social Responsibility,University of British Columbia (UBC) - All Campuses	Canada
MGCR,1,MGCRXXX,MGCRXXX
MGCR,1,Management Core XXX,Management Core XXX
MGCR,1,MGMT110,MGMT110
MGCR,1,Introduction to Management Thought and Social Responsibility,Introduction to Management Thought and Social Responsibility
MGCR,1,"MGCRXXX


	
Management Core XXX


	
MGT4063


	
Economic Crises and Depression


	The University of Glasgow	Scotland, UK",MGCRXXX,Management Core XXX,MGT4063,Economic Crises and Depression,"The University of Glasgow	Scotland, UK"
MGCR,1,MGCRXXX,MGCRXXX
MGCR,1,Management Core XXX,Management Core XXX
MGCR,1,MGT4063,MGT4063
MGCR,1,Economic Crises and Depression,Economic Crises and Depression
MGCR,1,"New Search	
	Refine Search",New Search,Refine Search
MGCR,1,"New Search	
	Refine Search",New Search,Refine Search
PHIL,1,"Legend:	
	  Equivalent
	
	  Not Equivalent
	
	  Expired",Legend:,Equivalent,Not Equivalent,Expired
PHIL,1,Equivalent,Equivalent
PHIL,1,Not Equivalent,Not Equivalent
PHIL,1,Expired,Expired
PHIL,1,"New Search	
	Refine Search",New Search,Refine Search
PHIL,1,"New Search	
	Refine Search",New Search,Refine Search
PHIL,1,"McGill University
	
External Institution",McGill University,External Institution
PHIL,1,"Course
	
Title
	
Course
	
Title
	
Institution
	
Country
	
Status",Course,Title,Course,Title,Institution,Country,Status
PHIL,1,"PHIL200


	
Introduction to Philosophy 1.


	
0101P115


	
introduction to philosophy


	Jinan University	China",PHIL200,Introduction to Philosophy 1.,0101P115,introduction to philosophy,Jinan University	China
PHIL,1,PHIL200,PHIL200
PHIL,1,Introduction to Philosophy 1.,Introduction to Philosophy 1.
PHIL,1,0101P115,0101P115
PHIL,1,introduction to philosophy,introduction to philosophy
PHIL,1,"PHIL200


	
Introduction to Philosophy 1.


	
PHIL101


	
INTRO TO PHILOSOPHY


	Montgomery College	USA",PHIL200,Introduction to Philosophy 1.,PHIL101,INTRO TO PHILOSOPHY,Montgomery College	USA
PHIL,1,PHIL200,PHIL200
PHIL,1,Introduction to Philosophy 1.,Introduction to Philosophy 1.
PHIL,1,PHIL101,PHIL101
PHIL,1,INTRO TO PHILOSOPHY,INTRO TO PHILOSOPHY
PHIL,1,"PHIL200


	
Introduction to Philosophy 1.


	
PHIL1200


	
INTRODUCTIONTOPHILOSOPHY


	University of Manitoba	Canada",PHIL200,Introduction to Philosophy 1.,PHIL1200,INTRODUCTIONTOPHILOSOPHY,University of Manitoba	Canada
PHIL,1,PHIL200,PHIL200
PHIL,1,Introduction to Philosophy 1.,Introduction to Philosophy 1.
PHIL,1,PHIL1200,PHIL1200
PHIL,1,INTRODUCTIONTOPHILOSOPHY,INTRODUCTIONTOPHILOSOPHY
PHIL,1,"PHIL200


	
Introduction to Philosophy 1.


	
PHIL1200A


	
The Meaning of Life


	Carleton University	Canada",PHIL200,Introduction to Philosophy 1.,PHIL1200A,The Meaning of Life,Carleton University	Canada
PHIL,1,PHIL200,PHIL200
PHIL,1,Introduction to Philosophy 1.,Introduction to Philosophy 1.
PHIL,1,PHIL1200A,PHIL1200A
PHIL,1,The Meaning of Life,The Meaning of Life
PHIL,1,"PHIL200


	
Introduction to Philosophy 1.


	
PHL100Y1


	
Introduction to Philosophy (Historical)


	University of Toronto	Canada",PHIL200,Introduction to Philosophy 1.,PHL100Y1,Introduction to Philosophy (Historical),University of Toronto	Canada
PHIL,1,PHIL200,PHIL200
PHIL,1,Introduction to Philosophy 1.,Introduction to Philosophy 1.
PHIL,1,PHL100Y1,PHL100Y1
PHIL,1,Introduction to Philosophy (Historical),Introduction to Philosophy (Historical)
PHIL,1,"PHIL201


	
Introduction to Philosophy 2.


	
PHIL100


	
Introduction to Phillosophy


	University of Massachusetts Boston	USA",PHIL201,Introduction to Philosophy 2.,PHIL100,Introduction to Phillosophy,University of Massachusetts Boston	USA
PHIL,1,PHIL201,PHIL201
PHIL,1,Introduction to Philosophy 2.,Introduction to Philosophy 2.
PHIL,1,PHIL100,PHIL100
PHIL,1,Introduction to Phillosophy,Introduction to Phillosophy
PHIL,1,"PHIL201


	
Introduction to Philosophy 2.


	
PHIL1200


	
The Meaning of Life


	Carleton University	Canada",PHIL201,Introduction to Philosophy 2.,PHIL1200,The Meaning of Life,Carleton University	Canada
PHIL,1,PHIL201,PHIL201
PHIL,1,Introduction to Philosophy 2.,Introduction to Philosophy 2.
PHIL,1,PHIL1200,PHIL1200
PHIL,1,The Meaning of Life,The Meaning of Life
PHIL,1,"PHIL202


	
The Good Life.


	
7V0101045


	
Living a Good Life: The Philosophy of Well-Being


	The University of Tokyo	Japan",PHIL202,The Good Life.,7V0101045,Living a Good Life: The Philosophy of Well-Being,The University of Tokyo	Japan
PHIL,1,PHIL202,PHIL202
PHIL,1,The Good Life.,The Good Life.
PHIL,1,7V0101045,7V0101045
PHIL,1,Living a Good Life: The Philosophy of Well-Being,Living a Good Life: The Philosophy of Well-Being
PHIL,1,"PHIL202


	
The Good Life.


	
PHIL2320


	
Happiness


	The University of Hong Kong (HKU)	Hong Kong, SAR",PHIL202,The Good Life.,PHIL2320,Happiness,"The University of Hong Kong (HKU)	Hong Kong, SAR"
PHIL,1,PHIL202,PHIL202
PHIL,1,The Good Life.,The Good Life.
PHIL,1,PHIL2320,PHIL2320
PHIL,1,Happiness,Happiness
PHIL,1,"PHIL210


	
Intro to Deductive Logic 1


	
PHL245H1


	
Mod Symbolic Logic


	University of Toronto	Canada",PHIL210,Intro to Deductive Logic 1,PHL245H1,Mod Symbolic Logic,University of Toronto	Canada
PHIL,1,PHIL210,PHIL210
PHIL,1,Intro to Deductive Logic 1,Intro to Deductive Logic 1
PHIL,1,PHL245H1,PHL245H1
PHIL,1,Mod Symbolic Logic,Mod Symbolic Logic
PHIL,1,"PHIL210


	
Introduction to Deductive Logic 1.


	
PHILOS31


	
Logic, First Course


	University of California - Los Angeles	USA",PHIL210,Introduction to Deductive Logic 1.,PHILOS31,"Logic, First Course",University of California - Los Angeles	USA
PHIL,1,PHIL210,PHIL210
PHIL,1,Introduction to Deductive Logic 1.,Introduction to Deductive Logic 1.
PHIL,1,PHILOS31,PHILOS31
PHIL,1,"Logic, First Course","Logic, First Course"
PHIL,1,"PHIL230


	
Introduction to Moral Philosophy 1.


	
SASH66


	
One World, One Morality


	Lund University (LU)	Sweden",PHIL230,Introduction to Moral Philosophy 1.,SASH66,"One World, One Morality",Lund University (LU)	Sweden
PHIL,1,PHIL230,PHIL230
PHIL,1,Introduction to Moral Philosophy 1.,Introduction to Moral Philosophy 1.
PHIL,1,SASH66,SASH66
PHIL,1,"One World, One Morality","One World, One Morality"
PHIL,1,"PHIL237


	
Contemporary Moral Issues.


	
DSCY10150


	
Hope


	University College Dublin	Ireland",PHIL237,Contemporary Moral Issues.,DSCY10150,Hope,University College Dublin	Ireland
PHIL,1,PHIL237,PHIL237
PHIL,1,Contemporary Moral Issues.,Contemporary Moral Issues.
PHIL,1,DSCY10150,DSCY10150
PHIL,1,Hope,Hope
PHIL,1,"PHIL237


	
Contemporary Moral Issues.


	
PHIL101


	
Introductory Philosophy: Ethics


	Capilano University	Canada",PHIL237,Contemporary Moral Issues.,PHIL101,Introductory Philosophy: Ethics,Capilano University	Canada
PHIL,1,PHIL237,PHIL237
PHIL,1,Contemporary Moral Issues.,Contemporary Moral Issues.
PHIL,1,PHIL101,PHIL101
PHIL,1,Introductory Philosophy: Ethics,Introductory Philosophy: Ethics
PHIL,1,"PHIL240


	
Political Philosophy 1.


	
PHIL262


	
Political and Social Philosophy


	University of Saskatchewan	Canada",PHIL240,Political Philosophy 1.,PHIL262,Political and Social Philosophy,University of Saskatchewan	Canada
PHIL,1,PHIL240,PHIL240
PHIL,1,Political Philosophy 1.,Political Philosophy 1.
PHIL,1,PHIL262,PHIL262
PHIL,1,Political and Social Philosophy,Political and Social Philosophy
PHIL,1,"PHIL242


	
Introduction to Feminist Theory.


	
224


	
PHIL: Philosophy of Sexuality


	University of Saskatchewan	Canada",PHIL242,Introduction to Feminist Theory.,224,PHIL: Philosophy of Sexuality,University of Saskatchewan	Canada
PHIL,1,PHIL242,PHIL242
PHIL,1,Introduction to Feminist Theory.,Introduction to Feminist Theory.
PHIL,1,224,224
PHIL,1,PHIL: Philosophy of Sexuality,PHIL: Philosophy of Sexuality
PHIL,1,"PHIL2XX


	
Philosophy 2XX


	
210


	
PHIL


	Concordia University	Canada",PHIL2XX,Philosophy 2XX,210,PHIL,Concordia University	Canada
PHIL,1,PHIL2XX,PHIL2XX
PHIL,1,Philosophy 2XX,Philosophy 2XX
PHIL,1,210,210
PHIL,1,PHIL,PHIL
PHIL,1,"PHIL2XX


	
Philosophy 2XX


	
GEX1015


	
Life, the Universe, and Everything


	National University of Singapore	Singapore",PHIL2XX,Philosophy 2XX,GEX1015,"Life, the Universe, and Everything",National University of Singapore	Singapore
PHIL,1,PHIL2XX,PHIL2XX
PHIL,1,Philosophy 2XX,Philosophy 2XX
PHIL,1,GEX1015,GEX1015
PHIL,1,"Life, the Universe, and Everything","Life, the Universe, and Everything"
PHIL,1,"PHIL2XX


	
Philosophy 2XX


	
PHIL1016


	
Philosophy of Religion


	The University of Nottingham	England, UK",PHIL2XX,Philosophy 2XX,PHIL1016,Philosophy of Religion,"The University of Nottingham	England, UK"
PHIL,1,PHIL2XX,PHIL2XX
PHIL,1,Philosophy 2XX,Philosophy 2XX
PHIL,1,PHIL1016,PHIL1016
PHIL,1,Philosophy of Religion,Philosophy of Religion
PHIL,1,"PHIL2XX


	
Philosophy 2XX


	
PHIL140


	
Critical Thinking


	University of Saskatchewan	Canada",PHIL2XX,Philosophy 2XX,PHIL140,Critical Thinking,University of Saskatchewan	Canada
PHIL,1,PHIL2XX,PHIL2XX
PHIL,1,Philosophy 2XX,Philosophy 2XX
PHIL,1,PHIL140,PHIL140
PHIL,1,Critical Thinking,Critical Thinking
PHIL,1,"PHIL2XX


	
Philosophy 2XX


	
PHIL243


	
Philosophy of Human Sexuality


	University of Toronto	Canada",PHIL2XX,Philosophy 2XX,PHIL243,Philosophy of Human Sexuality,University of Toronto	Canada
PHIL,1,PHIL2XX,PHIL2XX
PHIL,1,Philosophy 2XX,Philosophy 2XX
PHIL,1,PHIL243,PHIL243
PHIL,1,Philosophy of Human Sexuality,Philosophy of Human Sexuality
PHIL,1,"PHIL2XX


	
Philosophy 2XX


	
PHIL263


	
Introduction to Epistemology


	Concordia University	Canada",PHIL2XX,Philosophy 2XX,PHIL263,Introduction to Epistemology,Concordia University	Canada
PHIL,1,PHIL2XX,PHIL2XX
PHIL,1,Philosophy 2XX,Philosophy 2XX
PHIL,1,PHIL263,PHIL263
PHIL,1,Introduction to Epistemology,Introduction to Epistemology
PHIL,1,"PHIL2XX


	
Philosophy 2XX


	
ULAS0010006LE34


	
Logic I-E2: Sentential Logic and Deductions


	Kyoto University	Japan",PHIL2XX,Philosophy 2XX,ULAS0010006LE34,Logic I-E2: Sentential Logic and Deductions,Kyoto University	Japan
PHIL,1,PHIL2XX,PHIL2XX
PHIL,1,Philosophy 2XX,Philosophy 2XX
PHIL,1,ULAS0010006LE34,ULAS0010006LE34
PHIL,1,Logic I-E2: Sentential Logic and Deductions,Logic I-E2: Sentential Logic and Deductions
PHIL,1,"PHIL306


	
Philosophy of Mind.


	
17280043


	
Philosophie du langage et de l'esprit


	Université Jean Moulin (Lyon III)	France",PHIL306,Philosophy of Mind.,17280043,Philosophie du langage et de l'esprit,Université Jean Moulin (Lyon III)	France
PHIL,1,PHIL306,PHIL306
PHIL,1,Philosophy of Mind.,Philosophy of Mind.
PHIL,1,17280043,17280043
PHIL,1,Philosophie du langage et de l'esprit,Philosophie du langage et de l'esprit
PHIL,1,"PHIL306


	
Philosophy of Mind.


	
80690463


	
Philosophy of Mind


	Tsinghua University	China",PHIL306,Philosophy of Mind.,80690463,Philosophy of Mind,Tsinghua University	China
PHIL,1,PHIL306,PHIL306
PHIL,1,Philosophy of Mind.,Philosophy of Mind.
PHIL,1,80690463,80690463
PHIL,1,Philosophy of Mind,Philosophy of Mind
PHIL,1,"PHIL306


	
Philosophy of Mind.


	
AFSV00427


	
Evolution and the Human Mind


	Charles University in Prague	Czech Republic",PHIL306,Philosophy of Mind.,AFSV00427,Evolution and the Human Mind,Charles University in Prague	Czech Republic
PHIL,1,PHIL306,PHIL306
PHIL,1,Philosophy of Mind.,Philosophy of Mind.
PHIL,1,AFSV00427,AFSV00427
PHIL,1,Evolution and the Human Mind,Evolution and the Human Mind
PHIL,1,"PHIL306


	
Philosophy of Mind.


	
PHIL285


	
Persons Minds and Bodies


	University of Saskatchewan	Canada",PHIL306,Philosophy of Mind.,PHIL285,Persons Minds and Bodies,University of Saskatchewan	Canada
PHIL,1,PHIL306,PHIL306
PHIL,1,Philosophy of Mind.,Philosophy of Mind.
PHIL,1,PHIL285,PHIL285
PHIL,1,Persons Minds and Bodies,Persons Minds and Bodies
PHIL,1,"PHIL306


	
Philosophy of Mind.


	
PL3040


	
Psychology and Philosophy


	The American University of Paris (AUP)	France",PHIL306,Philosophy of Mind.,PL3040,Psychology and Philosophy,The American University of Paris (AUP)	France
PHIL,1,PHIL306,PHIL306
PHIL,1,Philosophy of Mind.,Philosophy of Mind.
PHIL,1,PL3040,PL3040
PHIL,1,Psychology and Philosophy,Psychology and Philosophy
PHIL,1,"PHIL310


	
Intermediate Logic.


	
PH2114


	
Logic and its Limits


	National University of Singapore	Singapore",PHIL310,Intermediate Logic.,PH2114,Logic and its Limits,National University of Singapore	Singapore
PHIL,1,PHIL310,PHIL310
PHIL,1,Intermediate Logic.,Intermediate Logic.
PHIL,1,PH2114,PH2114
PHIL,1,Logic and its Limits,Logic and its Limits
PHIL,1,"PHIL311


	
Philosophy of Mathematics.


	
PH3252


	
Introduction to Philosophy of Mathematics


	National University of Singapore	Singapore",PHIL311,Philosophy of Mathematics.,PH3252,Introduction to Philosophy of Mathematics,National University of Singapore	Singapore
PHIL,1,PHIL311,PHIL311
PHIL,1,Philosophy of Mathematics.,Philosophy of Mathematics.
PHIL,1,PH3252,PH3252
PHIL,1,Introduction to Philosophy of Mathematics,Introduction to Philosophy of Mathematics
PHIL,1,"PHIL334


	
Ethical Theory.


	
00393


	
Moral Philosophy


	University of Bologna	Italy",PHIL334,Ethical Theory.,00393,Moral Philosophy,University of Bologna	Italy
PHIL,1,PHIL334,PHIL334
PHIL,1,Ethical Theory.,Ethical Theory.
PHIL,1,00393,00393
PHIL,1,Moral Philosophy,Moral Philosophy
PHIL,1,"PHIL334


	
Ethical Theory.


	
10059


	
Moral Philosophy (1)


	University of Bologna	Italy",PHIL334,Ethical Theory.,10059,Moral Philosophy (1),University of Bologna	Italy
PHIL,1,PHIL334,PHIL334
PHIL,1,Ethical Theory.,Ethical Theory.
PHIL,1,10059,10059
PHIL,1,Moral Philosophy (1),Moral Philosophy (1)
PHIL,1,"PHIL336


	
Aesthetics.


	
PHIL10117


	
Aesthetics


	The University of Edinburgh	Scotland, UK",PHIL336,Aesthetics.,PHIL10117,Aesthetics,"The University of Edinburgh	Scotland, UK"
PHIL,1,PHIL336,PHIL336
PHIL,1,Aesthetics.,Aesthetics.
PHIL,1,PHIL10117,PHIL10117
PHIL,1,Aesthetics,Aesthetics
PHIL,1,"PHIL341


	
Philosophy of Science 1.


	
5241VPSC


	
Philosophy of Science and the City


	Leiden University	Netherlands",PHIL341,Philosophy of Science 1.,5241VPSC,Philosophy of Science and the City,Leiden University	Netherlands
PHIL,1,PHIL341,PHIL341
PHIL,1,Philosophy of Science 1.,Philosophy of Science 1.
PHIL,1,5241VPSC,5241VPSC
PHIL,1,Philosophy of Science and the City,Philosophy of Science and the City
PHIL,1,"PHIL343


	
Biomedical Ethics.


	
313


	
PHILOSOPHY - BIOTHICS


	University of Calgary	Canada",PHIL343,Biomedical Ethics.,313,PHILOSOPHY - BIOTHICS,University of Calgary	Canada
PHIL,1,PHIL343,PHIL343
PHIL,1,Biomedical Ethics.,Biomedical Ethics.
PHIL,1,313,313
PHIL,1,PHILOSOPHY - BIOTHICS,PHILOSOPHY - BIOTHICS
PHIL,1,"PHIL343


	
Biomedical Ethics.


	
PHIL1105


	
Biomedical Ethics


	Langara College	Canada",PHIL343,Biomedical Ethics.,PHIL1105,Biomedical Ethics,Langara College	Canada
PHIL,1,PHIL343,PHIL343
PHIL,1,Biomedical Ethics.,Biomedical Ethics.
PHIL,1,PHIL1105,PHIL1105
PHIL,1,Biomedical Ethics,Biomedical Ethics
PHIL,1,"PHIL343


	
Biomedical Ethics.


	
PHIL333


	
Biomedical Ethics


	University of British Columbia (UBC) - All Campuses	Canada",PHIL343,Biomedical Ethics.,PHIL333,Biomedical Ethics,University of British Columbia (UBC) - All Campuses	Canada
PHIL,1,PHIL343,PHIL343
PHIL,1,Biomedical Ethics.,Biomedical Ethics.
PHIL,1,PHIL333,PHIL333
PHIL,1,Biomedical Ethics,Biomedical Ethics
PHIL,1,"PHIL348


	
Philosophy of Law 1.


	
PHIL2350


	
Philosophy of Law


	The University of Hong Kong (HKU)	Hong Kong, SAR",PHIL348,Philosophy of Law 1.,PHIL2350,Philosophy of Law,"The University of Hong Kong (HKU)	Hong Kong, SAR"
PHIL,1,PHIL348,PHIL348
PHIL,1,Philosophy of Law 1.,Philosophy of Law 1.
PHIL,1,PHIL2350,PHIL2350
PHIL,1,Philosophy of Law,Philosophy of Law
PHIL,1,"PHIL349


	
Environmental Philosophy.


	
PHL273


	
Environmental Ethics


	University of Toronto	Canada",PHIL349,Environmental Philosophy.,PHL273,Environmental Ethics,University of Toronto	Canada
PHIL,1,PHIL349,PHIL349
PHIL,1,Environmental Philosophy.,Environmental Philosophy.
PHIL,1,PHL273,PHL273
PHIL,1,Environmental Ethics,Environmental Ethics
PHIL,1,"PHIL349


	
Environmental Philosophy.


	
PHL273H1


	
Environmental Ethics


	University of Toronto	Canada",PHIL349,Environmental Philosophy.,PHL273H1,Environmental Ethics,University of Toronto	Canada
PHIL,1,PHIL349,PHIL349
PHIL,1,Environmental Philosophy.,Environmental Philosophy.
PHIL,1,PHL273H1,PHL273H1
PHIL,1,Environmental Ethics,Environmental Ethics
PHIL,1,"PHIL355


	
Aristotle.


	
PHIL0030


	
Topics in Aristotle


	University College London (UCL) - University of London	England, UK",PHIL355,Aristotle.,PHIL0030,Topics in Aristotle,"University College London (UCL) - University of London	England, UK"
PHIL,1,PHIL355,PHIL355
PHIL,1,Aristotle.,Aristotle.
PHIL,1,PHIL0030,PHIL0030
PHIL,1,Topics in Aristotle,Topics in Aristotle
PHIL,1,"PHIL356


	
Early Medieval Philosophy.


	
W0W24A


	
Medieval Philosophy


	Catholic University of Leuven	Belgium",PHIL356,Early Medieval Philosophy.,W0W24A,Medieval Philosophy,Catholic University of Leuven	Belgium
PHIL,1,PHIL356,PHIL356
PHIL,1,Early Medieval Philosophy.,Early Medieval Philosophy.
PHIL,1,W0W24A,W0W24A
PHIL,1,Medieval Philosophy,Medieval Philosophy
PHIL,1,"PHIL360


	
17th Century Philosophy.


	
90065


	
Classics in the History of Philosophy (1) (LM)


	University of Bologna	Italy",PHIL360,17th Century Philosophy.,90065,Classics in the History of Philosophy (1) (LM),University of Bologna	Italy
PHIL,1,PHIL360,PHIL360
PHIL,1,17th Century Philosophy.,17th Century Philosophy.
PHIL,1,90065,90065
PHIL,1,Classics in the History of Philosophy (1) (LM),Classics in the History of Philosophy (1) (LM)
PHIL,1,"PHIL360


	
17th Century Philosophy.


	
90069


	
90069 - Philosophy of History (C.I.)


	University of Bologna	Italy",PHIL360,17th Century Philosophy.,90069,90069 - Philosophy of History (C.I.),University of Bologna	Italy
PHIL,1,PHIL360,PHIL360
PHIL,1,17th Century Philosophy.,17th Century Philosophy.
PHIL,1,90069,90069
PHIL,1,90069 - Philosophy of History (C.I.),90069 - Philosophy of History (C.I.)
PHIL,1,"PHIL360


	
17th Century Philosophy.


	
PHIL10182


	
Early Modern Philosophy


	The University of Edinburgh	Scotland, UK",PHIL360,17th Century Philosophy.,PHIL10182,Early Modern Philosophy,"The University of Edinburgh	Scotland, UK"
PHIL,1,PHIL360,PHIL360
PHIL,1,17th Century Philosophy.,17th Century Philosophy.
PHIL,1,PHIL10182,PHIL10182
PHIL,1,Early Modern Philosophy,Early Modern Philosophy
PHIL,1,"PHIL360


	
17th Century Philosophy.


	
PHIL25B


	
MODERN PHILOSOPHY


	University of California - Berkeley	USA",PHIL360,17th Century Philosophy.,PHIL25B,MODERN PHILOSOPHY,University of California - Berkeley	USA
PHIL,1,PHIL360,PHIL360
PHIL,1,17th Century Philosophy.,17th Century Philosophy.
PHIL,1,PHIL25B,PHIL25B
PHIL,1,MODERN PHILOSOPHY,MODERN PHILOSOPHY
PHIL,1,"PHIL360


	
17th Century Philosophy.


	
PHIL360


	
Early Modern Philosophy 17th Century


	Concordia University	Canada",PHIL360,17th Century Philosophy.,PHIL360,Early Modern Philosophy 17th Century,Concordia University	Canada
PHIL,1,PHIL360,PHIL360
PHIL,1,17th Century Philosophy.,17th Century Philosophy.
PHIL,1,PHIL360,PHIL360
PHIL,1,Early Modern Philosophy 17th Century,Early Modern Philosophy 17th Century
PHIL,1,"PHIL360


	
17th Century Philosophy.


	
PHILOS25B


	
MODERN PHILOSOPHY


	University of California - Berkeley	USA",PHIL360,17th Century Philosophy.,PHILOS25B,MODERN PHILOSOPHY,University of California - Berkeley	USA
PHIL,1,PHIL360,PHIL360
PHIL,1,17th Century Philosophy.,17th Century Philosophy.
PHIL,1,PHILOS25B,PHILOS25B
PHIL,1,MODERN PHILOSOPHY,MODERN PHILOSOPHY
PHIL,1,"PHIL375


	
Existentialism.


	
PHIL367


	
Existentialism and Phenomenology


	Athabasca University	Canada",PHIL375,Existentialism.,PHIL367,Existentialism and Phenomenology,Athabasca University	Canada
PHIL,1,PHIL375,PHIL375
PHIL,1,Existentialism.,Existentialism.
PHIL,1,PHIL367,PHIL367
PHIL,1,Existentialism and Phenomenology,Existentialism and Phenomenology
PHIL,1,"PHIL3XX


	
Philosophy 3XX


	
12362


	
History of Ancient Philosophy (1) (G.B.)


	University of Bologna	Italy",PHIL3XX,Philosophy 3XX,12362,History of Ancient Philosophy (1) (G.B.),University of Bologna	Italy
PHIL,1,PHIL3XX,PHIL3XX
PHIL,1,Philosophy 3XX,Philosophy 3XX
PHIL,1,12362,12362
PHIL,1,History of Ancient Philosophy (1) (G.B.),History of Ancient Philosophy (1) (G.B.)
PHIL,1,"PHIL3XX


	
Philosophy 3XX


	
16038


	
BUDDHISM AND SOCIAL CHANGE IN CONTEMPORARY ASIA


	Keio University	Japan",PHIL3XX,Philosophy 3XX,16038,BUDDHISM AND SOCIAL CHANGE IN CONTEMPORARY ASIA,Keio University	Japan
PHIL,1,PHIL3XX,PHIL3XX
PHIL,1,Philosophy 3XX,Philosophy 3XX
PHIL,1,16038,16038
PHIL,1,BUDDHISM AND SOCIAL CHANGE IN CONTEMPORARY ASIA,BUDDHISM AND SOCIAL CHANGE IN CONTEMPORARY ASIA
PHIL,1,"PHIL3XX


	
Philosophy 3XX


	
28017


	
History of Ancient Philosophy (1) (LM)


	University of Bologna	Italy",PHIL3XX,Philosophy 3XX,28017,History of Ancient Philosophy (1) (LM),University of Bologna	Italy
PHIL,1,PHIL3XX,PHIL3XX
PHIL,1,Philosophy 3XX,Philosophy 3XX
PHIL,1,28017,28017
PHIL,1,History of Ancient Philosophy (1) (LM),History of Ancient Philosophy (1) (LM)
PHIL,1,"PHIL3XX


	
Philosophy 3XX


	
34376


	
Ancient Western Philosophy


	Ewha Womans University	South Korea",PHIL3XX,Philosophy 3XX,34376,Ancient Western Philosophy,Ewha Womans University	South Korea
PHIL,1,PHIL3XX,PHIL3XX
PHIL,1,Philosophy 3XX,Philosophy 3XX
PHIL,1,34376,34376
PHIL,1,Ancient Western Philosophy,Ancient Western Philosophy
PHIL,1,"PHIL3XX


	
Philosophy 3XX


	
34I0180


	
Formal Methods in Philosophy


	University of Geneva	Switzerland",PHIL3XX,Philosophy 3XX,34I0180,Formal Methods in Philosophy,University of Geneva	Switzerland
PHIL,1,PHIL3XX,PHIL3XX
PHIL,1,Philosophy 3XX,Philosophy 3XX
PHIL,1,34I0180,34I0180
PHIL,1,Formal Methods in Philosophy,Formal Methods in Philosophy
PHIL,1,"PHIL3XX


	
Philosophy 3XX


	
40994


	
Ethics, data science, and networked AI


	Berlin University of Technology	Germany",PHIL3XX,Philosophy 3XX,40994,"Ethics, data science, and networked AI",Berlin University of Technology	Germany
PHIL,1,PHIL3XX,PHIL3XX
PHIL,1,Philosophy 3XX,Philosophy 3XX
PHIL,1,40994,40994
PHIL,1,"Ethics, data science, and networked AI","Ethics, data science, and networked AI"
PHIL,1,"PHIL3XX


	
Philosophy 3XX


	
4AAT1601


	
Introduction to the Philosophy of Religion


	University of London - King's College London	England, UK",PHIL3XX,Philosophy 3XX,4AAT1601,Introduction to the Philosophy of Religion,"University of London - King's College London	England, UK"
PHIL,1,PHIL3XX,PHIL3XX
PHIL,1,Philosophy 3XX,Philosophy 3XX
PHIL,1,4AAT1601,4AAT1601
PHIL,1,Introduction to the Philosophy of Religion,Introduction to the Philosophy of Religion
PHIL,1,"PHIL3XX


	
Philosophy 3XX


	
5011VGWAH


	
World Philosophies: Africa


	Leiden University	Netherlands",PHIL3XX,Philosophy 3XX,5011VGWAH,World Philosophies: Africa,Leiden University	Netherlands
PHIL,1,PHIL3XX,PHIL3XX
PHIL,1,Philosophy 3XX,Philosophy 3XX
PHIL,1,5011VGWAH,5011VGWAH
PHIL,1,World Philosophies: Africa,World Philosophies: Africa
PHIL,1,"PHIL3XX


	
Philosophy 3XX


	
50810


	
Ethical and Social Challenges of Emerging Technologies: Automation, Robotics, AI


	Berlin University of Technology	Germany",PHIL3XX,Philosophy 3XX,50810,"Ethical and Social Challenges of Emerging Technologies: Automation, Robotics, AI",Berlin University of Technology	Germany
PHIL,1,PHIL3XX,PHIL3XX
PHIL,1,Philosophy 3XX,Philosophy 3XX
PHIL,1,50810,50810
PHIL,1,"Ethical and Social Challenges of Emerging Technologies: Automation, Robotics, AI","Ethical and Social Challenges of Emerging Technologies: Automation, Robotics, AI"
PHIL,1,"PHIL3XX


	
Philosophy 3XX


	
52888


	
JAPANESE BUDDHISM AND SOCIAL SUFFERING


	Keio University	Japan",PHIL3XX,Philosophy 3XX,52888,JAPANESE BUDDHISM AND SOCIAL SUFFERING,Keio University	Japan
PHIL,1,PHIL3XX,PHIL3XX
PHIL,1,Philosophy 3XX,Philosophy 3XX
PHIL,1,52888,52888
PHIL,1,JAPANESE BUDDHISM AND SOCIAL SUFFERING,JAPANESE BUDDHISM AND SOCIAL SUFFERING
PHIL,1,"PHIL3XX


	
Philosophy 3XX


	
64442HRCTY


	
Rational Choice Theory


	Leiden University	Netherlands",PHIL3XX,Philosophy 3XX,64442HRCTY,Rational Choice Theory,Leiden University	Netherlands
PHIL,1,PHIL3XX,PHIL3XX
PHIL,1,Philosophy 3XX,Philosophy 3XX
PHIL,1,64442HRCTY,64442HRCTY
PHIL,1,Rational Choice Theory,Rational Choice Theory
PHIL,1,"PHIL3XX


	
Philosophy 3XX


	
AHUM25A15


	
Ethics of War and Peace


	Institut d'Études Politiques (Sciences Po) (ALL CAMPUSES)	France",PHIL3XX,Philosophy 3XX,AHUM25A15,Ethics of War and Peace,Institut d'Études Politiques (Sciences Po) (ALL CAMPUSES)	France
PHIL,1,PHIL3XX,PHIL3XX
PHIL,1,Philosophy 3XX,Philosophy 3XX
PHIL,1,AHUM25A15,AHUM25A15
PHIL,1,Ethics of War and Peace,Ethics of War and Peace
PHIL,1,"PHIL3XX


	
Philosophy 3XX


	
DDRO25A86


	
Philosophy of Human Rights


	Institut d'Études Politiques (Sciences Po) (ALL CAMPUSES)	France",PHIL3XX,Philosophy 3XX,DDRO25A86,Philosophy of Human Rights,Institut d'Études Politiques (Sciences Po) (ALL CAMPUSES)	France
PHIL,1,PHIL3XX,PHIL3XX
PHIL,1,Philosophy 3XX,Philosophy 3XX
PHIL,1,DDRO25A86,DDRO25A86
PHIL,1,Philosophy of Human Rights,Philosophy of Human Rights
PHIL,1,"PHIL3XX


	
Philosophy 3XX


	
GE1501


	
Chinese Civilisation - History and Philosophy


	City University of Hong Kong	Hong Kong, SAR",PHIL3XX,Philosophy 3XX,GE1501,Chinese Civilisation - History and Philosophy,"City University of Hong Kong	Hong Kong, SAR"
PHIL,1,PHIL3XX,PHIL3XX
PHIL,1,Philosophy 3XX,Philosophy 3XX
PHIL,1,GE1501,GE1501
PHIL,1,Chinese Civilisation - History and Philosophy,Chinese Civilisation - History and Philosophy
PHIL,1,"PHIL3XX


	
Philosophy 3XX


	
H1058


	
Anthropology of the Body


	Monterrey Institute of Technology and Higher Education	Mexico",PHIL3XX,Philosophy 3XX,H1058,Anthropology of the Body,Monterrey Institute of Technology and Higher Education	Mexico
PHIL,1,PHIL3XX,PHIL3XX
PHIL,1,Philosophy 3XX,Philosophy 3XX
PHIL,1,H1058,H1058
PHIL,1,Anthropology of the Body,Anthropology of the Body
PHIL,1,"PHIL3XX


	
Philosophy 3XX


	
PH2211


	
Philosophy of Religion


	National University of Singapore	Singapore",PHIL3XX,Philosophy 3XX,PH2211,Philosophy of Religion,National University of Singapore	Singapore
PHIL,1,PHIL3XX,PHIL3XX
PHIL,1,Philosophy 3XX,Philosophy 3XX
PHIL,1,PH2211,PH2211
PHIL,1,Philosophy of Religion,Philosophy of Religion
PHIL,1,"PHIL3XX


	
Philosophy 3XX


	
PHIL10007


	
Philosophy of Religion


	The University of Edinburgh	Scotland, UK",PHIL3XX,Philosophy 3XX,PHIL10007,Philosophy of Religion,"The University of Edinburgh	Scotland, UK"
PHIL,1,PHIL3XX,PHIL3XX
PHIL,1,Philosophy 3XX,Philosophy 3XX
PHIL,1,PHIL10007,PHIL10007
PHIL,1,Philosophy of Religion,Philosophy of Religion
PHIL,1,"PHIL3XX


	
Philosophy 3XX


	
PHIL10102


	
Philosophies of Resistance: Philosophical Reflection on Movements for Social Justice


	The University of Manchester	England, UK",PHIL3XX,Philosophy 3XX,PHIL10102,Philosophies of Resistance: Philosophical Reflection on Movements for Social Justice,"The University of Manchester	England, UK"
PHIL,1,PHIL3XX,PHIL3XX
PHIL,1,Philosophy 3XX,Philosophy 3XX
PHIL,1,PHIL10102,PHIL10102
PHIL,1,Philosophies of Resistance: Philosophical Reflection on Movements for Social Justice,Philosophies of Resistance: Philosophical Reflection on Movements for Social Justice
PHIL,1,"PHIL3XX


	
Philosophy 3XX


	
PHIL10204


	
Social Philosophy


	The University of Edinburgh	Scotland, UK",PHIL3XX,Philosophy 3XX,PHIL10204,Social Philosophy,"The University of Edinburgh	Scotland, UK"
PHIL,1,PHIL3XX,PHIL3XX
PHIL,1,Philosophy 3XX,Philosophy 3XX
PHIL,1,PHIL10204,PHIL10204
PHIL,1,Social Philosophy,Social Philosophy
PHIL,1,"PHIL3XX


	
Philosophy 3XX


	
PHIL10622


	
Introduction to Metaphysics and Epistemology


	The University of Manchester	England, UK",PHIL3XX,Philosophy 3XX,PHIL10622,Introduction to Metaphysics and Epistemology,"The University of Manchester	England, UK"
PHIL,1,PHIL3XX,PHIL3XX
PHIL,1,Philosophy 3XX,Philosophy 3XX
PHIL,1,PHIL10622,PHIL10622
PHIL,1,Introduction to Metaphysics and Epistemology,Introduction to Metaphysics and Epistemology
PHIL,1,"PHIL3XX


	
Philosophy 3XX


	
PHIL2100


	
Paradoxes of Decision


	The University of Hong Kong (HKU)	Hong Kong, SAR",PHIL3XX,Philosophy 3XX,PHIL2100,Paradoxes of Decision,"The University of Hong Kong (HKU)	Hong Kong, SAR"
PHIL,1,PHIL3XX,PHIL3XX
PHIL,1,Philosophy 3XX,Philosophy 3XX
PHIL,1,PHIL2100,PHIL2100
PHIL,1,Paradoxes of Decision,Paradoxes of Decision
PHIL,1,"PHIL3XX


	
Philosophy 3XX


	
PHIL2225


	
Philosophy of Artificial Intelligence


	The University of Hong Kong (HKU)	Hong Kong, SAR",PHIL3XX,Philosophy 3XX,PHIL2225,Philosophy of Artificial Intelligence,"The University of Hong Kong (HKU)	Hong Kong, SAR"
PHIL,1,PHIL3XX,PHIL3XX
PHIL,1,Philosophy 3XX,Philosophy 3XX
PHIL,1,PHIL2225,PHIL2225
PHIL,1,Philosophy of Artificial Intelligence,Philosophy of Artificial Intelligence
PHIL,1,"PHIL3XX


	
Philosophy 3XX


	
PHIL236


	
Ethics and Technology


	University of Saskatchewan	Canada",PHIL3XX,Philosophy 3XX,PHIL236,Ethics and Technology,University of Saskatchewan	Canada
PHIL,1,PHIL3XX,PHIL3XX
PHIL,1,Philosophy 3XX,Philosophy 3XX
PHIL,1,PHIL236,PHIL236
PHIL,1,Ethics and Technology,Ethics and Technology
PHIL,1,"PHIL3XX


	
Philosophy 3XX


	
PHIL382


	
Ontology


	Bogazici (Bosphorus) University	Turkey",PHIL3XX,Philosophy 3XX,PHIL382,Ontology,Bogazici (Bosphorus) University	Turkey
PHIL,1,PHIL3XX,PHIL3XX
PHIL,1,Philosophy 3XX,Philosophy 3XX
PHIL,1,PHIL382,PHIL382
PHIL,1,Ontology,Ontology
PHIL,1,"PHIL3XX


	
Philosophy 3XX


	
PHIL402


	
The Self


	Bogazici (Bosphorus) University	Turkey",PHIL3XX,Philosophy 3XX,PHIL402,The Self,Bogazici (Bosphorus) University	Turkey
PHIL,1,PHIL3XX,PHIL3XX
PHIL,1,Philosophy 3XX,Philosophy 3XX
PHIL,1,PHIL402,PHIL402
PHIL,1,The Self,The Self
PHIL,1,"PHIL3XX


	
Philosophy 3XX


	
PHIL417


	
History of Islamic Thought


	Bogazici (Bosphorus) University	Turkey",PHIL3XX,Philosophy 3XX,PHIL417,History of Islamic Thought,Bogazici (Bosphorus) University	Turkey
PHIL,1,PHIL3XX,PHIL3XX
PHIL,1,Philosophy 3XX,Philosophy 3XX
PHIL,1,PHIL417,PHIL417
PHIL,1,History of Islamic Thought,History of Islamic Thought
PHIL,1,"PHIL3XX


	
Philosophy 3XX


	
PIU11032


	
History of Western Philosophy 1 B


	The University of Dublin (Trinity College)	Ireland",PHIL3XX,Philosophy 3XX,PIU11032,History of Western Philosophy 1 B,The University of Dublin (Trinity College)	Ireland
PHIL,1,PHIL3XX,PHIL3XX
PHIL,1,Philosophy 3XX,Philosophy 3XX
PHIL,1,PIU11032,PIU11032
PHIL,1,History of Western Philosophy 1 B,History of Western Philosophy 1 B
PHIL,1,"PHIL3XX


	
Philosophy 3XX


	
TTEASK031U


	
Religion in Crisis: The Philosophy of Religion After the Death of God


	University of Copenhagen	Denmark",PHIL3XX,Philosophy 3XX,TTEASK031U,Religion in Crisis: The Philosophy of Religion After the Death of God,University of Copenhagen	Denmark
PHIL,1,PHIL3XX,PHIL3XX
PHIL,1,Philosophy 3XX,Philosophy 3XX
PHIL,1,TTEASK031U,TTEASK031U
PHIL,1,Religion in Crisis: The Philosophy of Religion After the Death of God,Religion in Crisis: The Philosophy of Religion After the Death of God
PHIL,1,"PHIL3XX


	
Philosophy 3XX


	
ULAS0010030LE34


	
Ethics I - E2


	Kyoto University	Japan",PHIL3XX,Philosophy 3XX,ULAS0010030LE34,Ethics I - E2,Kyoto University	Japan
PHIL,1,PHIL3XX,PHIL3XX
PHIL,1,Philosophy 3XX,Philosophy 3XX
PHIL,1,ULAS0010030LE34,ULAS0010030LE34
PHIL,1,Ethics I - E2,Ethics I - E2
PHIL,1,"PHIL3XX


	
Philosophy 3XX


	
W0EP8B


	
Ethics of Globalisation


	Catholic University of Leuven	Belgium",PHIL3XX,Philosophy 3XX,W0EP8B,Ethics of Globalisation,Catholic University of Leuven	Belgium
PHIL,1,PHIL3XX,PHIL3XX
PHIL,1,Philosophy 3XX,Philosophy 3XX
PHIL,1,W0EP8B,W0EP8B
PHIL,1,Ethics of Globalisation,Ethics of Globalisation
PHIL,1,"PHIL3XX


	
Philosophy 3XX


	
WBAI04005


	
Ethics in Artificial Intelligence


	University of Groningen	Netherlands",PHIL3XX,Philosophy 3XX,WBAI04005,Ethics in Artificial Intelligence,University of Groningen	Netherlands
PHIL,1,PHIL3XX,PHIL3XX
PHIL,1,Philosophy 3XX,Philosophy 3XX
PHIL,1,WBAI04005,WBAI04005
PHIL,1,Ethics in Artificial Intelligence,Ethics in Artificial Intelligence
PHIL,1,"PHIL415


	
Philosophy of Language.


	
PHIL10005


	
Philosophy of Language


	The University of Edinburgh	Scotland, UK",PHIL415,Philosophy of Language.,PHIL10005,Philosophy of Language,"The University of Edinburgh	Scotland, UK"
PHIL,1,PHIL415,PHIL415
PHIL,1,Philosophy of Language.,Philosophy of Language.
PHIL,1,PHIL10005,PHIL10005
PHIL,1,Philosophy of Language,Philosophy of Language
PHIL,1,"PHIL415


	
Philosophy of Language.


	
PHIL2121


	
Introduction to the Philosophy of Language


	University of Leeds	England, UK",PHIL415,Philosophy of Language.,PHIL2121,Introduction to the Philosophy of Language,"University of Leeds	England, UK"
PHIL,1,PHIL415,PHIL415
PHIL,1,Philosophy of Language.,Philosophy of Language.
PHIL,1,PHIL2121,PHIL2121
PHIL,1,Introduction to the Philosophy of Language,Introduction to the Philosophy of Language
PHIL,1,"PHIL419


	
Epistemology.


	
PHIL10203


	
Social Epistemology


	The University of Edinburgh	Scotland, UK",PHIL419,Epistemology.,PHIL10203,Social Epistemology,"The University of Edinburgh	Scotland, UK"
PHIL,1,PHIL419,PHIL419
PHIL,1,Epistemology.,Epistemology.
PHIL,1,PHIL10203,PHIL10203
PHIL,1,Social Epistemology,Social Epistemology
PHIL,1,"PHIL421


	
Metaphysics.


	
PHIL10155


	
Metaphysics


	The University of Edinburgh	Scotland, UK",PHIL421,Metaphysics.,PHIL10155,Metaphysics,"The University of Edinburgh	Scotland, UK"
PHIL,1,PHIL421,PHIL421
PHIL,1,Metaphysics.,Metaphysics.
PHIL,1,PHIL10155,PHIL10155
PHIL,1,Metaphysics,Metaphysics
PHIL,1,"PHIL421


	
Metaphysics.


	
PHIL292


	
Metaphysics Reality Existence and Change


	University of Saskatchewan	Canada",PHIL421,Metaphysics.,PHIL292,Metaphysics Reality Existence and Change,University of Saskatchewan	Canada
PHIL,1,PHIL421,PHIL421
PHIL,1,Metaphysics.,Metaphysics.
PHIL,1,PHIL292,PHIL292
PHIL,1,Metaphysics Reality Existence and Change,Metaphysics Reality Existence and Change
PHIL,1,"PHIL442


	
Topics in Feminist Theory.


	
PHIL10214


	
Feminist Philosophy


	The University of Edinburgh	Scotland, UK",PHIL442,Topics in Feminist Theory.,PHIL10214,Feminist Philosophy,"The University of Edinburgh	Scotland, UK"
PHIL,1,PHIL442,PHIL442
PHIL,1,Topics in Feminist Theory.,Topics in Feminist Theory.
PHIL,1,PHIL10214,PHIL10214
PHIL,1,Feminist Philosophy,Feminist Philosophy
PHIL,1,"PHIL446


	
Current Issues in Political Philosophy.


	
00983


	
History of Political Doctrines


	University of Bologna	Italy",PHIL446,Current Issues in Political Philosophy.,00983,History of Political Doctrines,University of Bologna	Italy
PHIL,1,PHIL446,PHIL446
PHIL,1,Current Issues in Political Philosophy.,Current Issues in Political Philosophy.
PHIL,1,00983,00983
PHIL,1,History of Political Doctrines,History of Political Doctrines
PHIL,1,"PHIL450


	
Major Philosophers 1.


	
51511


	
ETHICS 1


	Keio University	Japan",PHIL450,Major Philosophers 1.,51511,ETHICS 1,Keio University	Japan
PHIL,1,PHIL450,PHIL450
PHIL,1,Major Philosophers 1.,Major Philosophers 1.
PHIL,1,51511,51511
PHIL,1,ETHICS 1,ETHICS 1
PHIL,1,"PHIL480


	
Topics in the History of Philosophy.


	
10052


	
Philosophy of History (1)


	University of Bologna	Italy",PHIL480,Topics in the History of Philosophy.,10052,Philosophy of History (1),University of Bologna	Italy
PHIL,1,PHIL480,PHIL480
PHIL,1,Topics in the History of Philosophy.,Topics in the History of Philosophy.
PHIL,1,10052,10052
PHIL,1,Philosophy of History (1),Philosophy of History (1)
PHIL,1,"PHIL4XX


	
Philosophy 4XX


	
00487


	
INTENSIVE SEMINAR: ETHICS 1


	Keio University	Japan",PHIL4XX,Philosophy 4XX,00487,INTENSIVE SEMINAR: ETHICS 1,Keio University	Japan
PHIL,1,PHIL4XX,PHIL4XX
PHIL,1,Philosophy 4XX,Philosophy 4XX
PHIL,1,00487,00487
PHIL,1,INTENSIVE SEMINAR: ETHICS 1,INTENSIVE SEMINAR: ETHICS 1
PHIL,1,"PHIL4XX


	
Philosophy 4XX


	
08C4045


	
Topics in Interdisciplinary Cultural Studies I


	The University of Tokyo	Japan",PHIL4XX,Philosophy 4XX,08C4045,Topics in Interdisciplinary Cultural Studies I,The University of Tokyo	Japan
PHIL,1,PHIL4XX,PHIL4XX
PHIL,1,Philosophy 4XX,Philosophy 4XX
PHIL,1,08C4045,08C4045
PHIL,1,Topics in Interdisciplinary Cultural Studies I,Topics in Interdisciplinary Cultural Studies I
PHIL,1,"PHIL4XX


	
Philosophy 4XX


	
160015A


	
Politische Philosophie (Amighetti)


	University of Zurich	Switzerland",PHIL4XX,Philosophy 4XX,160015A,Politische Philosophie (Amighetti),University of Zurich	Switzerland
PHIL,1,PHIL4XX,PHIL4XX
PHIL,1,Philosophy 4XX,Philosophy 4XX
PHIL,1,160015A,160015A
PHIL,1,Politische Philosophie (Amighetti),Politische Philosophie (Amighetti)
PHIL,1,"PHIL4XX


	
Philosophy 4XX


	
16046


	
Sex, Libido, and the Feminine


	Free University of Berlin	Germany",PHIL4XX,Philosophy 4XX,16046,"Sex, Libido, and the Feminine",Free University of Berlin	Germany
PHIL,1,PHIL4XX,PHIL4XX
PHIL,1,Philosophy 4XX,Philosophy 4XX
PHIL,1,16046,16046
PHIL,1,"Sex, Libido, and the Feminine","Sex, Libido, and the Feminine"
PHIL,1,"PHIL4XX


	
Philosophy 4XX


	
7V0101048


	
Global Liberal Arts（Japanese Philosophy and the Global World）


	The University of Tokyo	Japan",PHIL4XX,Philosophy 4XX,7V0101048,Global Liberal Arts（Japanese Philosophy and the Global World）,The University of Tokyo	Japan
PHIL,1,PHIL4XX,PHIL4XX
PHIL,1,Philosophy 4XX,Philosophy 4XX
PHIL,1,7V0101048,7V0101048
PHIL,1,Global Liberal Arts（Japanese Philosophy and the Global World）,Global Liberal Arts（Japanese Philosophy and the Global World）
PHIL,1,"PHIL4XX


	
Philosophy 4XX


	
PHIL10174


	
Topics in Mind and Cognition


	The University of Edinburgh	Scotland, UK",PHIL4XX,Philosophy 4XX,PHIL10174,Topics in Mind and Cognition,"The University of Edinburgh	Scotland, UK"
PHIL,1,PHIL4XX,PHIL4XX
PHIL,1,Philosophy 4XX,Philosophy 4XX
PHIL,1,PHIL10174,PHIL10174
PHIL,1,Topics in Mind and Cognition,Topics in Mind and Cognition
PHIL,1,"PHIL4XX


	
Philosophy 4XX


	
PHIL165


	
The Philosophy and Cognitive Science of Consciousness


	Yale University	USA",PHIL4XX,Philosophy 4XX,PHIL165,The Philosophy and Cognitive Science of Consciousness,Yale University	USA
PHIL,1,PHIL4XX,PHIL4XX
PHIL,1,Philosophy 4XX,Philosophy 4XX
PHIL,1,PHIL165,PHIL165
PHIL,1,The Philosophy and Cognitive Science of Consciousness,The Philosophy and Cognitive Science of Consciousness
PHIL,1,"PHIL4XX


	
Philosophy 4XX


	
ULAS0010026LE34


	
Japanese Philosophy I-E2


	Kyoto University	Japan",PHIL4XX,Philosophy 4XX,ULAS0010026LE34,Japanese Philosophy I-E2,Kyoto University	Japan
PHIL,1,PHIL4XX,PHIL4XX
PHIL,1,Philosophy 4XX,Philosophy 4XX
PHIL,1,ULAS0010026LE34,ULAS0010026LE34
PHIL,1,Japanese Philosophy I-E2,Japanese Philosophy I-E2
PHIL,1,"PHIL4XX


	
Philosophy 4XX


	
ULAS0010028LE34


	
Philosophy of Nature I - E2


	Kyoto University	Japan",PHIL4XX,Philosophy 4XX,ULAS0010028LE34,Philosophy of Nature I - E2,Kyoto University	Japan
PHIL,1,PHIL4XX,PHIL4XX
PHIL,1,Philosophy 4XX,Philosophy 4XX
PHIL,1,ULAS0010028LE34,ULAS0010028LE34
PHIL,1,Philosophy of Nature I - E2,Philosophy of Nature I - E2
PHIL,1,"PHIL4XX


	
Philosophy 4XX


	
W0EE5A


	
Intercontinental Philosophy


	Catholic University of Leuven	Belgium",PHIL4XX,Philosophy 4XX,W0EE5A,Intercontinental Philosophy,Catholic University of Leuven	Belgium
PHIL,1,PHIL4XX,PHIL4XX
PHIL,1,Philosophy 4XX,Philosophy 4XX
PHIL,1,W0EE5A,W0EE5A
PHIL,1,Intercontinental Philosophy,Intercontinental Philosophy
PHIL,1,"PHIL5XX


	
Philosophy 5XX


	
27280


	
Seminars (1) (G.C)


	University of Bologna	Italy",PHIL5XX,Philosophy 5XX,27280,Seminars (1) (G.C),University of Bologna	Italy
PHIL,1,PHIL5XX,PHIL5XX
PHIL,1,Philosophy 5XX,Philosophy 5XX
PHIL,1,27280,27280
PHIL,1,Seminars (1) (G.C),Seminars (1) (G.C)
PHIL,1,"New Search	
	Refine Search",New Search,Refine Search
PHIL,1,"New Search	
	Refine Search",New Search,Refine Search
PHYS,1,"Legend:	
	  Equivalent
	
	  Not Equivalent
	
	  Expired",Legend:,Equivalent,Not Equivalent,Expired
PHYS,1,Equivalent,Equivalent
PHYS,1,Not Equivalent,Not Equivalent
PHYS,1,Expired,Expired
PHYS,1,"New Search	
	Refine Search",New Search,Refine Search
PHYS,1,"New Search	
	Refine Search",New Search,Refine Search
PHYS,1,"McGill University
	
External Institution",McGill University,External Institution
PHYS,1,"Course
	
Title
	
Course
	
Title
	
Institution
	
Country
	
Status",Course,Title,Course,Title,Institution,Country,Status
PHYS,1,"PHYS101


	
Intro Physics - Mechanics


	
PHYS20700


	
General Physics


	The City College of New York	USA",PHYS101,Intro Physics - Mechanics,PHYS20700,General Physics,The City College of New York	USA
PHYS,1,PHYS101,PHYS101
PHYS,1,Intro Physics - Mechanics,Intro Physics - Mechanics
PHYS,1,PHYS20700,PHYS20700
PHYS,1,General Physics,General Physics
PHYS,1,"PHYS101


	
Introductory Physics - Mechanics.


	
GNG1505


	
Mécanique pour Ingénieurs


	University of Ottawa	Canada",PHYS101,Introductory Physics - Mechanics.,GNG1505,Mécanique pour Ingénieurs,University of Ottawa	Canada
PHYS,1,PHYS101,PHYS101
PHYS,1,Introductory Physics - Mechanics.,Introductory Physics - Mechanics.
PHYS,1,GNG1505,GNG1505
PHYS,1,Mécanique pour Ingénieurs,Mécanique pour Ingénieurs
PHYS,1,"PHYS101


	
Introductory Physics - Mechanics.


	
PHY111


	
College Physics I


	Adelphi University	USA",PHYS101,Introductory Physics - Mechanics.,PHY111,College Physics I,Adelphi University	USA
PHYS,1,PHYS101,PHYS101
PHYS,1,Introductory Physics - Mechanics.,Introductory Physics - Mechanics.
PHYS,1,PHY111,PHY111
PHYS,1,College Physics I,College Physics I
PHYS,1,"PHYS101


	
Introductory Physics - Mechanics.


	
PHY131H1F


	
Introduction to Physics I


	University of Toronto	Canada",PHYS101,Introductory Physics - Mechanics.,PHY131H1F,Introduction to Physics I,University of Toronto	Canada
PHYS,1,PHYS101,PHYS101
PHYS,1,Introductory Physics - Mechanics.,Introductory Physics - Mechanics.
PHYS,1,PHY131H1F,PHY131H1F
PHYS,1,Introduction to Physics I,Introduction to Physics I
PHYS,1,"PHYS101


	
Introductory Physics - Mechanics.


	
PHY151


	
Physics 1


	Middlesex Community College	USA",PHYS101,Introductory Physics - Mechanics.,PHY151,Physics 1,Middlesex Community College	USA
PHYS,1,PHYS101,PHYS101
PHYS,1,Introductory Physics - Mechanics.,Introductory Physics - Mechanics.
PHYS,1,PHY151,PHY151
PHYS,1,Physics 1,Physics 1
PHYS,1,"PHYS101


	
Introductory Physics - Mechanics.


	
PHY2001C


	
General Physics I with lab


	Keiser University (ALL CAMPUSES)	USA",PHYS101,Introductory Physics - Mechanics.,PHY2001C,General Physics I with lab,Keiser University (ALL CAMPUSES)	USA
PHYS,1,PHYS101,PHYS101
PHYS,1,Introductory Physics - Mechanics.,Introductory Physics - Mechanics.
PHYS,1,PHY2001C,PHY2001C
PHYS,1,General Physics I with lab,General Physics I with lab
PHYS,1,"PHYS101


	
Introductory Physics - Mechanics.


	
PHYS002A


	
General Physics Mechanics


	West Valley College	USA",PHYS101,Introductory Physics - Mechanics.,PHYS002A,General Physics Mechanics,West Valley College	USA
PHYS,1,PHYS101,PHYS101
PHYS,1,Introductory Physics - Mechanics.,Introductory Physics - Mechanics.
PHYS,1,PHYS002A,PHYS002A
PHYS,1,General Physics Mechanics,General Physics Mechanics
PHYS,1,"PHYS101


	
Introductory Physics - Mechanics.


	
PHYS111
AND


PHYS112


	
Introductory Physics I
AND


Introductory Physics II


	Central Washington University	USA",PHYS101,Introductory Physics - Mechanics.,PHYS111,AND,PHYS112,Introductory Physics I,AND,Introductory Physics II,Central Washington University	USA
PHYS,1,PHYS101,PHYS101
PHYS,1,Introductory Physics - Mechanics.,Introductory Physics - Mechanics.
PHYS,1,"PHYS111
AND",PHYS111,AND
PHYS,1,PHYS112,PHYS112
PHYS,1,"Introductory Physics I
AND",Introductory Physics I,AND
PHYS,1,Introductory Physics II,Introductory Physics II
PHYS,1,"PHYS101


	
Introductory Physics - Mechanics.


	
PHYS115


	
Physics and the Universe


	University of Saskatchewan	Canada",PHYS101,Introductory Physics - Mechanics.,PHYS115,Physics and the Universe,University of Saskatchewan	Canada
PHYS,1,PHYS101,PHYS101
PHYS,1,Introductory Physics - Mechanics.,Introductory Physics - Mechanics.
PHYS,1,PHYS115,PHYS115
PHYS,1,Physics and the Universe,Physics and the Universe
PHYS,1,"PHYS101


	
Introductory Physics - Mechanics.


	
PHYS115


	
Introductory Physics


	Queen's University	Canada",PHYS101,Introductory Physics - Mechanics.,PHYS115,Introductory Physics,Queen's University	Canada
PHYS,1,PHYS101,PHYS101
PHYS,1,Introductory Physics - Mechanics.,Introductory Physics - Mechanics.
PHYS,1,PHYS115,PHYS115
PHYS,1,Introductory Physics,Introductory Physics
PHYS,1,"PHYS101


	
Introductory Physics - Mechanics.


	
PHYSC111


	
College Physics 1 Lecture/Lab/Workshop


	Westchester Community College (SUNY)	USA",PHYS101,Introductory Physics - Mechanics.,PHYSC111,College Physics 1 Lecture/Lab/Workshop,Westchester Community College (SUNY)	USA
PHYS,1,PHYS101,PHYS101
PHYS,1,Introductory Physics - Mechanics.,Introductory Physics - Mechanics.
PHYS,1,PHYSC111,PHYSC111
PHYS,1,College Physics 1 Lecture/Lab/Workshop,College Physics 1 Lecture/Lab/Workshop
PHYS,1,"PHYS102


	
Introductory Physics - Electromagnetism.


	
PHYS182


	
Elements of Physics II


	Bridgewater State University	USA",PHYS102,Introductory Physics - Electromagnetism.,PHYS182,Elements of Physics II,Bridgewater State University	USA
PHYS,1,PHYS102,PHYS102
PHYS,1,Introductory Physics - Electromagnetism.,Introductory Physics - Electromagnetism.
PHYS,1,PHYS182,PHYS182
PHYS,1,Elements of Physics II,Elements of Physics II
PHYS,1,"PHYS102


	
Introductory Physics - Electromagnetism.


	
PHYS201


	
Introductory Physics II


	Athabasca University	Canada",PHYS102,Introductory Physics - Electromagnetism.,PHYS201,Introductory Physics II,Athabasca University	Canada
PHYS,1,PHYS102,PHYS102
PHYS,1,Introductory Physics - Electromagnetism.,Introductory Physics - Electromagnetism.
PHYS,1,PHYS201,PHYS201
PHYS,1,Introductory Physics II,Introductory Physics II
PHYS,1,"PHYS102


	
Introductory Physics - Electromagnetism.


	
PHYS205
AND


PHYS225


	
Introductory Experimental Electricity Laboratory
AND


ELECTRICITY & MAGNETISM


	Concordia University	Canada",PHYS102,Introductory Physics - Electromagnetism.,PHYS205,AND,PHYS225,Introductory Experimental Electricity Laboratory,AND,ELECTRICITY & MAGNETISM,Concordia University	Canada
PHYS,1,PHYS102,PHYS102
PHYS,1,Introductory Physics - Electromagnetism.,Introductory Physics - Electromagnetism.
PHYS,1,"PHYS205
AND",PHYS205,AND
PHYS,1,PHYS225,PHYS225
PHYS,1,"Introductory Experimental Electricity Laboratory
AND",Introductory Experimental Electricity Laboratory,AND
PHYS,1,ELECTRICITY & MAGNETISM,ELECTRICITY & MAGNETISM
PHYS,1,"PHYS102


	
Introductory Physics - Electromagnetism.


	
PHYS212A


	
College Physics II


	Salem State University	USA",PHYS102,Introductory Physics - Electromagnetism.,PHYS212A,College Physics II,Salem State University	USA
PHYS,1,PHYS102,PHYS102
PHYS,1,Introductory Physics - Electromagnetism.,Introductory Physics - Electromagnetism.
PHYS,1,PHYS212A,PHYS212A
PHYS,1,College Physics II,College Physics II
PHYS,1,"PHYS102


	
Introductory Physics - Electromagnetism.


	
PHYSCIS1E03


	
Waves, Electricity and Magnetic Fields


	McMaster University	Canada",PHYS102,Introductory Physics - Electromagnetism.,PHYSCIS1E03,"Waves, Electricity and Magnetic Fields",McMaster University	Canada
PHYS,1,PHYS102,PHYS102
PHYS,1,Introductory Physics - Electromagnetism.,Introductory Physics - Electromagnetism.
PHYS,1,PHYSCIS1E03,PHYSCIS1E03
PHYS,1,"Waves, Electricity and Magnetic Fields","Waves, Electricity and Magnetic Fields"
PHYS,1,"PHYS102


	
Introductory Physics - Electromagnetism.


	
PHYSUA12


	
General Physics II


	New York University (NYU)	USA",PHYS102,Introductory Physics - Electromagnetism.,PHYSUA12,General Physics II,New York University (NYU)	USA
PHYS,1,PHYS102,PHYS102
PHYS,1,Introductory Physics - Electromagnetism.,Introductory Physics - Electromagnetism.
PHYS,1,PHYSUA12,PHYSUA12
PHYS,1,General Physics II,General Physics II
PHYS,1,"PHYS102


	
Introductory Physics - Electromagnetism.


	
PY106


	
Elementary Physics 2


	Boston University	USA",PHYS102,Introductory Physics - Electromagnetism.,PY106,Elementary Physics 2,Boston University	USA
PHYS,1,PHYS102,PHYS102
PHYS,1,Introductory Physics - Electromagnetism.,Introductory Physics - Electromagnetism.
PHYS,1,PY106,PY106
PHYS,1,Elementary Physics 2,Elementary Physics 2
PHYS,1,"PHYS131


	
Mechanics and Waves.


	
PHYS124


	
Particles & Waves


	University of Alberta	Canada",PHYS131,Mechanics and Waves.,PHYS124,Particles & Waves,University of Alberta	Canada
PHYS,1,PHYS131,PHYS131
PHYS,1,Mechanics and Waves.,Mechanics and Waves.
PHYS,1,PHYS124,PHYS124
PHYS,1,Particles & Waves,Particles & Waves
PHYS,1,"PHYS131


	
Mechanics and Waves.


	
PHYS141


	
Calculus-based Physics


	Bard College	USA",PHYS131,Mechanics and Waves.,PHYS141,Calculus-based Physics,Bard College	USA
PHYS,1,PHYS131,PHYS131
PHYS,1,Mechanics and Waves.,Mechanics and Waves.
PHYS,1,PHYS141,PHYS141
PHYS,1,Calculus-based Physics,Calculus-based Physics
PHYS,1,"PHYS131


	
Mechanics and Waves.


	
PHYS2001


	
Introduction to Physics


	Ohio University	USA",PHYS131,Mechanics and Waves.,PHYS2001,Introduction to Physics,Ohio University	USA
PHYS,1,PHYS131,PHYS131
PHYS,1,Mechanics and Waves.,Mechanics and Waves.
PHYS,1,PHYS2001,PHYS2001
PHYS,1,Introduction to Physics,Introduction to Physics
PHYS,1,"PHYS142


	
Electromagnetism & Optics


	
PHY1E03


	
Waves, Electricity and Magnetic Fields


	McMaster University	Canada",PHYS142,Electromagnetism & Optics,PHY1E03,"Waves, Electricity and Magnetic Fields",McMaster University	Canada
PHYS,1,PHYS142,PHYS142
PHYS,1,Electromagnetism & Optics,Electromagnetism & Optics
PHYS,1,PHY1E03,PHY1E03
PHYS,1,"Waves, Electricity and Magnetic Fields","Waves, Electricity and Magnetic Fields"
PHYS,1,"PHYS142


	
Electromagnetism and Optics.


	
PHQ020


	
Notions fondamentales d'électricité et de magnétisme


	Universite de Sherbrooke	Canada",PHYS142,Electromagnetism and Optics.,PHQ020,Notions fondamentales d'électricité et de magnétisme,Universite de Sherbrooke	Canada
PHYS,1,PHYS142,PHYS142
PHYS,1,Electromagnetism and Optics.,Electromagnetism and Optics.
PHYS,1,PHQ020,PHQ020
PHYS,1,Notions fondamentales d'électricité et de magnétisme,Notions fondamentales d'électricité et de magnétisme
PHYS,1,"PHYS142


	
Electromagnetism and Optics.


	
PHY1902


	
Électricité et optiques


	Universite de Montreal	Canada",PHYS142,Electromagnetism and Optics.,PHY1902,Électricité et optiques,Universite de Montreal	Canada
PHYS,1,PHYS142,PHYS142
PHYS,1,Electromagnetism and Optics.,Electromagnetism and Optics.
PHYS,1,PHY1902,PHY1902
PHYS,1,Électricité et optiques,Électricité et optiques
PHYS,1,"PHYS142


	
Electromagnetism and Optics.


	
PHY270


	
Electricity and Magnetism Physics (with lab)


	University of International Business and Economics (UIBE)	China",PHYS142,Electromagnetism and Optics.,PHY270,Electricity and Magnetism Physics (with lab),University of International Business and Economics (UIBE)	China
PHYS,1,PHYS142,PHYS142
PHYS,1,Electromagnetism and Optics.,Electromagnetism and Optics.
PHYS,1,PHY270,PHY270
PHYS,1,Electricity and Magnetism Physics (with lab),Electricity and Magnetism Physics (with lab)
PHYS,1,"PHYS142


	
Electromagnetism and Optics.


	
PHYS142


	
Calculus-Based Physics 2


	Bard College	USA",PHYS142,Electromagnetism and Optics.,PHYS142,Calculus-Based Physics 2,Bard College	USA
PHYS,1,PHYS142,PHYS142
PHYS,1,Electromagnetism and Optics.,Electromagnetism and Optics.
PHYS,1,PHYS142,PHYS142
PHYS,1,Calculus-Based Physics 2,Calculus-Based Physics 2
PHYS,1,"PHYS180


	
Space, Time and Matter.


	
PHYC10200


	
Conceptual Physics


	University College Dublin	Ireland",PHYS180,"Space, Time and Matter.",PHYC10200,Conceptual Physics,University College Dublin	Ireland
PHYS,1,PHYS180,PHYS180
PHYS,1,"Space, Time and Matter.","Space, Time and Matter."
PHYS,1,PHYC10200,PHYC10200
PHYS,1,Conceptual Physics,Conceptual Physics
PHYS,1,"PHYS181


	
Everyday Physics.


	
COREUA214


	
How Things Work


	New York University (NYU)	USA",PHYS181,Everyday Physics.,COREUA214,How Things Work,New York University (NYU)	USA
PHYS,1,PHYS181,PHYS181
PHYS,1,Everyday Physics.,Everyday Physics.
PHYS,1,COREUA214,COREUA214
PHYS,1,How Things Work,How Things Work
PHYS,1,"PHYS181


	
Everyday Physics.


	
PHYS200


	
Frontiers in Physics - Without Mathematics


	Concordia University	Canada",PHYS181,Everyday Physics.,PHYS200,Frontiers in Physics - Without Mathematics,Concordia University	Canada
PHYS,1,PHYS181,PHYS181
PHYS,1,Everyday Physics.,Everyday Physics.
PHYS,1,PHYS200,PHYS200
PHYS,1,Frontiers in Physics - Without Mathematics,Frontiers in Physics - Without Mathematics
PHYS,1,"PHYS182


	
Our Evolving Universe.


	
30121


	
Astrophysics I


	Technical University of Denmark	Denmark",PHYS182,Our Evolving Universe.,30121,Astrophysics I,Technical University of Denmark	Denmark
PHYS,1,PHYS182,PHYS182
PHYS,1,Our Evolving Universe.,Our Evolving Universe.
PHYS,1,30121,30121
PHYS,1,Astrophysics I,Astrophysics I
PHYS,1,"PHYS182


	
Our Evolving Universe.


	
PHY1972


	
Comprendre l'Univers


	Universite de Montreal	Canada",PHYS182,Our Evolving Universe.,PHY1972,Comprendre l'Univers,Universite de Montreal	Canada
PHYS,1,PHYS182,PHYS182
PHYS,1,Our Evolving Universe.,Our Evolving Universe.
PHYS,1,PHY1972,PHY1972
PHYS,1,Comprendre l'Univers,Comprendre l'Univers
PHYS,1,"PHYS182


	
Our Evolving Universe.


	
PHYS08060


	
The Dark Universe


	The University of Edinburgh	Scotland, UK",PHYS182,Our Evolving Universe.,PHYS08060,The Dark Universe,"The University of Edinburgh	Scotland, UK"
PHYS,1,PHYS182,PHYS182
PHYS,1,Our Evolving Universe.,Our Evolving Universe.
PHYS,1,PHYS08060,PHYS08060
PHYS,1,The Dark Universe,The Dark Universe
PHYS,1,"PHYS183


	
The Milky Way Inside and Out.


	
ASTRO120


	
Astronomy of the Solar system


	University of Alberta	Canada",PHYS183,The Milky Way Inside and Out.,ASTRO120,Astronomy of the Solar system,University of Alberta	Canada
PHYS,1,PHYS183,PHYS183
PHYS,1,The Milky Way Inside and Out.,The Milky Way Inside and Out.
PHYS,1,ASTRO120,ASTRO120
PHYS,1,Astronomy of the Solar system,Astronomy of the Solar system
PHYS,1,"PHYS183


	
The Milky Way Inside and Out.


	
PHYS08039


	
Discovering Astronomy


	The University of Edinburgh	Scotland, UK",PHYS183,The Milky Way Inside and Out.,PHYS08039,Discovering Astronomy,"The University of Edinburgh	Scotland, UK"
PHYS,1,PHYS183,PHYS183
PHYS,1,The Milky Way Inside and Out.,The Milky Way Inside and Out.
PHYS,1,PHYS08039,PHYS08039
PHYS,1,Discovering Astronomy,Discovering Astronomy
PHYS,1,"PHYS186


	
Astrobiology.


	
AST201


	
Introduction to Astrobiology


	University of Zurich	Switzerland",PHYS186,Astrobiology.,AST201,Introduction to Astrobiology,University of Zurich	Switzerland
PHYS,1,PHYS186,PHYS186
PHYS,1,Astrobiology.,Astrobiology.
PHYS,1,AST201,AST201
PHYS,1,Introduction to Astrobiology,Introduction to Astrobiology
PHYS,1,"PHYS1XX


	
Physics 1XX


	
ASTRO1003


	
Exploring the Cosmos 1X


	The University of Glasgow	Scotland, UK",PHYS1XX,Physics 1XX,ASTRO1003,Exploring the Cosmos 1X,"The University of Glasgow	Scotland, UK"
PHYS,1,PHYS1XX,PHYS1XX
PHYS,1,Physics 1XX,Physics 1XX
PHYS,1,ASTRO1003,ASTRO1003
PHYS,1,Exploring the Cosmos 1X,Exploring the Cosmos 1X
PHYS,1,"PHYS1XX


	
Physics 1XX


	
PHAS1510


	
Planets and the Search for Life


	University of Leeds	England, UK",PHYS1XX,Physics 1XX,PHAS1510,Planets and the Search for Life,"University of Leeds	England, UK"
PHYS,1,PHYS1XX,PHYS1XX
PHYS,1,Physics 1XX,Physics 1XX
PHYS,1,PHAS1510,PHAS1510
PHYS,1,Planets and the Search for Life,Planets and the Search for Life
PHYS,1,"PHYS1XX


	
Physics 1XX


	
PHY107


	
Applied Physics


	École Polytechnique	France",PHYS1XX,Physics 1XX,PHY107,Applied Physics,École Polytechnique	France
PHYS,1,PHYS1XX,PHYS1XX
PHYS,1,Physics 1XX,Physics 1XX
PHYS,1,PHY107,PHY107
PHYS,1,Applied Physics,Applied Physics
PHYS,1,"PHYS1XX


	
Physics 1XX


	
PHY1901


	
Mécanique et physique moderne


	Universite de Montreal	Canada",PHYS1XX,Physics 1XX,PHY1901,Mécanique et physique moderne,Universite de Montreal	Canada
PHYS,1,PHYS1XX,PHYS1XX
PHYS,1,Physics 1XX,Physics 1XX
PHYS,1,PHY1901,PHY1901
PHYS,1,Mécanique et physique moderne,Mécanique et physique moderne
PHYS,1,"PHYS1XX


	
Physics 1XX


	
PHYS1002


	
Introduction to Astrophysics and Astronomy


	The Hong Kong University of Science and Technology	Hong Kong, SAR",PHYS1XX,Physics 1XX,PHYS1002,Introduction to Astrophysics and Astronomy,"The Hong Kong University of Science and Technology	Hong Kong, SAR"
PHYS,1,PHYS1XX,PHYS1XX
PHYS,1,Physics 1XX,Physics 1XX
PHYS,1,PHYS1002,PHYS1002
PHYS,1,Introduction to Astrophysics and Astronomy,Introduction to Astrophysics and Astronomy
PHYS,1,"PHYS1XX


	
Physics 1XX


	
PHYSUA7


	
The Universe: Its Nature and History


	New York University (NYU)	USA",PHYS1XX,Physics 1XX,PHYSUA7,The Universe: Its Nature and History,New York University (NYU)	USA
PHYS,1,PHYS1XX,PHYS1XX
PHYS,1,Physics 1XX,Physics 1XX
PHYS,1,PHYSUA7,PHYSUA7
PHYS,1,The Universe: Its Nature and History,The Universe: Its Nature and History
PHYS,1,"PHYS228


	
Energy and the Environment.


	
10333


	
Physics of Sustainable Energy


	Technical University of Denmark	Denmark",PHYS228,Energy and the Environment.,10333,Physics of Sustainable Energy,Technical University of Denmark	Denmark
PHYS,1,PHYS228,PHYS228
PHYS,1,Energy and the Environment.,Energy and the Environment.
PHYS,1,10333,10333
PHYS,1,Physics of Sustainable Energy,Physics of Sustainable Energy
PHYS,1,"PHYS228


	
Energy and the Environment.


	
PHYS1003


	
Energy and Related Environmental Issues


	The Hong Kong University of Science and Technology	Hong Kong, SAR",PHYS228,Energy and the Environment.,PHYS1003,Energy and Related Environmental Issues,"The Hong Kong University of Science and Technology	Hong Kong, SAR"
PHYS,1,PHYS228,PHYS228
PHYS,1,Energy and the Environment.,Energy and the Environment.
PHYS,1,PHYS1003,PHYS1003
PHYS,1,Energy and Related Environmental Issues,Energy and Related Environmental Issues
PHYS,1,"PHYS230


	
Dynamics of Simple Systems.


	
PHYS118


	
Mechanics and Relativity


	University of North Carolina at Chapel Hill	USA",PHYS230,Dynamics of Simple Systems.,PHYS118,Mechanics and Relativity,University of North Carolina at Chapel Hill	USA
PHYS,1,PHYS230,PHYS230
PHYS,1,Dynamics of Simple Systems.,Dynamics of Simple Systems.
PHYS,1,PHYS118,PHYS118
PHYS,1,Mechanics and Relativity,Mechanics and Relativity
PHYS,1,"PHYS230


	
Dynamics of Simple Systems.


	
PHYS245


	
Classical Mechanics


	Concordia University	Canada",PHYS230,Dynamics of Simple Systems.,PHYS245,Classical Mechanics,Concordia University	Canada
PHYS,1,PHYS230,PHYS230
PHYS,1,Dynamics of Simple Systems.,Dynamics of Simple Systems.
PHYS,1,PHYS245,PHYS245
PHYS,1,Classical Mechanics,Classical Mechanics
PHYS,1,"PHYS230


	
Dynamics of Simple Systems.


	
PHYSICS103


	
Intermediate Mechanics & Special Relativity


	University of California - Santa Barbara	USA",PHYS230,Dynamics of Simple Systems.,PHYSICS103,Intermediate Mechanics & Special Relativity,University of California - Santa Barbara	USA
PHYS,1,PHYS230,PHYS230
PHYS,1,Dynamics of Simple Systems.,Dynamics of Simple Systems.
PHYS,1,PHYSICS103,PHYSICS103
PHYS,1,Intermediate Mechanics & Special Relativity,Intermediate Mechanics & Special Relativity
PHYS,1,"PHYS232


	
Heat and Waves.


	
10080


	
Physics for materials and energy


	Technical University of Denmark	Denmark",PHYS232,Heat and Waves.,10080,Physics for materials and energy,Technical University of Denmark	Denmark
PHYS,1,PHYS232,PHYS232
PHYS,1,Heat and Waves.,Heat and Waves.
PHYS,1,10080,10080
PHYS,1,Physics for materials and energy,Physics for materials and energy
PHYS,1,"PHYS232


	
Heat and Waves.


	
PHYS206


	
Fluid Mechanics


	École Polytechnique	France",PHYS232,Heat and Waves.,PHYS206,Fluid Mechanics,École Polytechnique	France
PHYS,1,PHYS232,PHYS232
PHYS,1,Heat and Waves.,Heat and Waves.
PHYS,1,PHYS206,PHYS206
PHYS,1,Fluid Mechanics,Fluid Mechanics
PHYS,1,"PHYS253


	
Thermal Physics.


	
47201


	
Engineering thermodynamics


	Technical University of Denmark	Denmark",PHYS253,Thermal Physics.,47201,Engineering thermodynamics,Technical University of Denmark	Denmark
PHYS,1,PHYS253,PHYS253
PHYS,1,Thermal Physics.,Thermal Physics.
PHYS,1,47201,47201
PHYS,1,Engineering thermodynamics,Engineering thermodynamics
PHYS,1,"PHYS253


	
Thermal Physics.


	
PH2103


	
Thermal Physics


	Nanyang Technological University	Singapore",PHYS253,Thermal Physics.,PH2103,Thermal Physics,Nanyang Technological University	Singapore
PHYS,1,PHYS253,PHYS253
PHYS,1,Thermal Physics.,Thermal Physics.
PHYS,1,PH2103,PH2103
PHYS,1,Thermal Physics,Thermal Physics
PHYS,1,"PHYS253


	
Thermal Physics.


	
PHY260


	
Thermal Physics (With Lab)


	University of International Business and Economics (UIBE)	China",PHYS253,Thermal Physics.,PHY260,Thermal Physics (With Lab),University of International Business and Economics (UIBE)	China
PHYS,1,PHYS253,PHYS253
PHYS,1,Thermal Physics.,Thermal Physics.
PHYS,1,PHY260,PHY260
PHYS,1,Thermal Physics (With Lab),Thermal Physics (With Lab)
PHYS,1,"PHYS253


	
Thermal Physics.


	
PHYC20012


	
Quantum and Thermal Physics


	University of Melbourne	Australia",PHYS253,Thermal Physics.,PHYC20012,Quantum and Thermal Physics,University of Melbourne	Australia
PHYS,1,PHYS253,PHYS253
PHYS,1,Thermal Physics.,Thermal Physics.
PHYS,1,PHYC20012,PHYC20012
PHYS,1,Quantum and Thermal Physics,Quantum and Thermal Physics
PHYS,1,"PHYS253
AND


PHYS362


	
Thermal Physics.
AND


Statistical Mechanics.


	
PHYS09061


	
Thermal Physics


	The University of Edinburgh	Scotland, UK",PHYS253,AND,PHYS362,Thermal Physics.,AND,Statistical Mechanics.,PHYS09061,Thermal Physics,"The University of Edinburgh	Scotland, UK"
PHYS,1,"PHYS253
AND",PHYS253,AND
PHYS,1,PHYS362,PHYS362
PHYS,1,"Thermal Physics.
AND",Thermal Physics.,AND
PHYS,1,Statistical Mechanics.,Statistical Mechanics.
PHYS,1,PHYS09061,PHYS09061
PHYS,1,Thermal Physics,Thermal Physics
PHYS,1,"PHYS253


	
Thermal Physics.


	
PHYS2020


	
Thermodynamics & Condensed Matter Physics


	University of Queensland (UQ)	Australia",PHYS253,Thermal Physics.,PHYS2020,Thermodynamics & Condensed Matter Physics,University of Queensland (UQ)	Australia
PHYS,1,PHYS253,PHYS253
PHYS,1,Thermal Physics.,Thermal Physics.
PHYS,1,PHYS2020,PHYS2020
PHYS,1,Thermodynamics & Condensed Matter Physics,Thermodynamics & Condensed Matter Physics
PHYS,1,"PHYS253


	
Thermal Physics.


	
PHYS3113


	
Thermal Physics and Statistical Mechanics


	University of New South Wales (UNSW)	Australia",PHYS253,Thermal Physics.,PHYS3113,Thermal Physics and Statistical Mechanics,University of New South Wales (UNSW)	Australia
PHYS,1,PHYS253,PHYS253
PHYS,1,Thermal Physics.,Thermal Physics.
PHYS,1,PHYS3113,PHYS3113
PHYS,1,Thermal Physics and Statistical Mechanics,Thermal Physics and Statistical Mechanics
PHYS,1,"PHYS257


	
Experimental Methods 1.


	
PH1198


	
Physics Laboratory Ia


	Nanyang Technological University	Singapore",PHYS257,Experimental Methods 1.,PH1198,Physics Laboratory Ia,Nanyang Technological University	Singapore
PHYS,1,PHYS257,PHYS257
PHYS,1,Experimental Methods 1.,Experimental Methods 1.
PHYS,1,PH1198,PH1198
PHYS,1,Physics Laboratory Ia,Physics Laboratory Ia
PHYS,1,"PHYS257


	
Experimental Methods 1.


	
PHYS230


	
Experimental Physics 1


	Concordia University	Canada",PHYS257,Experimental Methods 1.,PHYS230,Experimental Physics 1,Concordia University	Canada
PHYS,1,PHYS257,PHYS257
PHYS,1,Experimental Methods 1.,Experimental Methods 1.
PHYS,1,PHYS230,PHYS230
PHYS,1,Experimental Physics 1,Experimental Physics 1
PHYS,1,"PHYS260


	
Modern Physics and Relativity.


	
N249001


	
Theory of Special Relativity


	Kyoto University	Japan",PHYS260,Modern Physics and Relativity.,N249001,Theory of Special Relativity,Kyoto University	Japan
PHYS,1,PHYS260,PHYS260
PHYS,1,Modern Physics and Relativity.,Modern Physics and Relativity.
PHYS,1,N249001,N249001
PHYS,1,Theory of Special Relativity,Theory of Special Relativity
PHYS,1,"PHYS2XX


	
Physics 2XX


	
EE4438


	
Solar Cells and Modules


	National University of Singapore	Singapore",PHYS2XX,Physics 2XX,EE4438,Solar Cells and Modules,National University of Singapore	Singapore
PHYS,1,PHYS2XX,PHYS2XX
PHYS,1,Physics 2XX,Physics 2XX
PHYS,1,EE4438,EE4438
PHYS,1,Solar Cells and Modules,Solar Cells and Modules
PHYS,1,"PHYS2XX


	
Physics 2XX


	
PH2104


	
Analytical Mechanics


	Nanyang Technological University	Singapore",PHYS2XX,Physics 2XX,PH2104,Analytical Mechanics,Nanyang Technological University	Singapore
PHYS,1,PHYS2XX,PHYS2XX
PHYS,1,Physics 2XX,Physics 2XX
PHYS,1,PH2104,PH2104
PHYS,1,Analytical Mechanics,Analytical Mechanics
PHYS,1,"PHYS2XX


	
Physics 2XX


	
PH2401


	
Introductory Astrophysics


	Nanyang Technological University	Singapore",PHYS2XX,Physics 2XX,PH2401,Introductory Astrophysics,Nanyang Technological University	Singapore
PHYS,1,PHYS2XX,PHYS2XX
PHYS,1,Physics 2XX,Physics 2XX
PHYS,1,PH2401,PH2401
PHYS,1,Introductory Astrophysics,Introductory Astrophysics
PHYS,1,"PHYS319


	
Introduction to Biophysics.


	
MPHY0006


	
Introduction to Biophysics


	University College London (UCL) - University of London	England, UK",PHYS319,Introduction to Biophysics.,MPHY0006,Introduction to Biophysics,"University College London (UCL) - University of London	England, UK"
PHYS,1,PHYS319,PHYS319
PHYS,1,Introduction to Biophysics.,Introduction to Biophysics.
PHYS,1,MPHY0006,MPHY0006
PHYS,1,Introduction to Biophysics,Introduction to Biophysics
PHYS,1,"PHYS319


	
Introduction to Biophysics.


	
PH2014


	
Physical Biology of the Cell II


	Munich University of Technology	Germany",PHYS319,Introduction to Biophysics.,PH2014,Physical Biology of the Cell II,Munich University of Technology	Germany
PHYS,1,PHYS319,PHYS319
PHYS,1,Introduction to Biophysics.,Introduction to Biophysics.
PHYS,1,PH2014,PH2014
PHYS,1,Physical Biology of the Cell II,Physical Biology of the Cell II
PHYS,1,"PHYS319


	
Introduction to Biophysics.


	
PH3603


	
Biophysics


	Nanyang Technological University	Singapore",PHYS319,Introduction to Biophysics.,PH3603,Biophysics,Nanyang Technological University	Singapore
PHYS,1,PHYS319,PHYS319
PHYS,1,Introduction to Biophysics.,Introduction to Biophysics.
PHYS,1,PH3603,PH3603
PHYS,1,Biophysics,Biophysics
PHYS,1,"PHYS320


	
Introductory Astrophysics.


	
PHYC30019


	
Astrophysics


	University of Melbourne	Australia",PHYS320,Introductory Astrophysics.,PHYC30019,Astrophysics,University of Melbourne	Australia
PHYS,1,PHYS320,PHYS320
PHYS,1,Introductory Astrophysics.,Introductory Astrophysics.
PHYS,1,PHYC30019,PHYC30019
PHYS,1,Astrophysics,Astrophysics
PHYS,1,"PHYS321


	
Data Science and Observational Astrophysics.


	
PH3403


	
Astrophysics and Cosmology


	Nanyang Technological University	Singapore",PHYS321,Data Science and Observational Astrophysics.,PH3403,Astrophysics and Cosmology,Nanyang Technological University	Singapore
PHYS,1,PHYS321,PHYS321
PHYS,1,Data Science and Observational Astrophysics.,Data Science and Observational Astrophysics.
PHYS,1,PH3403,PH3403
PHYS,1,Astrophysics and Cosmology,Astrophysics and Cosmology
PHYS,1,"PHYS328


	
Electronics.


	
KIE1006


	
Electronic Physics


	University of Malaya	Malaysia",PHYS328,Electronics.,KIE1006,Electronic Physics,University of Malaya	Malaysia
PHYS,1,PHYS328,PHYS328
PHYS,1,Electronics.,Electronics.
PHYS,1,KIE1006,KIE1006
PHYS,1,Electronic Physics,Electronic Physics
PHYS,1,"PHYS331


	
Topics in Classical Mechanics.


	
PHYS11012


	
Hamiltonian Dynamics


	The University of Edinburgh	Scotland, UK",PHYS331,Topics in Classical Mechanics.,PHYS11012,Hamiltonian Dynamics,"The University of Edinburgh	Scotland, UK"
PHYS,1,PHYS331,PHYS331
PHYS,1,Topics in Classical Mechanics.,Topics in Classical Mechanics.
PHYS,1,PHYS11012,PHYS11012
PHYS,1,Hamiltonian Dynamics,Hamiltonian Dynamics
PHYS,1,"PHYS331


	
Topics in Classical Mechanics.


	
SPA5304


	
Physical Dynamics


	Queen Mary University of London (QMUL)	England, UK",PHYS331,Topics in Classical Mechanics.,SPA5304,Physical Dynamics,"Queen Mary University of London (QMUL)	England, UK"
PHYS,1,PHYS331,PHYS331
PHYS,1,Topics in Classical Mechanics.,Topics in Classical Mechanics.
PHYS,1,SPA5304,SPA5304
PHYS,1,Physical Dynamics,Physical Dynamics
PHYS,1,"PHYS333


	
Thermal and Statistical Physics.


	
PHAS0024


	
Statistical Physics of Matter


	University College London (UCL) - University of London	England, UK",PHYS333,Thermal and Statistical Physics.,PHAS0024,Statistical Physics of Matter,"University College London (UCL) - University of London	England, UK"
PHYS,1,PHYS333,PHYS333
PHYS,1,Thermal and Statistical Physics.,Thermal and Statistical Physics.
PHYS,1,PHAS0024,PHAS0024
PHYS,1,Statistical Physics of Matter,Statistical Physics of Matter
PHYS,1,"PHYS333


	
Thermal and Statistical Physics.


	
PHYS09019


	
Statistical Mechanics


	The University of Edinburgh	Scotland, UK",PHYS333,Thermal and Statistical Physics.,PHYS09019,Statistical Mechanics,"The University of Edinburgh	Scotland, UK"
PHYS,1,PHYS333,PHYS333
PHYS,1,Thermal and Statistical Physics.,Thermal and Statistical Physics.
PHYS,1,PHYS09019,PHYS09019
PHYS,1,Statistical Mechanics,Statistical Mechanics
PHYS,1,"PHYS333


	
Thermal and Statistical Physics.


	
SPA6403


	
Statistical Physics


	Queen Mary University of London (QMUL)	England, UK",PHYS333,Thermal and Statistical Physics.,SPA6403,Statistical Physics,"Queen Mary University of London (QMUL)	England, UK"
PHYS,1,PHYS333,PHYS333
PHYS,1,Thermal and Statistical Physics.,Thermal and Statistical Physics.
PHYS,1,SPA6403,SPA6403
PHYS,1,Statistical Physics,Statistical Physics
PHYS,1,"PHYS339


	
Measurements Laboratory in General Physics.


	
ELEE08022


	
Software and Embedded Systems Laboratory 2


	The University of Edinburgh	Scotland, UK",PHYS339,Measurements Laboratory in General Physics.,ELEE08022,Software and Embedded Systems Laboratory 2,"The University of Edinburgh	Scotland, UK"
PHYS,1,PHYS339,PHYS339
PHYS,1,Measurements Laboratory in General Physics.,Measurements Laboratory in General Physics.
PHYS,1,ELEE08022,ELEE08022
PHYS,1,Software and Embedded Systems Laboratory 2,Software and Embedded Systems Laboratory 2
PHYS,1,"PHYS339


	
Measurements Laboratory in General Physics.


	
PHYS09057


	
Computer Modelling


	The University of Edinburgh	Scotland, UK",PHYS339,Measurements Laboratory in General Physics.,PHYS09057,Computer Modelling,"The University of Edinburgh	Scotland, UK"
PHYS,1,PHYS339,PHYS339
PHYS,1,Measurements Laboratory in General Physics.,Measurements Laboratory in General Physics.
PHYS,1,PHYS09057,PHYS09057
PHYS,1,Computer Modelling,Computer Modelling
PHYS,1,"PHYS340


	
Majors Electricity and Magnetism.


	
PHYS253


	
Electricity and Magnetism I


	Concordia University	Canada",PHYS340,Majors Electricity and Magnetism.,PHYS253,Electricity and Magnetism I,Concordia University	Canada
PHYS,1,PHYS340,PHYS340
PHYS,1,Majors Electricity and Magnetism.,Majors Electricity and Magnetism.
PHYS,1,PHYS253,PHYS253
PHYS,1,Electricity and Magnetism I,Electricity and Magnetism I
PHYS,1,"PHYS342


	
Majors Electromagnetic Waves.


	
SPA5222


	
Electromagnetic Waves and Optics


	Queen Mary University of London (QMUL)	England, UK",PHYS342,Majors Electromagnetic Waves.,SPA5222,Electromagnetic Waves and Optics,"Queen Mary University of London (QMUL)	England, UK"
PHYS,1,PHYS342,PHYS342
PHYS,1,Majors Electromagnetic Waves.,Majors Electromagnetic Waves.
PHYS,1,SPA5222,SPA5222
PHYS,1,Electromagnetic Waves and Optics,Electromagnetic Waves and Optics
PHYS,1,"PHYS346


	
Majors Quantum Physics.


	
10104


	
Introduction to Quantum Mechanics


	Technical University of Denmark	Denmark",PHYS346,Majors Quantum Physics.,10104,Introduction to Quantum Mechanics,Technical University of Denmark	Denmark
PHYS,1,PHYS346,PHYS346
PHYS,1,Majors Quantum Physics.,Majors Quantum Physics.
PHYS,1,10104,10104
PHYS,1,Introduction to Quantum Mechanics,Introduction to Quantum Mechanics
PHYS,1,"PHYS346


	
Majors Quantum Physics.


	
PHY205


	
Introduction to Quantum Physics


	École Polytechnique	France",PHYS346,Majors Quantum Physics.,PHY205,Introduction to Quantum Physics,École Polytechnique	France
PHYS,1,PHYS346,PHYS346
PHYS,1,Majors Quantum Physics.,Majors Quantum Physics.
PHYS,1,PHY205,PHY205
PHYS,1,Introduction to Quantum Physics,Introduction to Quantum Physics
PHYS,1,"PHYS346


	
Majors Quantum Physics.


	
PHY240


	
Introduction to Qunatum Physics (With Lab)


	University of International Business and Economics (UIBE)	China",PHYS346,Majors Quantum Physics.,PHY240,Introduction to Qunatum Physics (With Lab),University of International Business and Economics (UIBE)	China
PHYS,1,PHYS346,PHYS346
PHYS,1,Majors Quantum Physics.,Majors Quantum Physics.
PHYS,1,PHY240,PHY240
PHYS,1,Introduction to Qunatum Physics (With Lab),Introduction to Qunatum Physics (With Lab)
PHYS,1,"PHYS346


	
Majors Quantum Physics.


	
PHYC30018


	
Quantum Physics


	University of Melbourne	Australia",PHYS346,Majors Quantum Physics.,PHYC30018,Quantum Physics,University of Melbourne	Australia
PHYS,1,PHYS346,PHYS346
PHYS,1,Majors Quantum Physics.,Majors Quantum Physics.
PHYS,1,PHYC30018,PHYC30018
PHYS,1,Quantum Physics,Quantum Physics
PHYS,1,"PHYS350


	
Honours Electricity and Magnetism.


	
FYSC20


	
Electromagnetism


	Lund University (LU)	Sweden",PHYS350,Honours Electricity and Magnetism.,FYSC20,Electromagnetism,Lund University (LU)	Sweden
PHYS,1,PHYS350,PHYS350
PHYS,1,Honours Electricity and Magnetism.,Honours Electricity and Magnetism.
PHYS,1,FYSC20,FYSC20
PHYS,1,Electromagnetism,Electromagnetism
PHYS,1,"PHYS350


	
Honours Electricity and Magnetism.


	
PC2031


	
Electricity and Magnetism I


	National University of Singapore	Singapore",PHYS350,Honours Electricity and Magnetism.,PC2031,Electricity and Magnetism I,National University of Singapore	Singapore
PHYS,1,PHYS350,PHYS350
PHYS,1,Honours Electricity and Magnetism.,Honours Electricity and Magnetism.
PHYS,1,PC2031,PC2031
PHYS,1,Electricity and Magnetism I,Electricity and Magnetism I
PHYS,1,"PHYS350


	
Honours Electricity and Magnetism.


	
PH2102


	
Electromagnetism


	Nanyang Technological University	Singapore",PHYS350,Honours Electricity and Magnetism.,PH2102,Electromagnetism,Nanyang Technological University	Singapore
PHYS,1,PHYS350,PHYS350
PHYS,1,Honours Electricity and Magnetism.,Honours Electricity and Magnetism.
PHYS,1,PH2102,PH2102
PHYS,1,Electromagnetism,Electromagnetism
PHYS,1,"PHYS350


	
Honours Electricity and Magnetism.


	
PHY2191


	
ELECTRICITY AND MAGNETISM


	City University of Hong Kong	Hong Kong, SAR",PHYS350,Honours Electricity and Magnetism.,PHY2191,ELECTRICITY AND MAGNETISM,"City University of Hong Kong	Hong Kong, SAR"
PHYS,1,PHYS350,PHYS350
PHYS,1,Honours Electricity and Magnetism.,Honours Electricity and Magnetism.
PHYS,1,PHY2191,PHY2191
PHYS,1,ELECTRICITY AND MAGNETISM,ELECTRICITY AND MAGNETISM
PHYS,1,"PHYS350
AND


PHYS352


	
Honours Electricity and Magnetism.
AND


Honours Electromagnetic Waves.


	
PHYS09060


	
Electromagnetism


	The University of Edinburgh	Scotland, UK",PHYS350,AND,PHYS352,Honours Electricity and Magnetism.,AND,Honours Electromagnetic Waves.,PHYS09060,Electromagnetism,"The University of Edinburgh	Scotland, UK"
PHYS,1,"PHYS350
AND",PHYS350,AND
PHYS,1,PHYS352,PHYS352
PHYS,1,"Honours Electricity and Magnetism.
AND",Honours Electricity and Magnetism.,AND
PHYS,1,Honours Electromagnetic Waves.,Honours Electromagnetic Waves.
PHYS,1,PHYS09060,PHYS09060
PHYS,1,Electromagnetism,Electromagnetism
PHYS,1,"PHYS350


	
Honours Electricity and Magnetism.


	
WBPH033


	
Electricity and Magnetism


	University of Groningen	Netherlands",PHYS350,Honours Electricity and Magnetism.,WBPH033,Electricity and Magnetism,University of Groningen	Netherlands
PHYS,1,PHYS350,PHYS350
PHYS,1,Honours Electricity and Magnetism.,Honours Electricity and Magnetism.
PHYS,1,WBPH033,WBPH033
PHYS,1,Electricity and Magnetism,Electricity and Magnetism
PHYS,1,"PHYS351


	
Honours Classical Mechanics 2.


	
PHYS10015


	
Lagrangian Dynamics


	The University of Edinburgh	Scotland, UK",PHYS351,Honours Classical Mechanics 2.,PHYS10015,Lagrangian Dynamics,"The University of Edinburgh	Scotland, UK"
PHYS,1,PHYS351,PHYS351
PHYS,1,Honours Classical Mechanics 2.,Honours Classical Mechanics 2.
PHYS,1,PHYS10015,PHYS10015
PHYS,1,Lagrangian Dynamics,Lagrangian Dynamics
PHYS,1,"PHYS357


	
Honours Quantum Physics 1.


	
PHYS2111


	
Quantum Physics


	University of New South Wales (UNSW)	Australia",PHYS357,Honours Quantum Physics 1.,PHYS2111,Quantum Physics,University of New South Wales (UNSW)	Australia
PHYS,1,PHYS357,PHYS357
PHYS,1,Honours Quantum Physics 1.,Honours Quantum Physics 1.
PHYS,1,PHYS2111,PHYS2111
PHYS,1,Quantum Physics,Quantum Physics
PHYS,1,"PHYS434


	
Optics.


	
PH2301


	
Physical Optics


	Nanyang Technological University	Singapore",PHYS434,Optics.,PH2301,Physical Optics,Nanyang Technological University	Singapore
PHYS,1,PHYS434,PHYS434
PHYS,1,Optics.,Optics.
PHYS,1,PH2301,PH2301
PHYS,1,Physical Optics,Physical Optics
PHYS,1,"PHYS447


	
Applications of Quantum Mechanics.


	
PHYS3040


	
Quantum Mechanics II


	University of Queensland (UQ)	Australia",PHYS447,Applications of Quantum Mechanics.,PHYS3040,Quantum Mechanics II,University of Queensland (UQ)	Australia
PHYS,1,PHYS447,PHYS447
PHYS,1,Applications of Quantum Mechanics.,Applications of Quantum Mechanics.
PHYS,1,PHYS3040,PHYS3040
PHYS,1,Quantum Mechanics II,Quantum Mechanics II
PHYS,1,"PHYS4XX


	
Physics 4XX


	
PH4603


	
Soft Condensed Matter Physics


	Nanyang Technological University	Singapore",PHYS4XX,Physics 4XX,PH4603,Soft Condensed Matter Physics,Nanyang Technological University	Singapore
PHYS,1,PHYS4XX,PHYS4XX
PHYS,1,Physics 4XX,Physics 4XX
PHYS,1,PH4603,PH4603
PHYS,1,Soft Condensed Matter Physics,Soft Condensed Matter Physics
PHYS,1,"PHYS512


	
Computational Physics with Applications.


	
PHYS403


	
Computer simulation of physical systems I


	École Polytechnique Fédérale de Lausanne	Switzerland",PHYS512,Computational Physics with Applications.,PHYS403,Computer simulation of physical systems I,École Polytechnique Fédérale de Lausanne	Switzerland
PHYS,1,PHYS512,PHYS512
PHYS,1,Computational Physics with Applications.,Computational Physics with Applications.
PHYS,1,PHYS403,PHYS403
PHYS,1,Computer simulation of physical systems I,Computer simulation of physical systems I
PHYS,1,"PHYS514


	
General Relativity.


	
FYS4160


	
The general theory of relativity


	University of Oslo	Norway",PHYS514,General Relativity.,FYS4160,The general theory of relativity,University of Oslo	Norway
PHYS,1,PHYS514,PHYS514
PHYS,1,General Relativity.,General Relativity.
PHYS,1,FYS4160,FYS4160
PHYS,1,The general theory of relativity,The general theory of relativity
PHYS,1,"PHYS534


	
Nanoscience and Nanotechnology.


	
PH3601


	
Fabrication of Micro- and Nano-electronic Devices


	Nanyang Technological University	Singapore",PHYS534,Nanoscience and Nanotechnology.,PH3601,Fabrication of Micro- and Nano-electronic Devices,Nanyang Technological University	Singapore
PHYS,1,PHYS534,PHYS534
PHYS,1,Nanoscience and Nanotechnology.,Nanoscience and Nanotechnology.
PHYS,1,PH3601,PH3601
PHYS,1,Fabrication of Micro- and Nano-electronic Devices,Fabrication of Micro- and Nano-electronic Devices
PHYS,1,"PHYS558


	
Solid State Physics.


	
FYS3400


	
Condensed Matter Physics


	University of Oslo	Norway",PHYS558,Solid State Physics.,FYS3400,Condensed Matter Physics,University of Oslo	Norway
PHYS,1,PHYS558,PHYS558
PHYS,1,Solid State Physics.,Solid State Physics.
PHYS,1,FYS3400,FYS3400
PHYS,1,Condensed Matter Physics,Condensed Matter Physics
PHYS,1,"PHYS559


	
Advanced Statistical Mechanics.


	
FYS4130


	
Statistical mechanics


	University of Oslo	Norway",PHYS559,Advanced Statistical Mechanics.,FYS4130,Statistical mechanics,University of Oslo	Norway
PHYS,1,PHYS559,PHYS559
PHYS,1,Advanced Statistical Mechanics.,Advanced Statistical Mechanics.
PHYS,1,FYS4130,FYS4130
PHYS,1,Statistical mechanics,Statistical mechanics
PHYS,1,"PHYS5XX


	
Physics 5XX


	
PH3407


	
Introduction to Plasma Physics


	Nanyang Technological University	Singapore",PHYS5XX,Physics 5XX,PH3407,Introduction to Plasma Physics,Nanyang Technological University	Singapore
PHYS,1,PHYS5XX,PHYS5XX
PHYS,1,Physics 5XX,Physics 5XX
PHYS,1,PH3407,PH3407
PHYS,1,Introduction to Plasma Physics,Introduction to Plasma Physics
PHYS,1,"PHYSXXX


	
Physics XXX


	
PHYS273


	
Energy and Environment


	Concordia University	Canada",PHYSXXX,Physics XXX,PHYS273,Energy and Environment,Concordia University	Canada
PHYS,1,PHYSXXX,PHYSXXX
PHYS,1,Physics XXX,Physics XXX
PHYS,1,PHYS273,PHYS273
PHYS,1,Energy and Environment,Energy and Environment
PHYS,1,"New Search	
	Refine Search",New Search,Refine Search
PHYS,1,"New Search	
	Refine Search",New Search,Refine Search
POLI,1,"Legend:	
	  Equivalent
	
	  Not Equivalent
	
	  Expired",Legend:,Equivalent,Not Equivalent,Expired
POLI,1,Equivalent,Equivalent
POLI,1,Not Equivalent,Not Equivalent
POLI,1,Expired,Expired
POLI,1,"New Search	
	Refine Search",New Search,Refine Search
POLI,1,"New Search	
	Refine Search",New Search,Refine Search
POLI,1,"McGill University
	
External Institution",McGill University,External Institution
POLI,1,"Course
	
Title
	
Course
	
Title
	
Institution
	
Country
	
Status",Course,Title,Course,Title,Institution,Country,Status
POLI,1,"POLI212


	
Government and Politics - Developed World.


	
POL1003


	
Démocraties et autoritarismes


	Université Laval	Canada",POLI212,Government and Politics - Developed World.,POL1003,Démocraties et autoritarismes,Université Laval	Canada
POLI,1,POLI212,POLI212
POLI,1,Government and Politics - Developed World.,Government and Politics - Developed World.
POLI,1,POL1003,POL1003
POLI,1,Démocraties et autoritarismes,Démocraties et autoritarismes
POLI,1,"POLI212


	
Government and Politics - Developed World.


	
T207036


	
Politique comparée


	University of Geneva	Switzerland",POLI212,Government and Politics - Developed World.,T207036,Politique comparée,University of Geneva	Switzerland
POLI,1,POLI212,POLI212
POLI,1,Government and Politics - Developed World.,Government and Politics - Developed World.
POLI,1,T207036,T207036
POLI,1,Politique comparée,Politique comparée
POLI,1,"POLI227


	
Developing Areas/Introduction.


	
SA3039E


	
Politics of the Developing World


	Autonomous University of Barcelona	Spain",POLI227,Developing Areas/Introduction.,SA3039E,Politics of the Developing World,Autonomous University of Barcelona	Spain
POLI,1,POLI227,POLI227
POLI,1,Developing Areas/Introduction.,Developing Areas/Introduction.
POLI,1,SA3039E,SA3039E
POLI,1,Politics of the Developing World,Politics of the Developing World
POLI,1,"POLI2XX


	
Political Science 2XX


	
JMCO203


	
Introduction to Media Studies


	Korea University	South Korea",POLI2XX,Political Science 2XX,JMCO203,Introduction to Media Studies,Korea University	South Korea
POLI,1,POLI2XX,POLI2XX
POLI,1,Political Science 2XX,Political Science 2XX
POLI,1,JMCO203,JMCO203
POLI,1,Introduction to Media Studies,Introduction to Media Studies
POLI,1,"POLI2XX


	
Political Science 2XX


	
POL1006


	
Administration publique et politiques publiques


	Université Laval	Canada",POLI2XX,Political Science 2XX,POL1006,Administration publique et politiques publiques,Université Laval	Canada
POLI,1,POLI2XX,POLI2XX
POLI,1,Political Science 2XX,Political Science 2XX
POLI,1,POL1006,POL1006
POLI,1,Administration publique et politiques publiques,Administration publique et politiques publiques
POLI,1,"POLI2XX


	
Political Science 2XX


	
POLI3140


	
International Development


	The University of Hong Kong (HKU)	Hong Kong, SAR",POLI2XX,Political Science 2XX,POLI3140,International Development,"The University of Hong Kong (HKU)	Hong Kong, SAR"
POLI,1,POLI2XX,POLI2XX
POLI,1,Political Science 2XX,Political Science 2XX
POLI,1,POLI3140,POLI3140
POLI,1,International Development,International Development
POLI,1,"POLI2XX


	
Political Science 2XX


	
POLITIC4004


	
Issues in Comparative Politics


	The University of Glasgow	Scotland, UK",POLI2XX,Political Science 2XX,POLITIC4004,Issues in Comparative Politics,"The University of Glasgow	Scotland, UK"
POLI,1,POLI2XX,POLI2XX
POLI,1,Political Science 2XX,Political Science 2XX
POLI,1,POLITIC4004,POLITIC4004
POLI,1,Issues in Comparative Politics,Issues in Comparative Politics
POLI,1,"POLI2XX


	
Political Science 2XX


	
POLS1102


	
Political Problems and Public Policy


	University of Queensland (UQ)	Australia",POLI2XX,Political Science 2XX,POLS1102,Political Problems and Public Policy,University of Queensland (UQ)	Australia
POLI,1,POLI2XX,POLI2XX
POLI,1,Political Science 2XX,Political Science 2XX
POLI,1,POLS1102,POLS1102
POLI,1,Political Problems and Public Policy,Political Problems and Public Policy
POLI,1,"POLI2XX


	
Political Science 2XX


	
PS3257


	
Political Inquiry


	National University of Singapore	Singapore",POLI2XX,Political Science 2XX,PS3257,Political Inquiry,National University of Singapore	Singapore
POLI,1,POLI2XX,POLI2XX
POLI,1,Political Science 2XX,Political Science 2XX
POLI,1,PS3257,PS3257
POLI,1,Political Inquiry,Political Inquiry
POLI,1,"POLI319


	
Politics of Latin America.


	
21301


	
Políticas de Salud


	University of Buenos Aires	Argentina",POLI319,Politics of Latin America.,21301,Políticas de Salud,University of Buenos Aires	Argentina
POLI,1,POLI319,POLI319
POLI,1,Politics of Latin America.,Politics of Latin America.
POLI,1,21301,21301
POLI,1,Políticas de Salud,Políticas de Salud
POLI,1,"POLI319


	
Politics of Latin America.


	
CPOL2104


	
Politica Latinoamericana Comparada


	University of the Andes	Colombia",POLI319,Politics of Latin America.,CPOL2104,Politica Latinoamericana Comparada,University of the Andes	Colombia
POLI,1,POLI319,POLI319
POLI,1,Politics of Latin America.,Politics of Latin America.
POLI,1,CPOL2104,CPOL2104
POLI,1,Politica Latinoamericana Comparada,Politica Latinoamericana Comparada
POLI,1,"POLI319


	
Politics of Latin America.


	
POLI5521


	
Political leadership in Latin America


	University of Buenos Aires	Argentina",POLI319,Politics of Latin America.,POLI5521,Political leadership in Latin America,University of Buenos Aires	Argentina
POLI,1,POLI319,POLI319
POLI,1,Politics of Latin America.,Politics of Latin America.
POLI,1,POLI5521,POLI5521
POLI,1,Political leadership in Latin America,Political leadership in Latin America
POLI,1,"POLI321


	
Issues: Canadian Public Policy.


	
POLI330


	
Principles of Public Administration


	Concordia University	Canada",POLI321,Issues: Canadian Public Policy.,POLI330,Principles of Public Administration,Concordia University	Canada
POLI,1,POLI321,POLI321
POLI,1,Issues: Canadian Public Policy.,Issues: Canadian Public Policy.
POLI,1,POLI330,POLI330
POLI,1,Principles of Public Administration,Principles of Public Administration
POLI,1,"POLI324


	
Developing Areas/Africa.


	
PO3091DF23


	
Decolonization and Global Politics


	The American University of Paris (AUP)	France",POLI324,Developing Areas/Africa.,PO3091DF23,Decolonization and Global Politics,The American University of Paris (AUP)	France
POLI,1,POLI324,POLI324
POLI,1,Developing Areas/Africa.,Developing Areas/Africa.
POLI,1,PO3091DF23,PO3091DF23
POLI,1,Decolonization and Global Politics,Decolonization and Global Politics
POLI,1,"POLI324


	
Developing Areas/Africa.


	
PS2257


	
Contemporary African Politics


	National University of Singapore	Singapore",POLI324,Developing Areas/Africa.,PS2257,Contemporary African Politics,National University of Singapore	Singapore
POLI,1,POLI324,POLI324
POLI,1,Developing Areas/Africa.,Developing Areas/Africa.
POLI,1,PS2257,PS2257
POLI,1,Contemporary African Politics,Contemporary African Politics
POLI,1,"POLI325


	
U.S. Politics.


	
BKULS0K55A


	
American Government and Politics


	Catholic University of Leuven	Belgium",POLI325,U.S. Politics.,BKULS0K55A,American Government and Politics,Catholic University of Leuven	Belgium
POLI,1,POLI325,POLI325
POLI,1,U.S. Politics.,U.S. Politics.
POLI,1,BKULS0K55A,BKULS0K55A
POLI,1,American Government and Politics,American Government and Politics
POLI,1,"POLI333


	
Western Political Theory 1.


	
POLI306


	
Classical Political Thought


	Concordia University	Canada",POLI333,Western Political Theory 1.,POLI306,Classical Political Thought,Concordia University	Canada
POLI,1,POLI333,POLI333
POLI,1,Western Political Theory 1.,Western Political Theory 1.
POLI,1,POLI306,POLI306
POLI,1,Classical Political Thought,Classical Political Thought
POLI,1,"POLI340


	
Developing Areas/Middle East.


	
63528


	
States and societies in the Middle East


	Institut d'Études Politiques (Sciences Po) (ALL CAMPUSES)	France",POLI340,Developing Areas/Middle East.,63528,States and societies in the Middle East,Institut d'Études Politiques (Sciences Po) (ALL CAMPUSES)	France
POLI,1,POLI340,POLI340
POLI,1,Developing Areas/Middle East.,Developing Areas/Middle East.
POLI,1,63528,63528
POLI,1,States and societies in the Middle East,States and societies in the Middle East
POLI,1,"POLI346


	
American Foreign Policy.


	
GOVT344


	
U.S. Foreign Policy


	The George Washington University	USA",POLI346,American Foreign Policy.,GOVT344,U.S. Foreign Policy,The George Washington University	USA
POLI,1,POLI346,POLI346
POLI,1,American Foreign Policy.,American Foreign Policy.
POLI,1,GOVT344,GOVT344
POLI,1,U.S. Foreign Policy,U.S. Foreign Policy
POLI,1,"POLI347


	
Arab-Israel Conflict, Crisis, Peace.


	
GLOBAL110


	
Israel-Palestine & the Wider Middle East


	University of California - Berkeley	USA",POLI347,"Arab-Israel Conflict, Crisis, Peace.",GLOBAL110,Israel-Palestine & the Wider Middle East,University of California - Berkeley	USA
POLI,1,POLI347,POLI347
POLI,1,"Arab-Israel Conflict, Crisis, Peace.","Arab-Israel Conflict, Crisis, Peace."
POLI,1,GLOBAL110,GLOBAL110
POLI,1,Israel-Palestine & the Wider Middle East,Israel-Palestine & the Wider Middle East
POLI,1,"POLI349


	
Foreign Policy: Asia.


	
AIE3007


	
SOUTH ASIA IN INTERNATIONAL RELATIONS


	University of Malaya	Malaysia",POLI349,Foreign Policy: Asia.,AIE3007,SOUTH ASIA IN INTERNATIONAL RELATIONS,University of Malaya	Malaysia
POLI,1,POLI349,POLI349
POLI,1,Foreign Policy: Asia.,Foreign Policy: Asia.
POLI,1,AIE3007,AIE3007
POLI,1,SOUTH ASIA IN INTERNATIONAL RELATIONS,SOUTH ASIA IN INTERNATIONAL RELATIONS
POLI,1,"POLI350


	
Global Environmental Politics.


	
08D1417


	
Society and the Environment [Environmental Sciences]


	The University of Tokyo	Japan",POLI350,Global Environmental Politics.,08D1417,Society and the Environment [Environmental Sciences],The University of Tokyo	Japan
POLI,1,POLI350,POLI350
POLI,1,Global Environmental Politics.,Global Environmental Politics.
POLI,1,08D1417,08D1417
POLI,1,Society and the Environment [Environmental Sciences],Society and the Environment [Environmental Sciences]
POLI,1,"POLI350


	
Global Environmental Politics.


	
11219


	
Ecología política


	University of Buenos Aires	Argentina",POLI350,Global Environmental Politics.,11219,Ecología política,University of Buenos Aires	Argentina
POLI,1,POLI350,POLI350
POLI,1,Global Environmental Politics.,Global Environmental Politics.
POLI,1,11219,11219
POLI,1,Ecología política,Ecología política
POLI,1,"POLI350


	
Global Environmental Politics.


	
ECOLOGIAPOLITICA


	
Ecología Política


	University of Buenos Aires	Argentina",POLI350,Global Environmental Politics.,ECOLOGIAPOLITICA,Ecología Política,University of Buenos Aires	Argentina
POLI,1,POLI350,POLI350
POLI,1,Global Environmental Politics.,Global Environmental Politics.
POLI,1,ECOLOGIAPOLITICA,ECOLOGIAPOLITICA
POLI,1,Ecología Política,Ecología Política
POLI,1,"POLI350


	
Global Environmental Politics.


	
GL3203


	
Global Socio-envrionmental entanglements


	National University of Singapore	Singapore",POLI350,Global Environmental Politics.,GL3203,Global Socio-envrionmental entanglements,National University of Singapore	Singapore
POLI,1,POLI350,POLI350
POLI,1,Global Environmental Politics.,Global Environmental Politics.
POLI,1,GL3203,GL3203
POLI,1,Global Socio-envrionmental entanglements,Global Socio-envrionmental entanglements
POLI,1,"POLI352


	
International Policy/Foreign Policy: Africa.


	
DAFF25A34


	
Africa and the Governance of Security


	Institut d'Études Politiques (Sciences Po) (ALL CAMPUSES)	France",POLI352,International Policy/Foreign Policy: Africa.,DAFF25A34,Africa and the Governance of Security,Institut d'Études Politiques (Sciences Po) (ALL CAMPUSES)	France
POLI,1,POLI352,POLI352
POLI,1,International Policy/Foreign Policy: Africa.,International Policy/Foreign Policy: Africa.
POLI,1,DAFF25A34,DAFF25A34
POLI,1,Africa and the Governance of Security,Africa and the Governance of Security
POLI,1,"POLI353


	
Politics of the International Refugee Regime.


	
363


	
International migration


	University of Buenos Aires	Argentina",POLI353,Politics of the International Refugee Regime.,363,International migration,University of Buenos Aires	Argentina
POLI,1,POLI353,POLI353
POLI,1,Politics of the International Refugee Regime.,Politics of the International Refugee Regime.
POLI,1,363,363
POLI,1,International migration,International migration
POLI,1,"POLI353


	
Politics of the International Refugee Regime.


	
DAFF25A88


	
GEOPOLITICS OF MIGRATIONS: FLOWS, POLITICS AND ORGANISATIONS


	Institut d'Études Politiques (Sciences Po) (ALL CAMPUSES)	France",POLI353,Politics of the International Refugee Regime.,DAFF25A88,"GEOPOLITICS OF MIGRATIONS: FLOWS, POLITICS AND ORGANISATIONS",Institut d'Études Politiques (Sciences Po) (ALL CAMPUSES)	France
POLI,1,POLI353,POLI353
POLI,1,Politics of the International Refugee Regime.,Politics of the International Refugee Regime.
POLI,1,DAFF25A88,DAFF25A88
POLI,1,"GEOPOLITICS OF MIGRATIONS: FLOWS, POLITICS AND ORGANISATIONS","GEOPOLITICS OF MIGRATIONS: FLOWS, POLITICS AND ORGANISATIONS"
POLI,1,"POLI354


	
Approaches to International Political Economy.


	
08F140506


	
International Finance


	The University of Tokyo	Japan",POLI354,Approaches to International Political Economy.,08F140506,International Finance,The University of Tokyo	Japan
POLI,1,POLI354,POLI354
POLI,1,Approaches to International Political Economy.,Approaches to International Political Economy.
POLI,1,08F140506,08F140506
POLI,1,International Finance,International Finance
POLI,1,"POLI355


	
The Politics of International Law.


	
POL340H1


	
INTERNATIONAL LAW: FOUNDATIONS


	University of Toronto	Canada",POLI355,The Politics of International Law.,POL340H1,INTERNATIONAL LAW: FOUNDATIONS,University of Toronto	Canada
POLI,1,POLI355,POLI355
POLI,1,The Politics of International Law.,The Politics of International Law.
POLI,1,POL340H1,POL340H1
POLI,1,INTERNATIONAL LAW: FOUNDATIONS,INTERNATIONAL LAW: FOUNDATIONS
POLI,1,"POLI357


	
Politics: Contemporary Europe.


	
0000013280


	
Regional Studies: Europe


	Comillas Pontifical University	Spain",POLI357,Politics: Contemporary Europe.,0000013280,Regional Studies: Europe,Comillas Pontifical University	Spain
POLI,1,POLI357,POLI357
POLI,1,Politics: Contemporary Europe.,Politics: Contemporary Europe.
POLI,1,0000013280,0000013280
POLI,1,Regional Studies: Europe,Regional Studies: Europe
POLI,1,"POLI357


	
Politics: Contemporary Europe.


	
POLITIC4090


	
European Politics


	The University of Glasgow	Scotland, UK",POLI357,Politics: Contemporary Europe.,POLITIC4090,European Politics,"The University of Glasgow	Scotland, UK"
POLI,1,POLI357,POLI357
POLI,1,Politics: Contemporary Europe.,Politics: Contemporary Europe.
POLI,1,POLITIC4090,POLITIC4090
POLI,1,European Politics,European Politics
POLI,1,"POLI360


	
Security: War and Peace.


	
JPM704


	
Approaches to Conflict and Violence


	Charles University in Prague	Czech Republic",POLI360,Security: War and Peace.,JPM704,Approaches to Conflict and Violence,Charles University in Prague	Czech Republic
POLI,1,POLI360,POLI360
POLI,1,Security: War and Peace.,Security: War and Peace.
POLI,1,JPM704,JPM704
POLI,1,Approaches to Conflict and Violence,Approaches to Conflict and Violence
POLI,1,"POLI380


	
Contemporary Chinese Politics.


	
GPAD1070


	
Government and politics of China


	The Chinese University of Hong Kong	Hong Kong, SAR",POLI380,Contemporary Chinese Politics.,GPAD1070,Government and politics of China,"The Chinese University of Hong Kong	Hong Kong, SAR"
POLI,1,POLI380,POLI380
POLI,1,Contemporary Chinese Politics.,Contemporary Chinese Politics.
POLI,1,GPAD1070,GPAD1070
POLI,1,Government and politics of China,Government and politics of China
POLI,1,"POLI380


	
Contemporary Chinese Politics.


	
POLI3077


	
Special topics in comparative politics: elite politics in china


	The University of Hong Kong (HKU)	Hong Kong, SAR",POLI380,Contemporary Chinese Politics.,POLI3077,Special topics in comparative politics: elite politics in china,"The University of Hong Kong (HKU)	Hong Kong, SAR"
POLI,1,POLI380,POLI380
POLI,1,Contemporary Chinese Politics.,Contemporary Chinese Politics.
POLI,1,POLI3077,POLI3077
POLI,1,Special topics in comparative politics: elite politics in china,Special topics in comparative politics: elite politics in china
POLI,1,"POLI3XX


	
Political Science 3XX


	
0124985


	
International Commercial Law and Negotiation Strategy


	The University of Tokyo	Japan",POLI3XX,Political Science 3XX,0124985,International Commercial Law and Negotiation Strategy,The University of Tokyo	Japan
POLI,1,POLI3XX,POLI3XX
POLI,1,Political Science 3XX,Political Science 3XX
POLI,1,0124985,0124985
POLI,1,International Commercial Law and Negotiation Strategy,International Commercial Law and Negotiation Strategy
POLI,1,"POLI3XX


	
Political Science 3XX


	
06SM330K261


	
Political Economy of Agrarian Change in India


	University of Zurich	Switzerland",POLI3XX,Political Science 3XX,06SM330K261,Political Economy of Agrarian Change in India,University of Zurich	Switzerland
POLI,1,POLI3XX,POLI3XX
POLI,1,Political Science 3XX,Political Science 3XX
POLI,1,06SM330K261,06SM330K261
POLI,1,Political Economy of Agrarian Change in India,Political Economy of Agrarian Change in India
POLI,1,"POLI3XX


	
Political Science 3XX


	
08C2616


	
Lectures on Special Topics I [North American Studies]


	The University of Tokyo	Japan",POLI3XX,Political Science 3XX,08C2616,Lectures on Special Topics I [North American Studies],The University of Tokyo	Japan
POLI,1,POLI3XX,POLI3XX
POLI,1,Political Science 3XX,Political Science 3XX
POLI,1,08C2616,08C2616
POLI,1,Lectures on Special Topics I [North American Studies],Lectures on Special Topics I [North American Studies]
POLI,1,"POLI3XX


	
Political Science 3XX


	
12427


	
Dinámica de las políticas de seguridad en el contexto democrático


	University of Buenos Aires	Argentina",POLI3XX,Political Science 3XX,12427,Dinámica de las políticas de seguridad en el contexto democrático,University of Buenos Aires	Argentina
POLI,1,POLI3XX,POLI3XX
POLI,1,Political Science 3XX,Political Science 3XX
POLI,1,12427,12427
POLI,1,Dinámica de las políticas de seguridad en el contexto democrático,Dinámica de las políticas de seguridad en el contexto democrático
POLI,1,"POLI3XX


	
Political Science 3XX


	
1JJ74201


	
Special Lectures in International Relations A


	Hitotsubashi University	Japan",POLI3XX,Political Science 3XX,1JJ74201,Special Lectures in International Relations A,Hitotsubashi University	Japan
POLI,1,POLI3XX,POLI3XX
POLI,1,Political Science 3XX,Political Science 3XX
POLI,1,1JJ74201,1JJ74201
POLI,1,Special Lectures in International Relations A,Special Lectures in International Relations A
POLI,1,"POLI3XX


	
Political Science 3XX


	
2104UPIRD1PEGE


	
Political and Economic Geography


	University of Warsaw	Poland",POLI3XX,Political Science 3XX,2104UPIRD1PEGE,Political and Economic Geography,University of Warsaw	Poland
POLI,1,POLI3XX,POLI3XX
POLI,1,Political Science 3XX,Political Science 3XX
POLI,1,2104UPIRD1PEGE,2104UPIRD1PEGE
POLI,1,Political and Economic Geography,Political and Economic Geography
POLI,1,"POLI3XX


	
Political Science 3XX


	
23210127


	
Géographie des illégalismes


	Université Jean Moulin (Lyon III)	France",POLI3XX,Political Science 3XX,23210127,Géographie des illégalismes,Université Jean Moulin (Lyon III)	France
POLI,1,POLI3XX,POLI3XX
POLI,1,Political Science 3XX,Political Science 3XX
POLI,1,23210127,23210127
POLI,1,Géographie des illégalismes,Géographie des illégalismes
POLI,1,"POLI3XX


	
Political Science 3XX


	
23210132


	
Géographie des conflits


	Université Jean Moulin (Lyon III)	France",POLI3XX,Political Science 3XX,23210132,Géographie des conflits,Université Jean Moulin (Lyon III)	France
POLI,1,POLI3XX,POLI3XX
POLI,1,Political Science 3XX,Political Science 3XX
POLI,1,23210132,23210132
POLI,1,Géographie des conflits,Géographie des conflits
POLI,1,"POLI3XX


	
Political Science 3XX


	
25A26


	
RIGHT-WING EXTREMISM, RADICALISM AND POPULISM IN EUROPE AND THE US


	Institut d'Études Politiques (Sciences Po) (ALL CAMPUSES)	France",POLI3XX,Political Science 3XX,25A26,"RIGHT-WING EXTREMISM, RADICALISM AND POPULISM IN EUROPE AND THE US",Institut d'Études Politiques (Sciences Po) (ALL CAMPUSES)	France
POLI,1,POLI3XX,POLI3XX
POLI,1,Political Science 3XX,Political Science 3XX
POLI,1,25A26,25A26
POLI,1,"RIGHT-WING EXTREMISM, RADICALISM AND POPULISM IN EUROPE AND THE US","RIGHT-WING EXTREMISM, RADICALISM AND POPULISM IN EUROPE AND THE US"
POLI,1,"POLI3XX


	
Political Science 3XX


	
2MS321


	
Applications of Cyber(in)security to International Relations


	Prague University of Economics and Business (VSE)	Czech Republic",POLI3XX,Political Science 3XX,2MS321,Applications of Cyber(in)security to International Relations,Prague University of Economics and Business (VSE)	Czech Republic
POLI,1,POLI3XX,POLI3XX
POLI,1,Political Science 3XX,Political Science 3XX
POLI,1,2MS321,2MS321
POLI,1,Applications of Cyber(in)security to International Relations,Applications of Cyber(in)security to International Relations
POLI,1,"POLI3XX


	
Political Science 3XX


	
37826


	
The Politics of Sustainable Development


	The University of Birmingham	England, UK",POLI3XX,Political Science 3XX,37826,The Politics of Sustainable Development,"The University of Birmingham	England, UK"
POLI,1,POLI3XX,POLI3XX
POLI,1,Political Science 3XX,Political Science 3XX
POLI,1,37826,37826
POLI,1,The Politics of Sustainable Development,The Politics of Sustainable Development
POLI,1,"POLI3XX


	
Political Science 3XX


	
67633


	
Les mondes berbères contemporains


	Institut d'Études Politiques (Sciences Po) (ALL CAMPUSES)	France",POLI3XX,Political Science 3XX,67633,Les mondes berbères contemporains,Institut d'Études Politiques (Sciences Po) (ALL CAMPUSES)	France
POLI,1,POLI3XX,POLI3XX
POLI,1,Political Science 3XX,Political Science 3XX
POLI,1,67633,67633
POLI,1,Les mondes berbères contemporains,Les mondes berbères contemporains
POLI,1,"POLI3XX


	
Political Science 3XX


	
7V0101024


	
Global Liberal Arts（Intercultural Communication）


	The University of Tokyo	Japan",POLI3XX,Political Science 3XX,7V0101024,Global Liberal Arts（Intercultural Communication）,The University of Tokyo	Japan
POLI,1,POLI3XX,POLI3XX
POLI,1,Political Science 3XX,Political Science 3XX
POLI,1,7V0101024,7V0101024
POLI,1,Global Liberal Arts（Intercultural Communication）,Global Liberal Arts（Intercultural Communication）
POLI,1,"POLI3XX


	
Political Science 3XX


	
7V0101026


	
Global Liberal Arts（Sociolinguistics in a Global Society)


	The University of Tokyo	Japan",POLI3XX,Political Science 3XX,7V0101026,Global Liberal Arts（Sociolinguistics in a Global Society),The University of Tokyo	Japan
POLI,1,POLI3XX,POLI3XX
POLI,1,Political Science 3XX,Political Science 3XX
POLI,1,7V0101026,7V0101026
POLI,1,Global Liberal Arts（Sociolinguistics in a Global Society),Global Liberal Arts（Sociolinguistics in a Global Society)
POLI,1,"POLI3XX


	
Political Science 3XX


	
80820


	
ASIA-JAPAN ECONOMIC RELATIONS


	Keio University	Japan",POLI3XX,Political Science 3XX,80820,ASIA-JAPAN ECONOMIC RELATIONS,Keio University	Japan
POLI,1,POLI3XX,POLI3XX
POLI,1,Political Science 3XX,Political Science 3XX
POLI,1,80820,80820
POLI,1,ASIA-JAPAN ECONOMIC RELATIONS,ASIA-JAPAN ECONOMIC RELATIONS
POLI,1,"POLI3XX


	
Political Science 3XX


	
AIF2011


	
SOCIAL MOVEMENTS IN SOUTHEAST ASIA


	University of Malaya	Malaysia",POLI3XX,Political Science 3XX,AIF2011,SOCIAL MOVEMENTS IN SOUTHEAST ASIA,University of Malaya	Malaysia
POLI,1,POLI3XX,POLI3XX
POLI,1,Political Science 3XX,Political Science 3XX
POLI,1,AIF2011,AIF2011
POLI,1,SOCIAL MOVEMENTS IN SOUTHEAST ASIA,SOCIAL MOVEMENTS IN SOUTHEAST ASIA
POLI,1,"POLI3XX


	
Political Science 3XX


	
AIF3014


	
LECTURE SERIES ON ASEAN


	University of Malaya	Malaysia",POLI3XX,Political Science 3XX,AIF3014,LECTURE SERIES ON ASEAN,University of Malaya	Malaysia
POLI,1,POLI3XX,POLI3XX
POLI,1,Political Science 3XX,Political Science 3XX
POLI,1,AIF3014,AIF3014
POLI,1,LECTURE SERIES ON ASEAN,LECTURE SERIES ON ASEAN
POLI,1,"POLI3XX


	
Political Science 3XX


	
AIG2014


	
Economy Policy of China


	University of Malaya	Malaysia",POLI3XX,Political Science 3XX,AIG2014,Economy Policy of China,University of Malaya	Malaysia
POLI,1,POLI3XX,POLI3XX
POLI,1,Political Science 3XX,Political Science 3XX
POLI,1,AIG2014,AIG2014
POLI,1,Economy Policy of China,Economy Policy of China
POLI,1,"POLI3XX


	
Political Science 3XX


	
AIG3017


	
CHINA-ASEAN RELATIONS


	University of Malaya	Malaysia",POLI3XX,Political Science 3XX,AIG3017,CHINA-ASEAN RELATIONS,University of Malaya	Malaysia
POLI,1,POLI3XX,POLI3XX
POLI,1,Political Science 3XX,Political Science 3XX
POLI,1,AIG3017,AIG3017
POLI,1,CHINA-ASEAN RELATIONS,CHINA-ASEAN RELATIONS
POLI,1,"POLI3XX


	
Political Science 3XX


	
BKULS0C95A


	
Postmodernization: Science under Siege


	Catholic University of Leuven	Belgium",POLI3XX,Political Science 3XX,BKULS0C95A,Postmodernization: Science under Siege,Catholic University of Leuven	Belgium
POLI,1,POLI3XX,POLI3XX
POLI,1,Political Science 3XX,Political Science 3XX
POLI,1,BKULS0C95A,BKULS0C95A
POLI,1,Postmodernization: Science under Siege,Postmodernization: Science under Siege
POLI,1,"POLI3XX


	
Political Science 3XX


	
CBPC1435


	
Decolonizing Democracy


	University of the Andes	Colombia",POLI3XX,Political Science 3XX,CBPC1435,Decolonizing Democracy,University of the Andes	Colombia
POLI,1,POLI3XX,POLI3XX
POLI,1,Political Science 3XX,Political Science 3XX
POLI,1,CBPC1435,CBPC1435
POLI,1,Decolonizing Democracy,Decolonizing Democracy
POLI,1,"POLI3XX


	
Political Science 3XX


	
CRIM2080


	
Criminology and Global Security


	University of Queensland (UQ)	Australia",POLI3XX,Political Science 3XX,CRIM2080,Criminology and Global Security,University of Queensland (UQ)	Australia
POLI,1,POLI3XX,POLI3XX
POLI,1,Political Science 3XX,Political Science 3XX
POLI,1,CRIM2080,CRIM2080
POLI,1,Criminology and Global Security,Criminology and Global Security
POLI,1,"POLI3XX


	
Political Science 3XX


	
CULT3034


	
Public Cultures: Protest, Participation and Power


	The University of Nottingham	England, UK",POLI3XX,Political Science 3XX,CULT3034,"Public Cultures: Protest, Participation and Power","The University of Nottingham	England, UK"
POLI,1,POLI3XX,POLI3XX
POLI,1,Political Science 3XX,Political Science 3XX
POLI,1,CULT3034,CULT3034
POLI,1,"Public Cultures: Protest, Participation and Power","Public Cultures: Protest, Participation and Power"
POLI,1,"POLI3XX


	
Political Science 3XX


	
DAFF25A36


	
FROM OPERATION AJAX TO THE NUCLEAR DEAL: INTRODUCTION TO CONTEMPORARY IRAN


	Institut d'Études Politiques (Sciences Po) (ALL CAMPUSES)	France",POLI3XX,Political Science 3XX,DAFF25A36,FROM OPERATION AJAX TO THE NUCLEAR DEAL: INTRODUCTION TO CONTEMPORARY IRAN,Institut d'Études Politiques (Sciences Po) (ALL CAMPUSES)	France
POLI,1,POLI3XX,POLI3XX
POLI,1,Political Science 3XX,Political Science 3XX
POLI,1,DAFF25A36,DAFF25A36
POLI,1,FROM OPERATION AJAX TO THE NUCLEAR DEAL: INTRODUCTION TO CONTEMPORARY IRAN,FROM OPERATION AJAX TO THE NUCLEAR DEAL: INTRODUCTION TO CONTEMPORARY IRAN
POLI,1,"POLI3XX


	
Political Science 3XX


	
DAFF25A43


	
MAPPING INDOPACIFIC : ACTORS, THEORIES, PRACTICES


	Institut d'Études Politiques (Sciences Po) (ALL CAMPUSES)	France",POLI3XX,Political Science 3XX,DAFF25A43,"MAPPING INDOPACIFIC : ACTORS, THEORIES, PRACTICES",Institut d'Études Politiques (Sciences Po) (ALL CAMPUSES)	France
POLI,1,POLI3XX,POLI3XX
POLI,1,Political Science 3XX,Political Science 3XX
POLI,1,DAFF25A43,DAFF25A43
POLI,1,"MAPPING INDOPACIFIC : ACTORS, THEORIES, PRACTICES","MAPPING INDOPACIFIC : ACTORS, THEORIES, PRACTICES"
POLI,1,"POLI3XX


	
Political Science 3XX


	
DAFF25A73


	
AFGHANISTAN : A NATION-STATE NOT MEANT TO BE?


	Institut d'Études Politiques (Sciences Po) (ALL CAMPUSES)	France",POLI3XX,Political Science 3XX,DAFF25A73,AFGHANISTAN : A NATION-STATE NOT MEANT TO BE?,Institut d'Études Politiques (Sciences Po) (ALL CAMPUSES)	France
POLI,1,POLI3XX,POLI3XX
POLI,1,Political Science 3XX,Political Science 3XX
POLI,1,DAFF25A73,DAFF25A73
POLI,1,AFGHANISTAN : A NATION-STATE NOT MEANT TO BE?,AFGHANISTAN : A NATION-STATE NOT MEANT TO BE?
POLI,1,"POLI3XX


	
Political Science 3XX


	
DAFF25A89


	
Geopolitics & Heritage Dynamics in the Balkans


	Institut d'Études Politiques (Sciences Po) (ALL CAMPUSES)	France",POLI3XX,Political Science 3XX,DAFF25A89,Geopolitics & Heritage Dynamics in the Balkans,Institut d'Études Politiques (Sciences Po) (ALL CAMPUSES)	France
POLI,1,POLI3XX,POLI3XX
POLI,1,Political Science 3XX,Political Science 3XX
POLI,1,DAFF25A89,DAFF25A89
POLI,1,Geopolitics & Heritage Dynamics in the Balkans,Geopolitics & Heritage Dynamics in the Balkans
POLI,1,"POLI3XX


	
Political Science 3XX


	
DISS241


	
Contemporary korean society


	Korea University	South Korea",POLI3XX,Political Science 3XX,DISS241,Contemporary korean society,Korea University	South Korea
POLI,1,POLI3XX,POLI3XX
POLI,1,Political Science 3XX,Political Science 3XX
POLI,1,DISS241,DISS241
POLI,1,Contemporary korean society,Contemporary korean society
POLI,1,"POLI3XX


	
Political Science 3XX


	
DISS325


	
SPECIAL TOPIC IN INTERNATIONAL RELATIONS I


	Korea University	South Korea",POLI3XX,Political Science 3XX,DISS325,SPECIAL TOPIC IN INTERNATIONAL RELATIONS I,Korea University	South Korea
POLI,1,POLI3XX,POLI3XX
POLI,1,Political Science 3XX,Political Science 3XX
POLI,1,DISS325,DISS325
POLI,1,SPECIAL TOPIC IN INTERNATIONAL RELATIONS I,SPECIAL TOPIC IN INTERNATIONAL RELATIONS I
POLI,1,"POLI3XX


	
Political Science 3XX


	
DISS427


	
INTERNATIONAL RELATIONS OF EUROPEAN UNION


	Korea University	South Korea",POLI3XX,Political Science 3XX,DISS427,INTERNATIONAL RELATIONS OF EUROPEAN UNION,Korea University	South Korea
POLI,1,POLI3XX,POLI3XX
POLI,1,Political Science 3XX,Political Science 3XX
POLI,1,DISS427,DISS427
POLI,1,INTERNATIONAL RELATIONS OF EUROPEAN UNION,INTERNATIONAL RELATIONS OF EUROPEAN UNION
POLI,1,"POLI3XX


	
Political Science 3XX


	
DISS433


	
SPECIAL TOPICS IN EAST ASIAN STUDIES I


	Korea University	South Korea",POLI3XX,Political Science 3XX,DISS433,SPECIAL TOPICS IN EAST ASIAN STUDIES I,Korea University	South Korea
POLI,1,POLI3XX,POLI3XX
POLI,1,Political Science 3XX,Political Science 3XX
POLI,1,DISS433,DISS433
POLI,1,SPECIAL TOPICS IN EAST ASIAN STUDIES I,SPECIAL TOPICS IN EAST ASIAN STUDIES I
POLI,1,"POLI3XX


	
Political Science 3XX


	
DSPO25A62


	
Seeking Justice: A Transnational History of War Crime Trials


	Institut d'Études Politiques (Sciences Po) (ALL CAMPUSES)	France",POLI3XX,Political Science 3XX,DSPO25A62,Seeking Justice: A Transnational History of War Crime Trials,Institut d'Études Politiques (Sciences Po) (ALL CAMPUSES)	France
POLI,1,POLI3XX,POLI3XX
POLI,1,Political Science 3XX,Political Science 3XX
POLI,1,DSPO25A62,DSPO25A62
POLI,1,Seeking Justice: A Transnational History of War Crime Trials,Seeking Justice: A Transnational History of War Crime Trials
POLI,1,"POLI3XX


	
Political Science 3XX


	
DSPO25A65


	
EUROPEAN ENERGY POLICY


	Institut d'Études Politiques (Sciences Po) (ALL CAMPUSES)	France",POLI3XX,Political Science 3XX,DSPO25A65,EUROPEAN ENERGY POLICY,Institut d'Études Politiques (Sciences Po) (ALL CAMPUSES)	France
POLI,1,POLI3XX,POLI3XX
POLI,1,Political Science 3XX,Political Science 3XX
POLI,1,DSPO25A65,DSPO25A65
POLI,1,EUROPEAN ENERGY POLICY,EUROPEAN ENERGY POLICY
POLI,1,"POLI3XX


	
Political Science 3XX


	
EC1014


	
Violence, Dignity, and Social Justice


	Monterrey Institute of Technology and Higher Education	Mexico",POLI3XX,Political Science 3XX,EC1014,"Violence, Dignity, and Social Justice",Monterrey Institute of Technology and Higher Education	Mexico
POLI,1,POLI3XX,POLI3XX
POLI,1,Political Science 3XX,Political Science 3XX
POLI,1,EC1014,EC1014
POLI,1,"Violence, Dignity, and Social Justice","Violence, Dignity, and Social Justice"
POLI,1,"POLI3XX


	
Political Science 3XX


	
ECON380


	
Economies in Transition


	George Mason University	USA",POLI3XX,Political Science 3XX,ECON380,Economies in Transition,George Mason University	USA
POLI,1,POLI3XX,POLI3XX
POLI,1,Political Science 3XX,Political Science 3XX
POLI,1,ECON380,ECON380
POLI,1,Economies in Transition,Economies in Transition
POLI,1,"POLI3XX


	
Political Science 3XX


	
EIA2010


	
Public Policy and Economy


	University of Malaya	Malaysia",POLI3XX,Political Science 3XX,EIA2010,Public Policy and Economy,University of Malaya	Malaysia
POLI,1,POLI3XX,POLI3XX
POLI,1,Political Science 3XX,Political Science 3XX
POLI,1,EIA2010,EIA2010
POLI,1,Public Policy and Economy,Public Policy and Economy
POLI,1,"POLI3XX


	
Political Science 3XX


	
ENGL435


	
British literature and Enlightenment


	Korea University	South Korea",POLI3XX,Political Science 3XX,ENGL435,British literature and Enlightenment,Korea University	South Korea
POLI,1,POLI3XX,POLI3XX
POLI,1,Political Science 3XX,Political Science 3XX
POLI,1,ENGL435,ENGL435
POLI,1,British literature and Enlightenment,British literature and Enlightenment
POLI,1,"POLI3XX


	
Political Science 3XX


	
F1IS4635


	
Human Security


	Institut d'Études Politiques (Sciences Po) (ALL CAMPUSES)	France",POLI3XX,Political Science 3XX,F1IS4635,Human Security,Institut d'Études Politiques (Sciences Po) (ALL CAMPUSES)	France
POLI,1,POLI3XX,POLI3XX
POLI,1,Political Science 3XX,Political Science 3XX
POLI,1,F1IS4635,F1IS4635
POLI,1,Human Security,Human Security
POLI,1,"POLI3XX


	
Political Science 3XX


	
GKSS207


	
Global korean culture


	Korea University	South Korea",POLI3XX,Political Science 3XX,GKSS207,Global korean culture,Korea University	South Korea
POLI,1,POLI3XX,POLI3XX
POLI,1,Political Science 3XX,Political Science 3XX
POLI,1,GKSS207,GKSS207
POLI,1,Global korean culture,Global korean culture
POLI,1,"POLI3XX


	
Political Science 3XX


	
GOVTS1729


	
Debates in International Politics


	Harvard University (ALL SCHOOLS AND COLLEGES)	USA",POLI3XX,Political Science 3XX,GOVTS1729,Debates in International Politics,Harvard University (ALL SCHOOLS AND COLLEGES)	USA
POLI,1,POLI3XX,POLI3XX
POLI,1,Political Science 3XX,Political Science 3XX
POLI,1,GOVTS1729,GOVTS1729
POLI,1,Debates in International Politics,Debates in International Politics
POLI,1,"POLI3XX


	
Political Science 3XX


	
GPAD2085


	
PUBLIC GOVERNANCE AND CIVIL SERVICE IN HONG KONG


	The Chinese University of Hong Kong	Hong Kong, SAR",POLI3XX,Political Science 3XX,GPAD2085,PUBLIC GOVERNANCE AND CIVIL SERVICE IN HONG KONG,"The Chinese University of Hong Kong	Hong Kong, SAR"
POLI,1,POLI3XX,POLI3XX
POLI,1,Political Science 3XX,Political Science 3XX
POLI,1,GPAD2085,GPAD2085
POLI,1,PUBLIC GOVERNANCE AND CIVIL SERVICE IN HONG KONG,PUBLIC GOVERNANCE AND CIVIL SERVICE IN HONG KONG
POLI,1,"POLI3XX


	
Political Science 3XX


	
J2M219


	
International Geneva


	University of Geneva	Switzerland",POLI3XX,Political Science 3XX,J2M219,International Geneva,University of Geneva	Switzerland
POLI,1,POLI3XX,POLI3XX
POLI,1,Political Science 3XX,Political Science 3XX
POLI,1,J2M219,J2M219
POLI,1,International Geneva,International Geneva
POLI,1,"POLI3XX


	
Political Science 3XX


	
JMCO262


	
Media and gender


	Korea University	South Korea",POLI3XX,Political Science 3XX,JMCO262,Media and gender,Korea University	South Korea
POLI,1,POLI3XX,POLI3XX
POLI,1,Political Science 3XX,Political Science 3XX
POLI,1,JMCO262,JMCO262
POLI,1,Media and gender,Media and gender
POLI,1,"POLI3XX


	
Political Science 3XX


	
JTM315


	
Social Exclusion and the Roma in Central Europe


	Charles University in Prague	Czech Republic",POLI3XX,Political Science 3XX,JTM315,Social Exclusion and the Roma in Central Europe,Charles University in Prague	Czech Republic
POLI,1,POLI3XX,POLI3XX
POLI,1,Political Science 3XX,Political Science 3XX
POLI,1,JTM315,JTM315
POLI,1,Social Exclusion and the Roma in Central Europe,Social Exclusion and the Roma in Central Europe
POLI,1,"POLI3XX


	
Political Science 3XX


	
LAPOLITICASOCIALENLAARGENTINACONCEPTUALIZACIONGEST


	
La política social en la Argentina: conceptualización, gestión y contexto


	University of Buenos Aires	Argentina",POLI3XX,Political Science 3XX,LAPOLITICASOCIALENLAARGENTINACONCEPTUALIZACIONGEST,"La política social en la Argentina: conceptualización, gestión y contexto",University of Buenos Aires	Argentina
POLI,1,POLI3XX,POLI3XX
POLI,1,Political Science 3XX,Political Science 3XX
POLI,1,LAPOLITICASOCIALENLAARGENTINACONCEPTUALIZACIONGEST,LAPOLITICASOCIALENLAARGENTINACONCEPTUALIZACIONGEST
POLI,1,"La política social en la Argentina: conceptualización, gestión y contexto","La política social en la Argentina: conceptualización, gestión y contexto"
POLI,1,"POLI3XX


	
Political Science 3XX


	
MS3211


	
Political Culture of the Malays


	National University of Singapore	Singapore",POLI3XX,Political Science 3XX,MS3211,Political Culture of the Malays,National University of Singapore	Singapore
POLI,1,POLI3XX,POLI3XX
POLI,1,Political Science 3XX,Political Science 3XX
POLI,1,MS3211,MS3211
POLI,1,Political Culture of the Malays,Political Culture of the Malays
POLI,1,"POLI3XX


	
Political Science 3XX


	
PIA3309


	
Comparative Public Policy and Management


	City University of Hong Kong	Hong Kong, SAR",POLI3XX,Political Science 3XX,PIA3309,Comparative Public Policy and Management,"City University of Hong Kong	Hong Kong, SAR"
POLI,1,POLI3XX,POLI3XX
POLI,1,Political Science 3XX,Political Science 3XX
POLI,1,PIA3309,PIA3309
POLI,1,Comparative Public Policy and Management,Comparative Public Policy and Management
POLI,1,"POLI3XX


	
Political Science 3XX


	
PIA3310


	
Smart Government and Sustainable Cities


	City University of Hong Kong	Hong Kong, SAR",POLI3XX,Political Science 3XX,PIA3310,Smart Government and Sustainable Cities,"City University of Hong Kong	Hong Kong, SAR"
POLI,1,POLI3XX,POLI3XX
POLI,1,Political Science 3XX,Political Science 3XX
POLI,1,PIA3310,PIA3310
POLI,1,Smart Government and Sustainable Cities,Smart Government and Sustainable Cities
POLI,1,"POLI3XX


	
Political Science 3XX


	
PLIT10157


	
Eastminster: Decolonisation and State-Building in Asia


	The University of Edinburgh	Scotland, UK",POLI3XX,Political Science 3XX,PLIT10157,Eastminster: Decolonisation and State-Building in Asia,"The University of Edinburgh	Scotland, UK"
POLI,1,POLI3XX,POLI3XX
POLI,1,Political Science 3XX,Political Science 3XX
POLI,1,PLIT10157,PLIT10157
POLI,1,Eastminster: Decolonisation and State-Building in Asia,Eastminster: Decolonisation and State-Building in Asia
POLI,1,"POLI3XX


	
Political Science 3XX


	
PLLAW325


	
Human Trafficking and Contemporary Slaver


	John Cabot University	Italy",POLI3XX,Political Science 3XX,PLLAW325,Human Trafficking and Contemporary Slaver,John Cabot University	Italy
POLI,1,POLI3XX,POLI3XX
POLI,1,Political Science 3XX,Political Science 3XX
POLI,1,PLLAW325,PLLAW325
POLI,1,Human Trafficking and Contemporary Slaver,Human Trafficking and Contemporary Slaver
POLI,1,"POLI3XX


	
Political Science 3XX


	
POL378


	
Topics in comparative politics II


	University of Toronto	Canada",POLI3XX,Political Science 3XX,POL378,Topics in comparative politics II,University of Toronto	Canada
POLI,1,POLI3XX,POLI3XX
POLI,1,Political Science 3XX,Political Science 3XX
POLI,1,POL378,POL378
POLI,1,Topics in comparative politics II,Topics in comparative politics II
POLI,1,"POLI3XX


	
Political Science 3XX


	
POLI260


	
Public Ethics


	University of Liverpool	England, UK",POLI3XX,Political Science 3XX,POLI260,Public Ethics,"University of Liverpool	England, UK"
POLI,1,POLI3XX,POLI3XX
POLI,1,Political Science 3XX,Political Science 3XX
POLI,1,POLI260,POLI260
POLI,1,Public Ethics,Public Ethics
POLI,1,"POLI3XX


	
Political Science 3XX


	
POLI3113


	
On the ethics of violence


	The University of Hong Kong (HKU)	Hong Kong, SAR",POLI3XX,Political Science 3XX,POLI3113,On the ethics of violence,"The University of Hong Kong (HKU)	Hong Kong, SAR"
POLI,1,POLI3XX,POLI3XX
POLI,1,Political Science 3XX,Political Science 3XX
POLI,1,POLI3113,POLI3113
POLI,1,On the ethics of violence,On the ethics of violence
POLI,1,"POLI3XX


	
Political Science 3XX


	
POLS2409


	
International Relations of the Twentieth Century


	University of Queensland (UQ)	Australia",POLI3XX,Political Science 3XX,POLS2409,International Relations of the Twentieth Century,University of Queensland (UQ)	Australia
POLI,1,POLI3XX,POLI3XX
POLI,1,Political Science 3XX,Political Science 3XX
POLI,1,POLS2409,POLS2409
POLI,1,International Relations of the Twentieth Century,International Relations of the Twentieth Century
POLI,1,"POLI3XX


	
Political Science 3XX


	
POLS306


	
CONTEMPORARY POLITICAL IDEOLOGIES


	Bogazici (Bosphorus) University	Turkey",POLI3XX,Political Science 3XX,POLS306,CONTEMPORARY POLITICAL IDEOLOGIES,Bogazici (Bosphorus) University	Turkey
POLI,1,POLI3XX,POLI3XX
POLI,1,Political Science 3XX,Political Science 3XX
POLI,1,POLS306,POLS306
POLI,1,CONTEMPORARY POLITICAL IDEOLOGIES,CONTEMPORARY POLITICAL IDEOLOGIES
POLI,1,"POLI3XX


	
Political Science 3XX


	
POLS440


	
CURRENT ISSUES IN WORLD POLITICS


	Bogazici (Bosphorus) University	Turkey",POLI3XX,Political Science 3XX,POLS440,CURRENT ISSUES IN WORLD POLITICS,Bogazici (Bosphorus) University	Turkey
POLI,1,POLI3XX,POLI3XX
POLI,1,Political Science 3XX,Political Science 3XX
POLI,1,POLS440,POLS440
POLI,1,CURRENT ISSUES IN WORLD POLITICS,CURRENT ISSUES IN WORLD POLITICS
POLI,1,"POLI3XX


	
Political Science 3XX


	
POLSCI140L


	
Selected Topics in Comparative Politics: The Rise and Demise of World Communism


	University of California - Berkeley	USA",POLI3XX,Political Science 3XX,POLSCI140L,Selected Topics in Comparative Politics: The Rise and Demise of World Communism,University of California - Berkeley	USA
POLI,1,POLI3XX,POLI3XX
POLI,1,Political Science 3XX,Political Science 3XX
POLI,1,POLSCI140L,POLSCI140L
POLI,1,Selected Topics in Comparative Politics: The Rise and Demise of World Communism,Selected Topics in Comparative Politics: The Rise and Demise of World Communism
POLI,1,"POLI3XX


	
Political Science 3XX


	
POU33012METHODS


	
Research Methods for Political Science B


	The University of Dublin (Trinity College)	Ireland",POLI3XX,Political Science 3XX,POU33012METHODS,Research Methods for Political Science B,The University of Dublin (Trinity College)	Ireland
POLI,1,POLI3XX,POLI3XX
POLI,1,Political Science 3XX,Political Science 3XX
POLI,1,POU33012METHODS,POU33012METHODS
POLI,1,Research Methods for Political Science B,Research Methods for Political Science B
POLI,1,"POLI3XX


	
Political Science 3XX


	
PVKP210


	
Special Topics in Public Administration


	University of Helsinki	Finland",POLI3XX,Political Science 3XX,PVKP210,Special Topics in Public Administration,University of Helsinki	Finland
POLI,1,POLI3XX,POLI3XX
POLI,1,Political Science 3XX,Political Science 3XX
POLI,1,PVKP210,PVKP210
POLI,1,Special Topics in Public Administration,Special Topics in Public Administration
POLI,1,"POLI3XX


	
Political Science 3XX


	
SPG12VA1


	
The Challenge of Climate Change: Strategies of the European Union, the United States and China


	University of Strasbourg	France",POLI3XX,Political Science 3XX,SPG12VA1,"The Challenge of Climate Change: Strategies of the European Union, the United States and China",University of Strasbourg	France
POLI,1,POLI3XX,POLI3XX
POLI,1,Political Science 3XX,Political Science 3XX
POLI,1,SPG12VA1,SPG12VA1
POLI,1,"The Challenge of Climate Change: Strategies of the European Union, the United States and China","The Challenge of Climate Change: Strategies of the European Union, the United States and China"
POLI,1,"POLI424


	
Media and Politics.


	
POLITICS776


	
Media and Politics in an Age of Globalisation


	The University of Auckland / Te Whare Wananga o Tamaki Makaurau	New Zealand",POLI424,Media and Politics.,POLITICS776,Media and Politics in an Age of Globalisation,The University of Auckland / Te Whare Wananga o Tamaki Makaurau	New Zealand
POLI,1,POLI424,POLI424
POLI,1,Media and Politics.,Media and Politics.
POLI,1,POLITICS776,POLITICS776
POLI,1,Media and Politics in an Age of Globalisation,Media and Politics in an Age of Globalisation
POLI,1,"POLI424


	
Media and Politics.


	
POSC322


	
Mass Media and Public Opinion


	Singapore Management University	Singapore",POLI424,Media and Politics.,POSC322,Mass Media and Public Opinion,Singapore Management University	Singapore
POLI,1,POLI424,POLI424
POLI,1,Media and Politics.,Media and Politics.
POLI,1,POSC322,POSC322
POLI,1,Mass Media and Public Opinion,Mass Media and Public Opinion
POLI,1,"POLI441


	
IPE: Trade.


	
POLI457


	
International Politics Seminar


	Korea University	South Korea",POLI441,IPE: Trade.,POLI457,International Politics Seminar,Korea University	South Korea
POLI,1,POLI441,POLI441
POLI,1,IPE: Trade.,IPE: Trade.
POLI,1,POLI457,POLI457
POLI,1,International Politics Seminar,International Politics Seminar
POLI,1,"POLI476


	
Religion and Politics.


	
BEXP15A07


	
Religion, Politics, Society


	Institut d'Études Politiques (Sciences Po) (ALL CAMPUSES)	France",POLI476,Religion and Politics.,BEXP15A07,"Religion, Politics, Society",Institut d'Études Politiques (Sciences Po) (ALL CAMPUSES)	France
POLI,1,POLI476,POLI476
POLI,1,Religion and Politics.,Religion and Politics.
POLI,1,BEXP15A07,BEXP15A07
POLI,1,"Religion, Politics, Society","Religion, Politics, Society"
POLI,1,"POLI4XX


	
Political Science 4XX


	
RI3024


	
Escenario regional de Norteamérica


	Monterrey Institute of Technology and Higher Education	Mexico",POLI4XX,Political Science 4XX,RI3024,Escenario regional de Norteamérica,Monterrey Institute of Technology and Higher Education	Mexico
POLI,1,POLI4XX,POLI4XX
POLI,1,Political Science 4XX,Political Science 4XX
POLI,1,RI3024,RI3024
POLI,1,Escenario regional de Norteamérica,Escenario regional de Norteamérica
POLI,1,"New Search	
	Refine Search",New Search,Refine Search
POLI,1,"New Search	
	Refine Search",New Search,Refine Search
PSYC,1,"Legend:	
	  Equivalent
	
	  Not Equivalent
	
	  Expired",Legend:,Equivalent,Not Equivalent,Expired
PSYC,1,Equivalent,Equivalent
PSYC,1,Not Equivalent,Not Equivalent
PSYC,1,Expired,Expired
PSYC,1,"New Search	
	Refine Search",New Search,Refine Search
PSYC,1,"New Search	
	Refine Search",New Search,Refine Search
PSYC,1,"McGill University
	
External Institution",McGill University,External Institution
PSYC,1,"Course
	
Title
	
Course
	
Title
	
Institution
	
Country
	
Status",Course,Title,Course,Title,Institution,Country,Status
PSYC,1,"PSYC100


	
Introduction to Psychology.


	
HP1000


	
Introduction to Psychology


	Nanyang Technological University	Singapore",PSYC100,Introduction to Psychology.,HP1000,Introduction to Psychology,Nanyang Technological University	Singapore
PSYC,1,PSYC100,PSYC100
PSYC,1,Introduction to Psychology.,Introduction to Psychology.
PSYC,1,HP1000,HP1000
PSYC,1,Introduction to Psychology,Introduction to Psychology
PSYC,1,"PSYC100


	
Introduction to Psychology.


	
PSYC001


	
General Psychology


	Georgetown University	USA",PSYC100,Introduction to Psychology.,PSYC001,General Psychology,Georgetown University	USA
PSYC,1,PSYC100,PSYC100
PSYC,1,Introduction to Psychology.,Introduction to Psychology.
PSYC,1,PSYC001,PSYC001
PSYC,1,General Psychology,General Psychology
PSYC,1,"PSYC100


	
Introduction to Psychology.


	
PSYC001


	
Introduction to Psychology


	Singapore Management University	Singapore",PSYC100,Introduction to Psychology.,PSYC001,Introduction to Psychology,Singapore Management University	Singapore
PSYC,1,PSYC100,PSYC100
PSYC,1,Introduction to Psychology.,Introduction to Psychology.
PSYC,1,PSYC001,PSYC001
PSYC,1,Introduction to Psychology,Introduction to Psychology
PSYC,1,"PSYC100


	
Introduction to Psychology.


	
PSYC289


	
Psychology as a natural science


	Athabasca University	Canada",PSYC100,Introduction to Psychology.,PSYC289,Psychology as a natural science,Athabasca University	Canada
PSYC,1,PSYC100,PSYC100
PSYC,1,Introduction to Psychology.,Introduction to Psychology.
PSYC,1,PSYC289,PSYC289
PSYC,1,Psychology as a natural science,Psychology as a natural science
PSYC,1,"PSYC1XX


	
Psychology 1XX


	
85171


	
Experimental Psychology


	University of Bologna	Italy",PSYC1XX,Psychology 1XX,85171,Experimental Psychology,University of Bologna	Italy
PSYC,1,PSYC1XX,PSYC1XX
PSYC,1,Psychology 1XX,Psychology 1XX
PSYC,1,85171,85171
PSYC,1,Experimental Psychology,Experimental Psychology
PSYC,1,"PSYC1XX


	
Psychology 1XX


	
CGSC1001


	
Mysteries of the Mind


	Carleton University	Canada",PSYC1XX,Psychology 1XX,CGSC1001,Mysteries of the Mind,Carleton University	Canada
PSYC,1,PSYC1XX,PSYC1XX
PSYC,1,Psychology 1XX,Psychology 1XX
PSYC,1,CGSC1001,CGSC1001
PSYC,1,Mysteries of the Mind,Mysteries of the Mind
PSYC,1,"PSYC1XX


	
Psychology 1XX


	
PSY0100


	
Introduction à la psychologie


	Université Laval	Canada",PSYC1XX,Psychology 1XX,PSY0100,Introduction à la psychologie,Université Laval	Canada
PSYC,1,PSYC1XX,PSYC1XX
PSYC,1,Psychology 1XX,Psychology 1XX
PSYC,1,PSY0100,PSY0100
PSYC,1,Introduction à la psychologie,Introduction à la psychologie
PSYC,1,"PSYC1XX


	
Psychology 1XX


	
PYSCH108


	
Individual, Social and Applied Psychology


	The University of Auckland / Te Whare Wananga o Tamaki Makaurau	New Zealand",PSYC1XX,Psychology 1XX,PYSCH108,"Individual, Social and Applied Psychology",The University of Auckland / Te Whare Wananga o Tamaki Makaurau	New Zealand
PSYC,1,PSYC1XX,PSYC1XX
PSYC,1,Psychology 1XX,Psychology 1XX
PSYC,1,PYSCH108,PYSCH108
PSYC,1,"Individual, Social and Applied Psychology","Individual, Social and Applied Psychology"
PSYC,1,"PSYC211


	
Introductory Behavioural Neuroscience.


	
PSGY1003


	
Biological psychology


	The University of Nottingham	England, UK",PSYC211,Introductory Behavioural Neuroscience.,PSGY1003,Biological psychology,"The University of Nottingham	England, UK"
PSYC,1,PSYC211,PSYC211
PSYC,1,Introductory Behavioural Neuroscience.,Introductory Behavioural Neuroscience.
PSYC,1,PSGY1003,PSGY1003
PSYC,1,Biological psychology,Biological psychology
PSYC,1,"PSYC211


	
Introductory Behavioural Neuroscience.


	
PSU34620


	
ADVANCED BIOPSYCHOLOGY


	The University of Dublin (Trinity College)	Ireland",PSYC211,Introductory Behavioural Neuroscience.,PSU34620,ADVANCED BIOPSYCHOLOGY,The University of Dublin (Trinity College)	Ireland
PSYC,1,PSYC211,PSYC211
PSYC,1,Introductory Behavioural Neuroscience.,Introductory Behavioural Neuroscience.
PSYC,1,PSU34620,PSU34620
PSYC,1,ADVANCED BIOPSYCHOLOGY,ADVANCED BIOPSYCHOLOGY
PSYC,1,"PSYC211


	
Introductory Behavioural Neuroscience.


	
PSY1603


	
Bases psychobiologiques du comportement


	Université du Québec en Outaouais (UQO)	Canada",PSYC211,Introductory Behavioural Neuroscience.,PSY1603,Bases psychobiologiques du comportement,Université du Québec en Outaouais (UQO)	Canada
PSYC,1,PSYC211,PSYC211
PSYC,1,Introductory Behavioural Neuroscience.,Introductory Behavioural Neuroscience.
PSYC,1,PSY1603,PSY1603
PSYC,1,Bases psychobiologiques du comportement,Bases psychobiologiques du comportement
PSYC,1,"PSYC211


	
Introductory Behavioural Neuroscience.


	
PSYCH202


	
Biopsychology


	The University of Auckland / Te Whare Wananga o Tamaki Makaurau	New Zealand",PSYC211,Introductory Behavioural Neuroscience.,PSYCH202,Biopsychology,The University of Auckland / Te Whare Wananga o Tamaki Makaurau	New Zealand
PSYC,1,PSYC211,PSYC211
PSYC,1,Introductory Behavioural Neuroscience.,Introductory Behavioural Neuroscience.
PSYC,1,PSYCH202,PSYCH202
PSYC,1,Biopsychology,Biopsychology
PSYC,1,"PSYC211


	
Introductory Behavioural Neuroscience.


	
WBAI02605


	
Introduction to the Brain


	University of Groningen	Netherlands",PSYC211,Introductory Behavioural Neuroscience.,WBAI02605,Introduction to the Brain,University of Groningen	Netherlands
PSYC,1,PSYC211,PSYC211
PSYC,1,Introductory Behavioural Neuroscience.,Introductory Behavioural Neuroscience.
PSYC,1,WBAI02605,WBAI02605
PSYC,1,Introduction to the Brain,Introduction to the Brain
PSYC,1,"PSYC212


	
Perception.


	
PSU12070


	
Perception


	The University of Dublin (Trinity College)	Ireland",PSYC212,Perception.,PSU12070,Perception,The University of Dublin (Trinity College)	Ireland
PSYC,1,PSYC212,PSYC212
PSYC,1,Perception.,Perception.
PSYC,1,PSU12070,PSU12070
PSYC,1,Perception,Perception
PSYC,1,"PSYC213


	
Cognition.


	
6461PI011Y


	
Cognitive Psychology


	Leiden University	Netherlands",PSYC213,Cognition.,6461PI011Y,Cognitive Psychology,Leiden University	Netherlands
PSYC,1,PSYC213,PSYC213
PSYC,1,Cognition.,Cognition.
PSYC,1,6461PI011Y,6461PI011Y
PSYC,1,Cognitive Psychology,Cognitive Psychology
PSYC,1,"PSYC213


	
Cognition.


	
PSGY1002


	
Cognitive Psychology 1


	The University of Nottingham	England, UK",PSYC213,Cognition.,PSGY1002,Cognitive Psychology 1,"The University of Nottingham	England, UK"
PSYC,1,PSYC213,PSYC213
PSYC,1,Cognition.,Cognition.
PSYC,1,PSGY1002,PSGY1002
PSYC,1,Cognitive Psychology 1,Cognitive Psychology 1
PSYC,1,"PSYC213


	
Cognition.


	
PSY1653


	
Processus cognitifs


	Université du Québec en Outaouais (UQO)	Canada",PSYC213,Cognition.,PSY1653,Processus cognitifs,Université du Québec en Outaouais (UQO)	Canada
PSYC,1,PSYC213,PSYC213
PSYC,1,Cognition.,Cognition.
PSYC,1,PSY1653,PSY1653
PSYC,1,Processus cognitifs,Processus cognitifs
PSYC,1,"PSYC215


	
Social Psychology.


	
H743001


	
Social Psychology-E2


	Kyoto University	Japan",PSYC215,Social Psychology.,H743001,Social Psychology-E2,Kyoto University	Japan
PSYC,1,PSYC215,PSYC215
PSYC,1,Social Psychology.,Social Psychology.
PSYC,1,H743001,H743001
PSYC,1,Social Psychology-E2,Social Psychology-E2
PSYC,1,"PSYC215


	
Social Psychology.


	
PSY1075


	
Psychologie sociale


	Universite de Montreal	Canada",PSYC215,Social Psychology.,PSY1075,Psychologie sociale,Universite de Montreal	Canada
PSYC,1,PSYC215,PSYC215
PSYC,1,Social Psychology.,Social Psychology.
PSYC,1,PSY1075,PSY1075
PSYC,1,Psychologie sociale,Psychologie sociale
PSYC,1,"PSYC215


	
Social Psychology.


	
PSY226


	
Individual Processes in Social Psychology


	University of Saskatchewan	Canada",PSYC215,Social Psychology.,PSY226,Individual Processes in Social Psychology,University of Saskatchewan	Canada
PSYC,1,PSYC215,PSYC215
PSYC,1,Social Psychology.,Social Psychology.
PSYC,1,PSY226,PSY226
PSYC,1,Individual Processes in Social Psychology,Individual Processes in Social Psychology
PSYC,1,"PSYC215


	
Social Psychology.


	
PSYC379


	
Social Psychology


	Athabasca University	Canada",PSYC215,Social Psychology.,PSYC379,Social Psychology,Athabasca University	Canada
PSYC,1,PSYC215,PSYC215
PSYC,1,Social Psychology.,Social Psychology.
PSYC,1,PSYC379,PSYC379
PSYC,1,Social Psychology,Social Psychology
PSYC,1,"PSYC215


	
Social Psychology.


	
PSYCH107


	
Social Psychology


	Westchester Community College (SUNY)	USA",PSYC215,Social Psychology.,PSYCH107,Social Psychology,Westchester Community College (SUNY)	USA
PSYC,1,PSYC215,PSYC215
PSYC,1,Social Psychology.,Social Psychology.
PSYC,1,PSYCH107,PSYCH107
PSYC,1,Social Psychology,Social Psychology
PSYC,1,"PSYC2XX


	
Psychology 2XX


	
PSYC1025


	
Psychology of Work


	University of New South Wales (UNSW)	Australia",PSYC2XX,Psychology 2XX,PSYC1025,Psychology of Work,University of New South Wales (UNSW)	Australia
PSYC,1,PSYC2XX,PSYC2XX
PSYC,1,Psychology 2XX,Psychology 2XX
PSYC,1,PSYC1025,PSYC1025
PSYC,1,Psychology of Work,Psychology of Work
PSYC,1,"PSYC2XX


	
Psychology 2XX


	
PSYC1062


	
The Psychological Science of Wellbeing


	University of New South Wales (UNSW)	Australia",PSYC2XX,Psychology 2XX,PSYC1062,The Psychological Science of Wellbeing,University of New South Wales (UNSW)	Australia
PSYC,1,PSYC2XX,PSYC2XX
PSYC,1,Psychology 2XX,Psychology 2XX
PSYC,1,PSYC1062,PSYC1062
PSYC,1,The Psychological Science of Wellbeing,The Psychological Science of Wellbeing
PSYC,1,"PSYC2XX


	
Psychology 2XX


	
PSYCH1022


	
Psychology Of Addiction


	University of New South Wales (UNSW)	Australia",PSYC2XX,Psychology 2XX,PSYCH1022,Psychology Of Addiction,University of New South Wales (UNSW)	Australia
PSYC,1,PSYC2XX,PSYC2XX
PSYC,1,Psychology 2XX,Psychology 2XX
PSYC,1,PSYCH1022,PSYCH1022
PSYC,1,Psychology Of Addiction,Psychology Of Addiction
PSYC,1,"PSYC303


	
Introduction to Human Memory.


	
PSYC0009


	
Memory and Decision


	University College London (UCL) - University of London	England, UK",PSYC303,Introduction to Human Memory.,PSYC0009,Memory and Decision,"University College London (UCL) - University of London	England, UK"
PSYC,1,PSYC303,PSYC303
PSYC,1,Introduction to Human Memory.,Introduction to Human Memory.
PSYC,1,PSYC0009,PSYC0009
PSYC,1,Memory and Decision,Memory and Decision
PSYC,1,"PSYC304


	
Child Development.


	
2PS720


	
Developmental Psychology


	Uppsala University	Sweden",PSYC304,Child Development.,2PS720,Developmental Psychology,Uppsala University	Sweden
PSYC,1,PSYC304,PSYC304
PSYC,1,Child Development.,Child Development.
PSYC,1,2PS720,2PS720
PSYC,1,Developmental Psychology,Developmental Psychology
PSYC,1,"PSYC304


	
Child Development.


	
IEE3581


	
Ecology of Human Development


	Yonsei University	South Korea",PSYC304,Child Development.,IEE3581,Ecology of Human Development,Yonsei University	South Korea
PSYC,1,PSYC304,PSYC304
PSYC,1,Child Development.,Child Development.
PSYC,1,IEE3581,IEE3581
PSYC,1,Ecology of Human Development,Ecology of Human Development
PSYC,1,"PSYC305


	
Statistics for Exper Design


	
ST3232


	
Design and Analysis of Experiments


	National University of Singapore	Singapore",PSYC305,Statistics for Exper Design,ST3232,Design and Analysis of Experiments,National University of Singapore	Singapore
PSYC,1,PSYC305,PSYC305
PSYC,1,Statistics for Exper Design,Statistics for Exper Design
PSYC,1,ST3232,ST3232
PSYC,1,Design and Analysis of Experiments,Design and Analysis of Experiments
PSYC,1,"PSYC305


	
Statistics for Experimental Design.


	
PYSC3001


	
Research Methods 3


	University of New South Wales (UNSW)	Australia",PSYC305,Statistics for Experimental Design.,PYSC3001,Research Methods 3,University of New South Wales (UNSW)	Australia
PSYC,1,PSYC305,PSYC305
PSYC,1,Statistics for Experimental Design.,Statistics for Experimental Design.
PSYC,1,PYSC3001,PYSC3001
PSYC,1,Research Methods 3,Research Methods 3
PSYC,1,"PSYC306


	
Research Methods in Psychology.


	
PSYC210


	
Principles of Psychological Research


	University of Otago / Te Whare Wananga o Otago	New Zealand",PSYC306,Research Methods in Psychology.,PSYC210,Principles of Psychological Research,University of Otago / Te Whare Wananga o Otago	New Zealand
PSYC,1,PSYC306,PSYC306
PSYC,1,Research Methods in Psychology.,Research Methods in Psychology.
PSYC,1,PSYC210,PSYC210
PSYC,1,Principles of Psychological Research,Principles of Psychological Research
PSYC,1,"PSYC309


	
Positive Psychology: Science of Well-Being.


	
70244


	
Clinical applications of positive psychology


	University of Bologna	Italy",PSYC309,Positive Psychology: Science of Well-Being.,70244,Clinical applications of positive psychology,University of Bologna	Italy
PSYC,1,PSYC309,PSYC309
PSYC,1,Positive Psychology: Science of Well-Being.,Positive Psychology: Science of Well-Being.
PSYC,1,70244,70244
PSYC,1,Clinical applications of positive psychology,Clinical applications of positive psychology
PSYC,1,"PSYC311


	
Human Cognition and the Brain


	
PSYC313


	
Cognition and Neuropsychology


	University of Otago / Te Whare Wananga o Otago	New Zealand",PSYC311,Human Cognition and the Brain,PSYC313,Cognition and Neuropsychology,University of Otago / Te Whare Wananga o Otago	New Zealand
PSYC,1,PSYC311,PSYC311
PSYC,1,Human Cognition and the Brain,Human Cognition and the Brain
PSYC,1,PSYC313,PSYC313
PSYC,1,Cognition and Neuropsychology,Cognition and Neuropsychology
PSYC,1,"PSYC311


	
Human Cognition and the Brain


	
PSYCH4031


	
Neuropsychological Deficits


	The University of Glasgow	Scotland, UK",PSYC311,Human Cognition and the Brain,PSYCH4031,Neuropsychological Deficits,"The University of Glasgow	Scotland, UK"
PSYC,1,PSYC311,PSYC311
PSYC,1,Human Cognition and the Brain,Human Cognition and the Brain
PSYC,1,PSYCH4031,PSYCH4031
PSYC,1,Neuropsychological Deficits,Neuropsychological Deficits
PSYC,1,"PSYC311


	
Human Cognition and the Brain.


	
PSYC301


	
Brain Disfunction and Recovery


	University of British Columbia (UBC) - All Campuses	Canada",PSYC311,Human Cognition and the Brain.,PSYC301,Brain Disfunction and Recovery,University of British Columbia (UBC) - All Campuses	Canada
PSYC,1,PSYC311,PSYC311
PSYC,1,Human Cognition and the Brain.,Human Cognition and the Brain.
PSYC,1,PSYC301,PSYC301
PSYC,1,Brain Disfunction and Recovery,Brain Disfunction and Recovery
PSYC,1,"PSYC317


	
Genes and Behaviour


	
PSYC0036


	
Genes and Behaviour


	University College London (UCL) - University of London	England, UK",PSYC317,Genes and Behaviour,PSYC0036,Genes and Behaviour,"University College London (UCL) - University of London	England, UK"
PSYC,1,PSYC317,PSYC317
PSYC,1,Genes and Behaviour,Genes and Behaviour
PSYC,1,PSYC0036,PSYC0036
PSYC,1,Genes and Behaviour,Genes and Behaviour
PSYC,1,"PSYC318


	
Behavioural Neuroscience 2.


	
BIO499


	
Neural circuits of motivated behaviors


	École Polytechnique Fédérale de Lausanne	Switzerland",PSYC318,Behavioural Neuroscience 2.,BIO499,Neural circuits of motivated behaviors,École Polytechnique Fédérale de Lausanne	Switzerland
PSYC,1,PSYC318,PSYC318
PSYC,1,Behavioural Neuroscience 2.,Behavioural Neuroscience 2.
PSYC,1,BIO499,BIO499
PSYC,1,Neural circuits of motivated behaviors,Neural circuits of motivated behaviors
PSYC,1,"PSYC328


	
Health Psychology


	
PSY333H1


	
Health Psychology


	University of Toronto	Canada",PSYC328,Health Psychology,PSY333H1,Health Psychology,University of Toronto	Canada
PSYC,1,PSYC328,PSYC328
PSYC,1,Health Psychology,Health Psychology
PSYC,1,PSY333H1,PSY333H1
PSYC,1,Health Psychology,Health Psychology
PSYC,1,"PSYC328


	
Health Psychology


	
PSYC3331


	
Health Psychology


	University of New South Wales (UNSW)	Australia",PSYC328,Health Psychology,PSYC3331,Health Psychology,University of New South Wales (UNSW)	Australia
PSYC,1,PSYC328,PSYC328
PSYC,1,Health Psychology,Health Psychology
PSYC,1,PSYC3331,PSYC3331
PSYC,1,Health Psychology,Health Psychology
PSYC,1,"PSYC328


	
Health Psychology.


	
PSYC2065


	
Health Psychology


	The University of Hong Kong (HKU)	Hong Kong, SAR",PSYC328,Health Psychology.,PSYC2065,Health Psychology,"The University of Hong Kong (HKU)	Hong Kong, SAR"
PSYC,1,PSYC328,PSYC328
PSYC,1,Health Psychology.,Health Psychology.
PSYC,1,PSYC2065,PSYC2065
PSYC,1,Health Psychology,Health Psychology
PSYC,1,"PSYC328


	
Health Psychology.


	
U149001


	
Introduction to Basic Concepts of Health Psychology-E2 :Communication Issues and Decision-making in Patient Care


	Kyoto University	Japan",PSYC328,Health Psychology.,U149001,Introduction to Basic Concepts of Health Psychology-E2 :Communication Issues and Decision-making in Patient Care,Kyoto University	Japan
PSYC,1,PSYC328,PSYC328
PSYC,1,Health Psychology.,Health Psychology.
PSYC,1,U149001,U149001
PSYC,1,Introduction to Basic Concepts of Health Psychology-E2 :Communication Issues and Decision-making in Patient Care,Introduction to Basic Concepts of Health Psychology-E2 :Communication Issues and Decision-making in Patient Care
PSYC,1,"PSYC331


	
Inter-Group Relations.


	
PSB3ESP02


	
intergroup relations


	University of Groningen	Netherlands",PSYC331,Inter-Group Relations.,PSB3ESP02,intergroup relations,University of Groningen	Netherlands
PSYC,1,PSYC331,PSYC331
PSYC,1,Inter-Group Relations.,Inter-Group Relations.
PSYC,1,PSB3ESP02,PSB3ESP02
PSYC,1,intergroup relations,intergroup relations
PSYC,1,"PSYC332


	
Intro to Personality


	
PSYC2650


	
Personality Psychology


	The Chinese University of Hong Kong	Hong Kong, SAR",PSYC332,Intro to Personality,PSYC2650,Personality Psychology,"The Chinese University of Hong Kong	Hong Kong, SAR"
PSYC,1,PSYC332,PSYC332
PSYC,1,Intro to Personality,Intro to Personality
PSYC,1,PSYC2650,PSYC2650
PSYC,1,Personality Psychology,Personality Psychology
PSYC,1,"PSYC332


	
Introduction to Personality.


	
PSYC2004


	
Personality Theory


	University of the West Indies - Mona Campus	Jamaica",PSYC332,Introduction to Personality.,PSYC2004,Personality Theory,University of the West Indies - Mona Campus	Jamaica
PSYC,1,PSYC332,PSYC332
PSYC,1,Introduction to Personality.,Introduction to Personality.
PSYC,1,PSYC2004,PSYC2004
PSYC,1,Personality Theory,Personality Theory
PSYC,1,"PSYC332


	
Introduction to Personality.


	
PSYC2600


	
Introduction to the Study of Personality


	Carleton University	Canada",PSYC332,Introduction to Personality.,PSYC2600,Introduction to the Study of Personality,Carleton University	Canada
PSYC,1,PSYC332,PSYC332
PSYC,1,Introduction to Personality.,Introduction to Personality.
PSYC,1,PSYC2600,PSYC2600
PSYC,1,Introduction to the Study of Personality,Introduction to the Study of Personality
PSYC,1,"PSYC332


	
Introduction to Personality.


	
PSYCH207


	
Theories of Personality and Development


	The University of Auckland / Te Whare Wananga o Tamaki Makaurau	New Zealand",PSYC332,Introduction to Personality.,PSYCH207,Theories of Personality and Development,The University of Auckland / Te Whare Wananga o Tamaki Makaurau	New Zealand
PSYC,1,PSYC332,PSYC332
PSYC,1,Introduction to Personality.,Introduction to Personality.
PSYC,1,PSYCH207,PSYCH207
PSYC,1,Theories of Personality and Development,Theories of Personality and Development
PSYC,1,"PSYC337


	
Intro Abnormal Psychology 1


	
PSYC2503


	
Psychological Disorders


	University of Leeds	England, UK",PSYC337,Intro Abnormal Psychology 1,PSYC2503,Psychological Disorders,"University of Leeds	England, UK"
PSYC,1,PSYC337,PSYC337
PSYC,1,Intro Abnormal Psychology 1,Intro Abnormal Psychology 1
PSYC,1,PSYC2503,PSYC2503
PSYC,1,Psychological Disorders,Psychological Disorders
PSYC,1,"PSYC337


	
Introduction to Psychopathology.


	
PL3106


	
Mental Health and Distress


	National University of Singapore	Singapore",PSYC337,Introduction to Psychopathology.,PL3106,Mental Health and Distress,National University of Singapore	Singapore
PSYC,1,PSYC337,PSYC337
PSYC,1,Introduction to Psychopathology.,Introduction to Psychopathology.
PSYC,1,PL3106,PL3106
PSYC,1,Mental Health and Distress,Mental Health and Distress
PSYC,1,"PSYC337


	
Introduction to Psychopathology.


	
PSYC2002


	
Abnormal Psychology


	University of the West Indies - Mona Campus	Jamaica",PSYC337,Introduction to Psychopathology.,PSYC2002,Abnormal Psychology,University of the West Indies - Mona Campus	Jamaica
PSYC,1,PSYC337,PSYC337
PSYC,1,Introduction to Psychopathology.,Introduction to Psychopathology.
PSYC,1,PSYC2002,PSYC2002
PSYC,1,Abnormal Psychology,Abnormal Psychology
PSYC,1,"PSYC337


	
Introduction to Psychopathology.


	
PSYC30014


	
Psychopathology of Everyday Life


	University of Melbourne	Australia",PSYC337,Introduction to Psychopathology.,PSYC30014,Psychopathology of Everyday Life,University of Melbourne	Australia
PSYC,1,PSYC337,PSYC337
PSYC,1,Introduction to Psychopathology.,Introduction to Psychopathology.
PSYC,1,PSYC30014,PSYC30014
PSYC,1,Psychopathology of Everyday Life,Psychopathology of Everyday Life
PSYC,1,"PSYC337


	
Introduction to Psychopathology.


	
U155001


	
Psychopathology 1-E2


	Kyoto University	Japan",PSYC337,Introduction to Psychopathology.,U155001,Psychopathology 1-E2,Kyoto University	Japan
PSYC,1,PSYC337,PSYC337
PSYC,1,Introduction to Psychopathology.,Introduction to Psychopathology.
PSYC,1,U155001,U155001
PSYC,1,Psychopathology 1-E2,Psychopathology 1-E2
PSYC,1,"PSYC337


	
Introduction: Abnormal Psychology 1.


	
PSYC1023


	
Abnormal Psychology


	University of New South Wales (UNSW)	Australia",PSYC337,Introduction: Abnormal Psychology 1.,PSYC1023,Abnormal Psychology,University of New South Wales (UNSW)	Australia
PSYC,1,PSYC337,PSYC337
PSYC,1,Introduction: Abnormal Psychology 1.,Introduction: Abnormal Psychology 1.
PSYC,1,PSYC1023,PSYC1023
PSYC,1,Abnormal Psychology,Abnormal Psychology
PSYC,1,"PSYC340


	
Psychology of Language.


	
361075


	
Language and Communication


	University of Barcelona	Spain",PSYC340,Psychology of Language.,361075,Language and Communication,University of Barcelona	Spain
PSYC,1,PSYC340,PSYC340
PSYC,1,Psychology of Language.,Psychology of Language.
PSYC,1,361075,361075
PSYC,1,Language and Communication,Language and Communication
PSYC,1,"PSYC341


	
The Psychology of Bilingualism.


	
LLOGO1216


	
Bilingualism


	Catholic University of Louvain	Belgium",PSYC341,The Psychology of Bilingualism.,LLOGO1216,Bilingualism,Catholic University of Louvain	Belgium
PSYC,1,PSYC341,PSYC341
PSYC,1,The Psychology of Bilingualism.,The Psychology of Bilingualism.
PSYC,1,LLOGO1216,LLOGO1216
PSYC,1,Bilingualism,Bilingualism
PSYC,1,"PSYC3XX


	
Psychology 3XX


	
102606


	
Fundamentals of Psychobiology II


	Autonomous University of Barcelona	Spain",PSYC3XX,Psychology 3XX,102606,Fundamentals of Psychobiology II,Autonomous University of Barcelona	Spain
PSYC,1,PSYC3XX,PSYC3XX
PSYC,1,Psychology 3XX,Psychology 3XX
PSYC,1,102606,102606
PSYC,1,Fundamentals of Psychobiology II,Fundamentals of Psychobiology II
PSYC,1,"PSYC3XX


	
Psychology 3XX


	
106164


	
Forensic Psychology: Cognitive Processes


	Autonomous University of Barcelona	Spain",PSYC3XX,Psychology 3XX,106164,Forensic Psychology: Cognitive Processes,Autonomous University of Barcelona	Spain
PSYC,1,PSYC3XX,PSYC3XX
PSYC,1,Psychology 3XX,Psychology 3XX
PSYC,1,106164,106164
PSYC,1,Forensic Psychology: Cognitive Processes,Forensic Psychology: Cognitive Processes
PSYC,1,"PSYC3XX


	
Psychology 3XX


	
361017


	
Learning, Motivation and Emotion


	University of Barcelona	Spain",PSYC3XX,Psychology 3XX,361017,"Learning, Motivation and Emotion",University of Barcelona	Spain
PSYC,1,PSYC3XX,PSYC3XX
PSYC,1,Psychology 3XX,Psychology 3XX
PSYC,1,361017,361017
PSYC,1,"Learning, Motivation and Emotion","Learning, Motivation and Emotion"
PSYC,1,"PSYC3XX


	
Psychology 3XX


	
361018


	
Individual Difference


	University of Barcelona	Spain",PSYC3XX,Psychology 3XX,361018,Individual Difference,University of Barcelona	Spain
PSYC,1,PSYC3XX,PSYC3XX
PSYC,1,Psychology 3XX,Psychology 3XX
PSYC,1,361018,361018
PSYC,1,Individual Difference,Individual Difference
PSYC,1,"PSYC3XX


	
Psychology 3XX


	
364149


	
Comparative Cognition


	University of Barcelona	Spain",PSYC3XX,Psychology 3XX,364149,Comparative Cognition,University of Barcelona	Spain
PSYC,1,PSYC3XX,PSYC3XX
PSYC,1,Psychology 3XX,Psychology 3XX
PSYC,1,364149,364149
PSYC,1,Comparative Cognition,Comparative Cognition
PSYC,1,"PSYC3XX


	
Psychology 3XX


	
6463ATTENY


	
Attention: Theory and Practice


	Leiden University	Netherlands",PSYC3XX,Psychology 3XX,6463ATTENY,Attention: Theory and Practice,Leiden University	Netherlands
PSYC,1,PSYC3XX,PSYC3XX
PSYC,1,Psychology 3XX,Psychology 3XX
PSYC,1,6463ATTENY,6463ATTENY
PSYC,1,Attention: Theory and Practice,Attention: Theory and Practice
PSYC,1,"PSYC3XX


	
Psychology 3XX


	
6463PS030


	
The Adolescent Brain


	Leiden University	Netherlands",PSYC3XX,Psychology 3XX,6463PS030,The Adolescent Brain,Leiden University	Netherlands
PSYC,1,PSYC3XX,PSYC3XX
PSYC,1,Psychology 3XX,Psychology 3XX
PSYC,1,6463PS030,6463PS030
PSYC,1,The Adolescent Brain,The Adolescent Brain
PSYC,1,"PSYC3XX


	
Psychology 3XX


	
6463TADBRY


	
The Adolescent Brain


	Leiden University	Netherlands",PSYC3XX,Psychology 3XX,6463TADBRY,The Adolescent Brain,Leiden University	Netherlands
PSYC,1,PSYC3XX,PSYC3XX
PSYC,1,Psychology 3XX,Psychology 3XX
PSYC,1,6463TADBRY,6463TADBRY
PSYC,1,The Adolescent Brain,The Adolescent Brain
PSYC,1,"PSYC3XX


	
Psychology 3XX


	
6QQMB308


	
PSYCHOLOGY OF ENTREPRENEURSHIP AND INNOVATION


	University of London - King's College London	England, UK",PSYC3XX,Psychology 3XX,6QQMB308,PSYCHOLOGY OF ENTREPRENEURSHIP AND INNOVATION,"University of London - King's College London	England, UK"
PSYC,1,PSYC3XX,PSYC3XX
PSYC,1,Psychology 3XX,Psychology 3XX
PSYC,1,6QQMB308,6QQMB308
PSYC,1,PSYCHOLOGY OF ENTREPRENEURSHIP AND INNOVATION,PSYCHOLOGY OF ENTREPRENEURSHIP AND INNOVATION
PSYC,1,"PSYC3XX


	
Psychology 3XX


	
86799


	
SELF-AWARENESS AND CONSCIOUSNESS


	University of Bologna	Italy",PSYC3XX,Psychology 3XX,86799,SELF-AWARENESS AND CONSCIOUSNESS,University of Bologna	Italy
PSYC,1,PSYC3XX,PSYC3XX
PSYC,1,Psychology 3XX,Psychology 3XX
PSYC,1,86799,86799
PSYC,1,SELF-AWARENESS AND CONSCIOUSNESS,SELF-AWARENESS AND CONSCIOUSNESS
PSYC,1,"PSYC3XX


	
Psychology 3XX


	
APSB21758U


	
Culture and Psychology


	University of Copenhagen	Denmark",PSYC3XX,Psychology 3XX,APSB21758U,Culture and Psychology,University of Copenhagen	Denmark
PSYC,1,PSYC3XX,PSYC3XX
PSYC,1,Psychology 3XX,Psychology 3XX
PSYC,1,APSB21758U,APSB21758U
PSYC,1,Culture and Psychology,Culture and Psychology
PSYC,1,"PSYC3XX


	
Psychology 3XX


	
AUD1132


	
Psychoacoustique et perception de la parole


	Universite de Montreal	Canada",PSYC3XX,Psychology 3XX,AUD1132,Psychoacoustique et perception de la parole,Universite de Montreal	Canada
PSYC,1,PSYC3XX,PSYC3XX
PSYC,1,Psychology 3XX,Psychology 3XX
PSYC,1,AUD1132,AUD1132
PSYC,1,Psychoacoustique et perception de la parole,Psychoacoustique et perception de la parole
PSYC,1,"PSYC3XX


	
Psychology 3XX


	
BBSS


	
SEX (AND GENDER) IN THE BRAIN


	IE University - Madrid	Spain",PSYC3XX,Psychology 3XX,BBSS,SEX (AND GENDER) IN THE BRAIN,IE University - Madrid	Spain
PSYC,1,PSYC3XX,PSYC3XX
PSYC,1,Psychology 3XX,Psychology 3XX
PSYC,1,BBSS,BBSS
PSYC,1,SEX (AND GENDER) IN THE BRAIN,SEX (AND GENDER) IN THE BRAIN
PSYC,1,"PSYC3XX


	
Psychology 3XX


	
CCST9073


	
Emotion, Cognition, And Brain


	The University of Hong Kong (HKU)	Hong Kong, SAR",PSYC3XX,Psychology 3XX,CCST9073,"Emotion, Cognition, And Brain","The University of Hong Kong (HKU)	Hong Kong, SAR"
PSYC,1,PSYC3XX,PSYC3XX
PSYC,1,Psychology 3XX,Psychology 3XX
PSYC,1,CCST9073,CCST9073
PSYC,1,"Emotion, Cognition, And Brain","Emotion, Cognition, And Brain"
PSYC,1,"PSYC3XX


	
Psychology 3XX


	
HSCI120


	
Introduction to Human Sexuality and Sexual Behaviour


	Simon Fraser University	Canada",PSYC3XX,Psychology 3XX,HSCI120,Introduction to Human Sexuality and Sexual Behaviour,Simon Fraser University	Canada
PSYC,1,PSYC3XX,PSYC3XX
PSYC,1,Psychology 3XX,Psychology 3XX
PSYC,1,HSCI120,HSCI120
PSYC,1,Introduction to Human Sexuality and Sexual Behaviour,Introduction to Human Sexuality and Sexual Behaviour
PSYC,1,"PSYC3XX


	
Psychology 3XX


	
LPSP1303


	
Psychologie Sociale: Changement d'attitude et influence sociale


	Catholic University of Louvain	Belgium",PSYC3XX,Psychology 3XX,LPSP1303,Psychologie Sociale: Changement d'attitude et influence sociale,Catholic University of Louvain	Belgium
PSYC,1,PSYC3XX,PSYC3XX
PSYC,1,Psychology 3XX,Psychology 3XX
PSYC,1,LPSP1303,LPSP1303
PSYC,1,Psychologie Sociale: Changement d'attitude et influence sociale,Psychologie Sociale: Changement d'attitude et influence sociale
PSYC,1,"PSYC3XX


	
Psychology 3XX


	
LPSYS2056


	
Psychologie du genre


	Catholic University of Louvain	Belgium",PSYC3XX,Psychology 3XX,LPSYS2056,Psychologie du genre,Catholic University of Louvain	Belgium
PSYC,1,PSYC3XX,PSYC3XX
PSYC,1,Psychology 3XX,Psychology 3XX
PSYC,1,LPSYS2056,LPSYS2056
PSYC,1,Psychologie du genre,Psychologie du genre
PSYC,1,"PSYC3XX


	
Psychology 3XX


	
PSBE204


	
Social Environment and Behavior


	University of Groningen	Netherlands",PSYC3XX,Psychology 3XX,PSBE204,Social Environment and Behavior,University of Groningen	Netherlands
PSYC,1,PSYC3XX,PSYC3XX
PSYC,1,Psychology 3XX,Psychology 3XX
PSYC,1,PSBE204,PSBE204
PSYC,1,Social Environment and Behavior,Social Environment and Behavior
PSYC,1,"PSYC3XX


	
Psychology 3XX


	
PSU34590


	
Neurological Rehabilitation


	The University of Dublin (Trinity College)	Ireland",PSYC3XX,Psychology 3XX,PSU34590,Neurological Rehabilitation,The University of Dublin (Trinity College)	Ireland
PSYC,1,PSYC3XX,PSYC3XX
PSYC,1,Psychology 3XX,Psychology 3XX
PSYC,1,PSU34590,PSU34590
PSYC,1,Neurological Rehabilitation,Neurological Rehabilitation
PSYC,1,"PSYC3XX


	
Psychology 3XX


	
PSU34820


	
Workplace Wellbeing


	The University of Dublin (Trinity College)	Ireland",PSYC3XX,Psychology 3XX,PSU34820,Workplace Wellbeing,The University of Dublin (Trinity College)	Ireland
PSYC,1,PSYC3XX,PSYC3XX
PSYC,1,Psychology 3XX,Psychology 3XX
PSYC,1,PSU34820,PSU34820
PSYC,1,Workplace Wellbeing,Workplace Wellbeing
PSYC,1,"PSYC3XX


	
Psychology 3XX


	
PSY30040


	
Lifespan Developmental Psychology


	University College Dublin	Ireland",PSYC3XX,Psychology 3XX,PSY30040,Lifespan Developmental Psychology,University College Dublin	Ireland
PSYC,1,PSYC3XX,PSYC3XX
PSYC,1,Psychology 3XX,Psychology 3XX
PSYC,1,PSY30040,PSY30040
PSYC,1,Lifespan Developmental Psychology,Lifespan Developmental Psychology
PSYC,1,"PSYC3XX


	
Psychology 3XX


	
PSY320


	
Social psychology: attitudes


	University of Toronto	Canada",PSYC3XX,Psychology 3XX,PSY320,Social psychology: attitudes,University of Toronto	Canada
PSYC,1,PSYC3XX,PSYC3XX
PSYC,1,Psychology 3XX,Psychology 3XX
PSYC,1,PSY320,PSY320
PSYC,1,Social psychology: attitudes,Social psychology: attitudes
PSYC,1,"PSYC3XX


	
Psychology 3XX


	
PSYC200


	
Introduction to Career Development


	Athabasca University	Canada",PSYC3XX,Psychology 3XX,PSYC200,Introduction to Career Development,Athabasca University	Canada
PSYC,1,PSYC3XX,PSYC3XX
PSYC,1,Psychology 3XX,Psychology 3XX
PSYC,1,PSYC200,PSYC200
PSYC,1,Introduction to Career Development,Introduction to Career Development
PSYC,1,"PSYC3XX


	
Psychology 3XX


	
PSYC21032


	
Interventions To Improve Mental Health And Well-Being


	The University of Manchester	England, UK",PSYC3XX,Psychology 3XX,PSYC21032,Interventions To Improve Mental Health And Well-Being,"The University of Manchester	England, UK"
PSYC,1,PSYC3XX,PSYC3XX
PSYC,1,Psychology 3XX,Psychology 3XX
PSYC,1,PSYC21032,PSYC21032
PSYC,1,Interventions To Improve Mental Health And Well-Being,Interventions To Improve Mental Health And Well-Being
PSYC,1,"PSYC3XX


	
Psychology 3XX


	
PSYC325


	
Psychology in Legal Contexts


	University of Otago / Te Whare Wananga o Otago	New Zealand",PSYC3XX,Psychology 3XX,PSYC325,Psychology in Legal Contexts,University of Otago / Te Whare Wananga o Otago	New Zealand
PSYC,1,PSYC3XX,PSYC3XX
PSYC,1,Psychology 3XX,Psychology 3XX
PSYC,1,PSYC325,PSYC325
PSYC,1,Psychology in Legal Contexts,Psychology in Legal Contexts
PSYC,1,"PSYC3XX


	
Psychology 3XX


	
PSYC3350


	
Cultural Psychology


	York University	Canada",PSYC3XX,Psychology 3XX,PSYC3350,Cultural Psychology,York University	Canada
PSYC,1,PSYC3XX,PSYC3XX
PSYC,1,Psychology 3XX,Psychology 3XX
PSYC,1,PSYC3350,PSYC3350
PSYC,1,Cultural Psychology,Cultural Psychology
PSYC,1,"PSYC3XX


	
Psychology 3XX


	
PSYC348


	
Topics in Applied Social Psychology


	University of Liverpool	England, UK",PSYC3XX,Psychology 3XX,PSYC348,Topics in Applied Social Psychology,"University of Liverpool	England, UK"
PSYC,1,PSYC3XX,PSYC3XX
PSYC,1,Psychology 3XX,Psychology 3XX
PSYC,1,PSYC348,PSYC348
PSYC,1,Topics in Applied Social Psychology,Topics in Applied Social Psychology
PSYC,1,"PSYC3XX


	
Psychology 3XX


	
PSYCH313


	
Psychology of Communication


	The University of Auckland / Te Whare Wananga o Tamaki Makaurau	New Zealand",PSYC3XX,Psychology 3XX,PSYCH313,Psychology of Communication,The University of Auckland / Te Whare Wananga o Tamaki Makaurau	New Zealand
PSYC,1,PSYC3XX,PSYC3XX
PSYC,1,Psychology 3XX,Psychology 3XX
PSYC,1,PSYCH313,PSYCH313
PSYC,1,Psychology of Communication,Psychology of Communication
PSYC,1,"PSYC3XX


	
Psychology 3XX


	
SECU0001


	
psychology and crime


	University College London (UCL) - University of London	England, UK",PSYC3XX,Psychology 3XX,SECU0001,psychology and crime,"University College London (UCL) - University of London	England, UK"
PSYC,1,PSYC3XX,PSYC3XX
PSYC,1,Psychology 3XX,Psychology 3XX
PSYC,1,SECU0001,SECU0001
PSYC,1,psychology and crime,psychology and crime
PSYC,1,"PSYC3XX


	
Psychology 3XX


	
SPOL20032


	
Child and Adolescent Psychology


	University of Bristol	England, UK",PSYC3XX,Psychology 3XX,SPOL20032,Child and Adolescent Psychology,"University of Bristol	England, UK"
PSYC,1,PSYC3XX,PSYC3XX
PSYC,1,Psychology 3XX,Psychology 3XX
PSYC,1,SPOL20032,SPOL20032
PSYC,1,Child and Adolescent Psychology,Child and Adolescent Psychology
PSYC,1,"PSYC3XX


	
Psychology 3XX


	
900318SCIY


	
Human Evolution


	University of Amsterdam	Netherlands",PSYC3XX,Psychology 3XX,900318SCIY,Human Evolution,University of Amsterdam	Netherlands
PSYC,1,PSYC3XX,PSYC3XX
PSYC,1,Psychology 3XX,Psychology 3XX
PSYC,1,900318SCIY,900318SCIY
PSYC,1,Human Evolution,Human Evolution
PSYC,1,"PSYC3XX


	
Psychology 3XX


	
PSYC0022


	
Psychology and Education


	University College London (UCL) - University of London	England, UK",PSYC3XX,Psychology 3XX,PSYC0022,Psychology and Education,"University College London (UCL) - University of London	England, UK"
PSYC,1,PSYC3XX,PSYC3XX
PSYC,1,Psychology 3XX,Psychology 3XX
PSYC,1,PSYC0022,PSYC0022
PSYC,1,Psychology and Education,Psychology and Education
PSYC,1,"PSYC403


	
Modern Psych in Hist Persp


	
PSY411


	
Theories In Psychology


	Bogazici (Bosphorus) University	Turkey",PSYC403,Modern Psych in Hist Persp,PSY411,Theories In Psychology,Bogazici (Bosphorus) University	Turkey
PSYC,1,PSYC403,PSYC403
PSYC,1,Modern Psych in Hist Persp,Modern Psych in Hist Persp
PSYC,1,PSY411,PSY411
PSYC,1,Theories In Psychology,Theories In Psychology
PSYC,1,"PSYC410


	
Special Topics in Neuropsychology.


	
PSY3018


	
The Damaged Brain: Case Studies in Neuropsychology


	Newcastle University	England, UK",PSYC410,Special Topics in Neuropsychology.,PSY3018,The Damaged Brain: Case Studies in Neuropsychology,"Newcastle University	England, UK"
PSYC,1,PSYC410,PSYC410
PSYC,1,Special Topics in Neuropsychology.,Special Topics in Neuropsychology.
PSYC,1,PSY3018,PSY3018
PSYC,1,The Damaged Brain: Case Studies in Neuropsychology,The Damaged Brain: Case Studies in Neuropsychology
PSYC,1,"PSYC415


	
Electroencephalography (EEG) Laboratory in Psychology.


	
PS211


	
Neuroscience Methods


	John Cabot University	Italy",PSYC415,Electroencephalography (EEG) Laboratory in Psychology.,PS211,Neuroscience Methods,John Cabot University	Italy
PSYC,1,PSYC415,PSYC415
PSYC,1,Electroencephalography (EEG) Laboratory in Psychology.,Electroencephalography (EEG) Laboratory in Psychology.
PSYC,1,PS211,PS211
PSYC,1,Neuroscience Methods,Neuroscience Methods
PSYC,1,"PSYC474


	
Interpersonal Relationships.


	
GE2109


	
Love, Sex, and Relationships: Psychological Perspectives


	City University of Hong Kong	Hong Kong, SAR",PSYC474,Interpersonal Relationships.,GE2109,"Love, Sex, and Relationships: Psychological Perspectives","City University of Hong Kong	Hong Kong, SAR"
PSYC,1,PSYC474,PSYC474
PSYC,1,Interpersonal Relationships.,Interpersonal Relationships.
PSYC,1,GE2109,GE2109
PSYC,1,"Love, Sex, and Relationships: Psychological Perspectives","Love, Sex, and Relationships: Psychological Perspectives"
PSYC,1,"PSYC4XX


	
Psychology 4XX


	
7202BO04XY


	
Youth Interventions: Theory, Research and Practice


	University of Amsterdam	Netherlands",PSYC4XX,Psychology 4XX,7202BO04XY,"Youth Interventions: Theory, Research and Practice",University of Amsterdam	Netherlands
PSYC,1,PSYC4XX,PSYC4XX
PSYC,1,Psychology 4XX,Psychology 4XX
PSYC,1,7202BO04XY,7202BO04XY
PSYC,1,"Youth Interventions: Theory, Research and Practice","Youth Interventions: Theory, Research and Practice"
PSYC,1,"PSYC4XX


	
Psychology 4XX


	
CISO3971


	
CLIMATE ACTION AND PSYCHOLOGY


	University of the Andes	Colombia",PSYC4XX,Psychology 4XX,CISO3971,CLIMATE ACTION AND PSYCHOLOGY,University of the Andes	Colombia
PSYC,1,PSYC4XX,PSYC4XX
PSYC,1,Psychology 4XX,Psychology 4XX
PSYC,1,CISO3971,CISO3971
PSYC,1,CLIMATE ACTION AND PSYCHOLOGY,CLIMATE ACTION AND PSYCHOLOGY
PSYC,1,"PSYC4XX


	
Psychology 4XX


	
PSU34720


	
Creative Cognition


	The University of Dublin (Trinity College)	Ireland",PSYC4XX,Psychology 4XX,PSU34720,Creative Cognition,The University of Dublin (Trinity College)	Ireland
PSYC,1,PSYC4XX,PSYC4XX
PSYC,1,Psychology 4XX,Psychology 4XX
PSYC,1,PSU34720,PSU34720
PSYC,1,Creative Cognition,Creative Cognition
PSYC,1,"PSYC4XX


	
Psychology 4XX


	
PSU34730


	
Human Reasoning


	The University of Dublin (Trinity College)	Ireland",PSYC4XX,Psychology 4XX,PSU34730,Human Reasoning,The University of Dublin (Trinity College)	Ireland
PSYC,1,PSYC4XX,PSYC4XX
PSYC,1,Psychology 4XX,Psychology 4XX
PSYC,1,PSU34730,PSU34730
PSYC,1,Human Reasoning,Human Reasoning
PSYC,1,"PSYC4XX


	
Psychology 4XX


	
PSYC0026


	
Topics in Developmental Psychology


	University College London (UCL) - University of London	England, UK",PSYC4XX,Psychology 4XX,PSYC0026,Topics in Developmental Psychology,"University College London (UCL) - University of London	England, UK"
PSYC,1,PSYC4XX,PSYC4XX
PSYC,1,Psychology 4XX,Psychology 4XX
PSYC,1,PSYC0026,PSYC0026
PSYC,1,Topics in Developmental Psychology,Topics in Developmental Psychology
PSYC,1,"PSYC4XX


	
Psychology 4XX


	
PSYC319


	
Comparative cognition


	University of Otago / Te Whare Wananga o Otago	New Zealand",PSYC4XX,Psychology 4XX,PSYC319,Comparative cognition,University of Otago / Te Whare Wananga o Otago	New Zealand
PSYC,1,PSYC4XX,PSYC4XX
PSYC,1,Psychology 4XX,Psychology 4XX
PSYC,1,PSYC319,PSYC319
PSYC,1,Comparative cognition,Comparative cognition
PSYC,1,"PSYC4XX


	
Psychology 4XX


	
PSYC4093


	
Psychology 4A


	University of New South Wales (UNSW)	Australia",PSYC4XX,Psychology 4XX,PSYC4093,Psychology 4A,University of New South Wales (UNSW)	Australia
PSYC,1,PSYC4XX,PSYC4XX
PSYC,1,Psychology 4XX,Psychology 4XX
PSYC,1,PSYC4093,PSYC4093
PSYC,1,Psychology 4A,Psychology 4A
PSYC,1,"PSYC4XX


	
Psychology 4XX


	
PSYC432


	
Psychology and the Built Environment


	Athabasca University	Canada",PSYC4XX,Psychology 4XX,PSYC432,Psychology and the Built Environment,Athabasca University	Canada
PSYC,1,PSYC4XX,PSYC4XX
PSYC,1,Psychology 4XX,Psychology 4XX
PSYC,1,PSYC432,PSYC432
PSYC,1,Psychology and the Built Environment,Psychology and the Built Environment
PSYC,1,"PSYC4XX


	
Psychology 4XX


	
PSYL10136


	
Developmental Cognitive Neuroscience: Infancy


	The University of Edinburgh	Scotland, UK",PSYC4XX,Psychology 4XX,PSYL10136,Developmental Cognitive Neuroscience: Infancy,"The University of Edinburgh	Scotland, UK"
PSYC,1,PSYC4XX,PSYC4XX
PSYC,1,Psychology 4XX,Psychology 4XX
PSYC,1,PSYL10136,PSYL10136
PSYC,1,Developmental Cognitive Neuroscience: Infancy,Developmental Cognitive Neuroscience: Infancy
PSYC,1,"PSYC526


	
Advances in Visual Perception.


	
PSYCH4008


	
Perception And Visual Cognition 3H


	The University of Glasgow	Scotland, UK",PSYC526,Advances in Visual Perception.,PSYCH4008,Perception And Visual Cognition 3H,"The University of Glasgow	Scotland, UK"
PSYC,1,PSYC526,PSYC526
PSYC,1,Advances in Visual Perception.,Advances in Visual Perception.
PSYC,1,PSYCH4008,PSYCH4008
PSYC,1,Perception And Visual Cognition 3H,Perception And Visual Cognition 3H
PSYC,1,"New Search	
	Refine Search",New Search,Refine Search
PSYC,1,"New Search	
	Refine Search",New Search,Refine Search
SOCI,1,"Legend:	
	  Equivalent
	
	  Not Equivalent
	
	  Expired",Legend:,Equivalent,Not Equivalent,Expired
SOCI,1,Equivalent,Equivalent
SOCI,1,Not Equivalent,Not Equivalent
SOCI,1,Expired,Expired
SOCI,1,"New Search	
	Refine Search",New Search,Refine Search
SOCI,1,"New Search	
	Refine Search",New Search,Refine Search
SOCI,1,"McGill University
	
External Institution",McGill University,External Institution
SOCI,1,"Course
	
Title
	
Course
	
Title
	
Institution
	
Country
	
Status",Course,Title,Course,Title,Institution,Country,Status
SOCI,1,"SOCI210


	
Sociological Perspectives.


	
21061


	
Introduction to Sociology


	University of Regina	Canada",SOCI210,Sociological Perspectives.,21061,Introduction to Sociology,University of Regina	Canada
SOCI,1,SOCI210,SOCI210
SOCI,1,Sociological Perspectives.,Sociological Perspectives.
SOCI,1,21061,21061
SOCI,1,Introduction to Sociology,Introduction to Sociology
SOCI,1,"SOCI210


	
Sociological Perspectives.


	
SOC1006


	
Introduction à la sociologie


	Université du Québec à Montréal (UQAM)	Canada",SOCI210,Sociological Perspectives.,SOC1006,Introduction à la sociologie,Université du Québec à Montréal (UQAM)	Canada
SOCI,1,SOCI210,SOCI210
SOCI,1,Sociological Perspectives.,Sociological Perspectives.
SOCI,1,SOC1006,SOC1006
SOCI,1,Introduction à la sociologie,Introduction à la sociologie
SOCI,1,"SOCI210


	
Sociological Perspectives.


	
SOC105


	
Introduction to Sociology


	Stony Brook University	USA",SOCI210,Sociological Perspectives.,SOC105,Introduction to Sociology,Stony Brook University	USA
SOCI,1,SOCI210,SOCI210
SOCI,1,Sociological Perspectives.,Sociological Perspectives.
SOCI,1,SOC105,SOC105
SOCI,1,Introduction to Sociology,Introduction to Sociology
SOCI,1,"SOCI210


	
Sociological Perspectives.


	
SOCI10001


	
Understanding Society


	University of Melbourne	Australia",SOCI210,Sociological Perspectives.,SOCI10001,Understanding Society,University of Melbourne	Australia
SOCI,1,SOCI210,SOCI210
SOCI,1,Sociological Perspectives.,Sociological Perspectives.
SOCI,1,SOCI10001,SOCI10001
SOCI,1,Understanding Society,Understanding Society
SOCI,1,"SOCI210


	
Sociological Perspectives.


	
SOCI1010


	
Introduction to Sociology


	University of Prince Edward Island (UPEI)	Canada",SOCI210,Sociological Perspectives.,SOCI1010,Introduction to Sociology,University of Prince Edward Island (UPEI)	Canada
SOCI,1,SOCI210,SOCI210
SOCI,1,Sociological Perspectives.,Sociological Perspectives.
SOCI,1,SOCI1010,SOCI1010
SOCI,1,Introduction to Sociology,Introduction to Sociology
SOCI,1,"SOCI222


	
Urban Sociology.


	
CSOC25F11


	
Le revers de la médaille. Capitalisme industriel et justice environnementale au prisme des sciences


	Institut d'Études Politiques (Sciences Po) (ALL CAMPUSES)	France",SOCI222,Urban Sociology.,CSOC25F11,Le revers de la médaille. Capitalisme industriel et justice environnementale au prisme des sciences,Institut d'Études Politiques (Sciences Po) (ALL CAMPUSES)	France
SOCI,1,SOCI222,SOCI222
SOCI,1,Urban Sociology.,Urban Sociology.
SOCI,1,CSOC25F11,CSOC25F11
SOCI,1,Le revers de la médaille. Capitalisme industriel et justice environnementale au prisme des sciences,Le revers de la médaille. Capitalisme industriel et justice environnementale au prisme des sciences
SOCI,1,"SOCI230


	
Sociology of Ethnic Relations.


	
SOCI20017


	
Ethnicity and Racism


	University of Bristol	England, UK",SOCI230,Sociology of Ethnic Relations.,SOCI20017,Ethnicity and Racism,"University of Bristol	England, UK"
SOCI,1,SOCI230,SOCI230
SOCI,1,Sociology of Ethnic Relations.,Sociology of Ethnic Relations.
SOCI,1,SOCI20017,SOCI20017
SOCI,1,Ethnicity and Racism,Ethnicity and Racism
SOCI,1,"SOCI235


	
Technology and Society


	
CCGL9008


	
Cybersocieties: Understanding Technology as Global Change


	The University of Hong Kong (HKU)	Hong Kong, SAR",SOCI235,Technology and Society,CCGL9008,Cybersocieties: Understanding Technology as Global Change,"The University of Hong Kong (HKU)	Hong Kong, SAR"
SOCI,1,SOCI235,SOCI235
SOCI,1,Technology and Society,Technology and Society
SOCI,1,CCGL9008,CCGL9008
SOCI,1,Cybersocieties: Understanding Technology as Global Change,Cybersocieties: Understanding Technology as Global Change
SOCI,1,"SOCI235


	
Technology and Society.


	
75074


	
Web Society and Globalization


	University of Bologna	Italy",SOCI235,Technology and Society.,75074,Web Society and Globalization,University of Bologna	Italy
SOCI,1,SOCI235,SOCI235
SOCI,1,Technology and Society.,Technology and Society.
SOCI,1,75074,75074
SOCI,1,Web Society and Globalization,Web Society and Globalization
SOCI,1,"SOCI235


	
Technology and Society.


	
ENCS393


	
Social and Ethical Dimensions of Information and Communication Technologies


	Concordia University	Canada",SOCI235,Technology and Society.,ENCS393,Social and Ethical Dimensions of Information and Communication Technologies,Concordia University	Canada
SOCI,1,SOCI235,SOCI235
SOCI,1,Technology and Society.,Technology and Society.
SOCI,1,ENCS393,ENCS393
SOCI,1,Social and Ethical Dimensions of Information and Communication Technologies,Social and Ethical Dimensions of Information and Communication Technologies
SOCI,1,"SOCI235


	
Technology and Society.


	
OBUS3095


	
Deep Tech, Social Sciences


	Institut d'Études Politiques (Sciences Po) (ALL CAMPUSES)	France",SOCI235,Technology and Society.,OBUS3095,"Deep Tech, Social Sciences",Institut d'Études Politiques (Sciences Po) (ALL CAMPUSES)	France
SOCI,1,SOCI235,SOCI235
SOCI,1,Technology and Society.,Technology and Society.
SOCI,1,OBUS3095,OBUS3095
SOCI,1,"Deep Tech, Social Sciences","Deep Tech, Social Sciences"
SOCI,1,"SOCI247


	
Family & Modern Society


	
SOCI2021


	
Marriage and the Family


	The University of Hong Kong (HKU)	Hong Kong, SAR",SOCI247,Family & Modern Society,SOCI2021,Marriage and the Family,"The University of Hong Kong (HKU)	Hong Kong, SAR"
SOCI,1,SOCI247,SOCI247
SOCI,1,Family & Modern Society,Family & Modern Society
SOCI,1,SOCI2021,SOCI2021
SOCI,1,Marriage and the Family,Marriage and the Family
SOCI,1,"SOCI254


	
Development and Underdevelopment.


	
SOCI30063


	
Cultural Representation


	University of Bristol	England, UK",SOCI254,Development and Underdevelopment.,SOCI30063,Cultural Representation,"University of Bristol	England, UK"
SOCI,1,SOCI254,SOCI254
SOCI,1,Development and Underdevelopment.,Development and Underdevelopment.
SOCI,1,SOCI30063,SOCI30063
SOCI,1,Cultural Representation,Cultural Representation
SOCI,1,"SOCI270


	
Sociology of Gender.


	
SOCS0036


	
Sociology of Gender


	University College London (UCL) - University of London	England, UK",SOCI270,Sociology of Gender.,SOCS0036,Sociology of Gender,"University College London (UCL) - University of London	England, UK"
SOCI,1,SOCI270,SOCI270
SOCI,1,Sociology of Gender.,Sociology of Gender.
SOCI,1,SOCS0036,SOCS0036
SOCI,1,Sociology of Gender,Sociology of Gender
SOCI,1,"SOCI270


	
Sociology of Gender.


	
SOL186S


	
Sociologia de la Desigualdad


	Catholic University of Chile	Chile",SOCI270,Sociology of Gender.,SOL186S,Sociologia de la Desigualdad,Catholic University of Chile	Chile
SOCI,1,SOCI270,SOCI270
SOCI,1,Sociology of Gender.,Sociology of Gender.
SOCI,1,SOL186S,SOL186S
SOCI,1,Sociologia de la Desigualdad,Sociologia de la Desigualdad
SOCI,1,"SOCI2XX


	
Sociology (Arts) 2XX


	
226


	
Rome: Modern City


	John Cabot University	Italy",SOCI2XX,Sociology (Arts) 2XX,226,Rome: Modern City,John Cabot University	Italy
SOCI,1,SOCI2XX,SOCI2XX
SOCI,1,Sociology (Arts) 2XX,Sociology (Arts) 2XX
SOCI,1,226,226
SOCI,1,Rome: Modern City,Rome: Modern City
SOCI,1,"SOCI2XX


	
Sociology (Arts) 2XX


	
ASOB16208U


	
Sociology of Education


	University of Copenhagen	Denmark",SOCI2XX,Sociology (Arts) 2XX,ASOB16208U,Sociology of Education,University of Copenhagen	Denmark
SOCI,1,SOCI2XX,SOCI2XX
SOCI,1,Sociology (Arts) 2XX,Sociology (Arts) 2XX
SOCI,1,ASOB16208U,ASOB16208U
SOCI,1,Sociology of Education,Sociology of Education
SOCI,1,"SOCI2XX


	
Sociology (Arts) 2XX


	
CS8800


	
Media and Society in the Digital Age


	Nanyang Technological University	Singapore",SOCI2XX,Sociology (Arts) 2XX,CS8800,Media and Society in the Digital Age,Nanyang Technological University	Singapore
SOCI,1,SOCI2XX,SOCI2XX
SOCI,1,Sociology (Arts) 2XX,Sociology (Arts) 2XX
SOCI,1,CS8800,CS8800
SOCI,1,Media and Society in the Digital Age,Media and Society in the Digital Age
SOCI,1,"SOCI2XX


	
Sociology (Arts) 2XX


	
DISS241


	
Contemporary korea


	Korea University	South Korea",SOCI2XX,Sociology (Arts) 2XX,DISS241,Contemporary korea,Korea University	South Korea
SOCI,1,SOCI2XX,SOCI2XX
SOCI,1,Sociology (Arts) 2XX,Sociology (Arts) 2XX
SOCI,1,DISS241,DISS241
SOCI,1,Contemporary korea,Contemporary korea
SOCI,1,"SOCI2XX


	
Sociology (Arts) 2XX


	
HEED131


	
UNDERSTANDING TRADITIONAL KOREAN DRESS AND ITS APPLICATION(English)


	Korea University	South Korea",SOCI2XX,Sociology (Arts) 2XX,HEED131,UNDERSTANDING TRADITIONAL KOREAN DRESS AND ITS APPLICATION(English),Korea University	South Korea
SOCI,1,SOCI2XX,SOCI2XX
SOCI,1,Sociology (Arts) 2XX,Sociology (Arts) 2XX
SOCI,1,HEED131,HEED131
SOCI,1,UNDERSTANDING TRADITIONAL KOREAN DRESS AND ITS APPLICATION(English),UNDERSTANDING TRADITIONAL KOREAN DRESS AND ITS APPLICATION(English)
SOCI,1,"SOCI2XX


	
Sociology (Arts) 2XX


	
SO00DM4U


	
Sociologie du logement


	University of Strasbourg	France",SOCI2XX,Sociology (Arts) 2XX,SO00DM4U,Sociologie du logement,University of Strasbourg	France
SOCI,1,SOCI2XX,SOCI2XX
SOCI,1,Sociology (Arts) 2XX,Sociology (Arts) 2XX
SOCI,1,SO00DM4U,SO00DM4U
SOCI,1,Sociologie du logement,Sociologie du logement
SOCI,1,"SOCI2XX


	
Sociology (Arts) 2XX


	
SOCI224


	
Urban Sociology


	Bogazici (Bosphorus) University	Turkey",SOCI2XX,Sociology (Arts) 2XX,SOCI224,Urban Sociology,Bogazici (Bosphorus) University	Turkey
SOCI,1,SOCI2XX,SOCI2XX
SOCI,1,Sociology (Arts) 2XX,Sociology (Arts) 2XX
SOCI,1,SOCI224,SOCI224
SOCI,1,Urban Sociology,Urban Sociology
SOCI,1,"SOCI2XX


	
Sociology (Arts) 2XX


	
SOCI225


	
Sociology through Film


	Concordia University	Canada",SOCI2XX,Sociology (Arts) 2XX,SOCI225,Sociology through Film,Concordia University	Canada
SOCI,1,SOCI2XX,SOCI2XX
SOCI,1,Sociology (Arts) 2XX,Sociology (Arts) 2XX
SOCI,1,SOCI225,SOCI225
SOCI,1,Sociology through Film,Sociology through Film
SOCI,1,"SOCI304


	
Sociology of the Welfare State.


	
PUBPOL4035


	
Utopias: Welfare Theory and Social Policies for a ‘Good Society’


	The University of Glasgow	Scotland, UK",SOCI304,Sociology of the Welfare State.,PUBPOL4035,Utopias: Welfare Theory and Social Policies for a ‘Good Society’,"The University of Glasgow	Scotland, UK"
SOCI,1,SOCI304,SOCI304
SOCI,1,Sociology of the Welfare State.,Sociology of the Welfare State.
SOCI,1,PUBPOL4035,PUBPOL4035
SOCI,1,Utopias: Welfare Theory and Social Policies for a ‘Good Society’,Utopias: Welfare Theory and Social Policies for a ‘Good Society’
SOCI,1,"SOCI309


	
Health and Illness.


	
21301


	
Políticas de Salud


	University of Buenos Aires	Argentina",SOCI309,Health and Illness.,21301,Políticas de Salud,University of Buenos Aires	Argentina
SOCI,1,SOCI309,SOCI309
SOCI,1,Health and Illness.,Health and Illness.
SOCI,1,21301,21301
SOCI,1,Políticas de Salud,Políticas de Salud
SOCI,1,"SOCI309


	
Health and Illness.


	
SOC20270


	
Health and Inequality


	University College Dublin	Ireland",SOCI309,Health and Illness.,SOC20270,Health and Inequality,University College Dublin	Ireland
SOCI,1,SOCI309,SOCI309
SOCI,1,Health and Illness.,Health and Illness.
SOCI,1,SOC20270,SOC20270
SOCI,1,Health and Inequality,Health and Inequality
SOCI,1,"SOCI312


	
Sociology of Work and Industry.


	
SO00CM1K4K


	
Sociologie du travail et de l’emploi


	University of Strasbourg	France",SOCI312,Sociology of Work and Industry.,SO00CM1K4K,Sociologie du travail et de l’emploi,University of Strasbourg	France
SOCI,1,SOCI312,SOCI312
SOCI,1,Sociology of Work and Industry.,Sociology of Work and Industry.
SOCI,1,SO00CM1K4K,SO00CM1K4K
SOCI,1,Sociologie du travail et de l’emploi,Sociologie du travail et de l’emploi
SOCI,1,"SOCI312


	
Sociology of Work and Industry.


	
SOCI30015


	
Work, Labour and Society


	University of Melbourne	Australia",SOCI312,Sociology of Work and Industry.,SOCI30015,"Work, Labour and Society",University of Melbourne	Australia
SOCI,1,SOCI312,SOCI312
SOCI,1,Sociology of Work and Industry.,Sociology of Work and Industry.
SOCI,1,SOCI30015,SOCI30015
SOCI,1,"Work, Labour and Society","Work, Labour and Society"
SOCI,1,"SOCI312


	
Sociology of Work and Industry.


	
SOCY20032XXXXX


	
Work, Economy & Society


	The University of Manchester	England, UK",SOCI312,Sociology of Work and Industry.,SOCY20032XXXXX,"Work, Economy & Society","The University of Manchester	England, UK"
SOCI,1,SOCI312,SOCI312
SOCI,1,Sociology of Work and Industry.,Sociology of Work and Industry.
SOCI,1,SOCY20032XXXXX,SOCY20032XXXXX
SOCI,1,"Work, Economy & Society","Work, Economy & Society"
SOCI,1,"SOCI312


	
Sociology of Work and Industry.


	
T205027


	
Sociologie Economique


	University of Geneva	Switzerland",SOCI312,Sociology of Work and Industry.,T205027,Sociologie Economique,University of Geneva	Switzerland
SOCI,1,SOCI312,SOCI312
SOCI,1,Sociology of Work and Industry.,Sociology of Work and Industry.
SOCI,1,T205027,T205027
SOCI,1,Sociologie Economique,Sociologie Economique
SOCI,1,"SOCI318


	
Sociology of the Media.


	
E000010713


	
Género y lenguaje sexista en publicidad y medios de comunicación


	Comillas Pontifical University	Spain",SOCI318,Sociology of the Media.,E000010713,Género y lenguaje sexista en publicidad y medios de comunicación,Comillas Pontifical University	Spain
SOCI,1,SOCI318,SOCI318
SOCI,1,Sociology of the Media.,Sociology of the Media.
SOCI,1,E000010713,E000010713
SOCI,1,Género y lenguaje sexista en publicidad y medios de comunicación,Género y lenguaje sexista en publicidad y medios de comunicación
SOCI,1,"SOCI326


	
Political Sociology 01.


	
SPG12UW3


	
Political sociology of the EU


	University of Strasbourg	France",SOCI326,Political Sociology 01.,SPG12UW3,Political sociology of the EU,University of Strasbourg	France
SOCI,1,SOCI326,SOCI326
SOCI,1,Political Sociology 01.,Political Sociology 01.
SOCI,1,SPG12UW3,SPG12UW3
SOCI,1,Political sociology of the EU,Political sociology of the EU
SOCI,1,"SOCI330


	
Sociological Theory.


	
4090


	
Social theory


	The University of Glasgow	Scotland, UK",SOCI330,Sociological Theory.,4090,Social theory,"The University of Glasgow	Scotland, UK"
SOCI,1,SOCI330,SOCI330
SOCI,1,Sociological Theory.,Sociological Theory.
SOCI,1,4090,4090
SOCI,1,Social theory,Social theory
SOCI,1,"SOCI331


	
Population and Environment.


	
JSB727


	
Values and Life Styles in Societies: Analysis of Social Change


	Charles University in Prague	Czech Republic",SOCI331,Population and Environment.,JSB727,Values and Life Styles in Societies: Analysis of Social Change,Charles University in Prague	Czech Republic
SOCI,1,SOCI331,SOCI331
SOCI,1,Population and Environment.,Population and Environment.
SOCI,1,JSB727,JSB727
SOCI,1,Values and Life Styles in Societies: Analysis of Social Change,Values and Life Styles in Societies: Analysis of Social Change
SOCI,1,"SOCI350


	
Statistics in Social Research.


	
PU401


	
Quantitative Methods in Social Science Research


	Shanghai Jiao Tong University	China",SOCI350,Statistics in Social Research.,PU401,Quantitative Methods in Social Science Research,Shanghai Jiao Tong University	China
SOCI,1,SOCI350,SOCI350
SOCI,1,Statistics in Social Research.,Statistics in Social Research.
SOCI,1,PU401,PU401
SOCI,1,Quantitative Methods in Social Science Research,Quantitative Methods in Social Science Research
SOCI,1,"SOCI365


	
Health and Development.


	
ECON30100


	
Economics of Health and Health Policy


	University College Dublin	Ireland",SOCI365,Health and Development.,ECON30100,Economics of Health and Health Policy,University College Dublin	Ireland
SOCI,1,SOCI365,SOCI365
SOCI,1,Health and Development.,Health and Development.
SOCI,1,ECON30100,ECON30100
SOCI,1,Economics of Health and Health Policy,Economics of Health and Health Policy
SOCI,1,"SOCI365


	
Health and Development.


	
HS2023


	
Environmental Sociology


	Nanyang Technological University	Singapore",SOCI365,Health and Development.,HS2023,Environmental Sociology,Nanyang Technological University	Singapore
SOCI,1,SOCI365,SOCI365
SOCI,1,Health and Development.,Health and Development.
SOCI,1,HS2023,HS2023
SOCI,1,Environmental Sociology,Environmental Sociology
SOCI,1,"SOCI370


	
Sociology: Gender and Development.


	
AIO1004


	
Gender and Development


	University of Malaya	Malaysia",SOCI370,Sociology: Gender and Development.,AIO1004,Gender and Development,University of Malaya	Malaysia
SOCI,1,SOCI370,SOCI370
SOCI,1,Sociology: Gender and Development.,Sociology: Gender and Development.
SOCI,1,AIO1004,AIO1004
SOCI,1,Gender and Development,Gender and Development
SOCI,1,"SOCI370


	
Sociology: Gender and Development.


	
SSJ20060


	
Gender and Development


	University College Dublin	Ireland",SOCI370,Sociology: Gender and Development.,SSJ20060,Gender and Development,University College Dublin	Ireland
SOCI,1,SOCI370,SOCI370
SOCI,1,Sociology: Gender and Development.,Sociology: Gender and Development.
SOCI,1,SSJ20060,SSJ20060
SOCI,1,Gender and Development,Gender and Development
SOCI,1,"SOCI386


	
Contemporary Social Movements.


	
MODL20024


	
Migrations of Culture


	University of Bristol	England, UK",SOCI386,Contemporary Social Movements.,MODL20024,Migrations of Culture,"University of Bristol	England, UK"
SOCI,1,SOCI386,SOCI386
SOCI,1,Contemporary Social Movements.,Contemporary Social Movements.
SOCI,1,MODL20024,MODL20024
SOCI,1,Migrations of Culture,Migrations of Culture
SOCI,1,"SOCI388


	
Crime.


	
DELITOYSOCIEDADSOCIOLOGIADELSISTEMAPENAL


	
Delito y Sociedad: Sociología del Sistema Penal


	University of Buenos Aires	Argentina",SOCI388,Crime.,DELITOYSOCIEDADSOCIOLOGIADELSISTEMAPENAL,Delito y Sociedad: Sociología del Sistema Penal,University of Buenos Aires	Argentina
SOCI,1,SOCI388,SOCI388
SOCI,1,Crime.,Crime.
SOCI,1,DELITOYSOCIEDADSOCIOLOGIADELSISTEMAPENAL,DELITOYSOCIEDADSOCIOLOGIADELSISTEMAPENAL
SOCI,1,Delito y Sociedad: Sociología del Sistema Penal,Delito y Sociedad: Sociología del Sistema Penal
SOCI,1,"SOCI388


	
Crime.


	
JSB750


	
Crime in Societies: Transgression, Punishment and Restoration


	Charles University in Prague	Czech Republic",SOCI388,Crime.,JSB750,"Crime in Societies: Transgression, Punishment and Restoration",Charles University in Prague	Czech Republic
SOCI,1,SOCI388,SOCI388
SOCI,1,Crime.,Crime.
SOCI,1,JSB750,JSB750
SOCI,1,"Crime in Societies: Transgression, Punishment and Restoration","Crime in Societies: Transgression, Punishment and Restoration"
SOCI,1,"SOCI388


	
Crime.


	
SO00DM1N


	
Sociologie de la délinquance, du crime et de la marginalité


	University of Strasbourg	France",SOCI388,Crime.,SO00DM1N,"Sociologie de la délinquance, du crime et de la marginalité",University of Strasbourg	France
SOCI,1,SOCI388,SOCI388
SOCI,1,Crime.,Crime.
SOCI,1,SO00DM1N,SO00DM1N
SOCI,1,"Sociologie de la délinquance, du crime et de la marginalité","Sociologie de la délinquance, du crime et de la marginalité"
SOCI,1,"SOCI3XX


	
Sociology (Arts) 3XX


	
06SM440K002


	
English in the Americas


	University of Zurich	Switzerland",SOCI3XX,Sociology (Arts) 3XX,06SM440K002,English in the Americas,University of Zurich	Switzerland
SOCI,1,SOCI3XX,SOCI3XX
SOCI,1,Sociology (Arts) 3XX,Sociology (Arts) 3XX
SOCI,1,06SM440K002,06SM440K002
SOCI,1,English in the Americas,English in the Americas
SOCI,1,"SOCI3XX


	
Sociology (Arts) 3XX


	
131


	
CRIM


	Simon Fraser University	Canada",SOCI3XX,Sociology (Arts) 3XX,131,CRIM,Simon Fraser University	Canada
SOCI,1,SOCI3XX,SOCI3XX
SOCI,1,Sociology (Arts) 3XX,Sociology (Arts) 3XX
SOCI,1,131,131
SOCI,1,CRIM,CRIM
SOCI,1,"SOCI3XX


	
Sociology (Arts) 3XX


	
13743


	
Chicago 1968 - Politics, Protest, and Police at the Democratic National Convention - Einzelansicht


	Ludwig-Maximilian-University of Munich	Germany",SOCI3XX,Sociology (Arts) 3XX,13743,"Chicago 1968 - Politics, Protest, and Police at the Democratic National Convention - Einzelansicht",Ludwig-Maximilian-University of Munich	Germany
SOCI,1,SOCI3XX,SOCI3XX
SOCI,1,Sociology (Arts) 3XX,Sociology (Arts) 3XX
SOCI,1,13743,13743
SOCI,1,"Chicago 1968 - Politics, Protest, and Police at the Democratic National Convention - Einzelansicht","Chicago 1968 - Politics, Protest, and Police at the Democratic National Convention - Einzelansicht"
SOCI,1,"SOCI3XX


	
Sociology (Arts) 3XX


	
15189


	
Sociology of Partnerships


	Ludwig-Maximilian-University of Munich	Germany",SOCI3XX,Sociology (Arts) 3XX,15189,Sociology of Partnerships,Ludwig-Maximilian-University of Munich	Germany
SOCI,1,SOCI3XX,SOCI3XX
SOCI,1,Sociology (Arts) 3XX,Sociology (Arts) 3XX
SOCI,1,15189,15189
SOCI,1,Sociology of Partnerships,Sociology of Partnerships
SOCI,1,"SOCI3XX


	
Sociology (Arts) 3XX


	
23210123


	
Géographie sociale


	Université Jean Moulin (Lyon III)	France",SOCI3XX,Sociology (Arts) 3XX,23210123,Géographie sociale,Université Jean Moulin (Lyon III)	France
SOCI,1,SOCI3XX,SOCI3XX
SOCI,1,Sociology (Arts) 3XX,Sociology (Arts) 3XX
SOCI,1,23210123,23210123
SOCI,1,Géographie sociale,Géographie sociale
SOCI,1,"SOCI3XX


	
Sociology (Arts) 3XX


	
3068


	
Crime and society


	The University of Hong Kong (HKU)	Hong Kong, SAR",SOCI3XX,Sociology (Arts) 3XX,3068,Crime and society,"The University of Hong Kong (HKU)	Hong Kong, SAR"
SOCI,1,SOCI3XX,SOCI3XX
SOCI,1,Sociology (Arts) 3XX,Sociology (Arts) 3XX
SOCI,1,3068,3068
SOCI,1,Crime and society,Crime and society
SOCI,1,"SOCI3XX


	
Sociology (Arts) 3XX


	
363


	
Sociología de las Migraciones Internacionales


	University of Buenos Aires	Argentina",SOCI3XX,Sociology (Arts) 3XX,363,Sociología de las Migraciones Internacionales,University of Buenos Aires	Argentina
SOCI,1,SOCI3XX,SOCI3XX
SOCI,1,Sociology (Arts) 3XX,Sociology (Arts) 3XX
SOCI,1,363,363
SOCI,1,Sociología de las Migraciones Internacionales,Sociología de las Migraciones Internacionales
SOCI,1,"SOCI3XX


	
Sociology (Arts) 3XX


	
70220265AY


	
Globalisation, education policy and change


	University of Amsterdam	Netherlands",SOCI3XX,Sociology (Arts) 3XX,70220265AY,"Globalisation, education policy and change",University of Amsterdam	Netherlands
SOCI,1,SOCI3XX,SOCI3XX
SOCI,1,Sociology (Arts) 3XX,Sociology (Arts) 3XX
SOCI,1,70220265AY,70220265AY
SOCI,1,"Globalisation, education policy and change","Globalisation, education policy and change"
SOCI,1,"SOCI3XX


	
Sociology (Arts) 3XX


	
7332C004AY


	
Globalising cultures


	University of Amsterdam	Netherlands",SOCI3XX,Sociology (Arts) 3XX,7332C004AY,Globalising cultures,University of Amsterdam	Netherlands
SOCI,1,SOCI3XX,SOCI3XX
SOCI,1,Sociology (Arts) 3XX,Sociology (Arts) 3XX
SOCI,1,7332C004AY,7332C004AY
SOCI,1,Globalising cultures,Globalising cultures
SOCI,1,"SOCI3XX


	
Sociology (Arts) 3XX


	
AFAC20010


	
Ideas and Society: Approaching Gender and Sexuality


	University of Bristol	England, UK",SOCI3XX,Sociology (Arts) 3XX,AFAC20010,Ideas and Society: Approaching Gender and Sexuality,"University of Bristol	England, UK"
SOCI,1,SOCI3XX,SOCI3XX
SOCI,1,Sociology (Arts) 3XX,Sociology (Arts) 3XX
SOCI,1,AFAC20010,AFAC20010
SOCI,1,Ideas and Society: Approaching Gender and Sexuality,Ideas and Society: Approaching Gender and Sexuality
SOCI,1,"SOCI3XX


	
Sociology (Arts) 3XX


	
AHSE0024


	
Women's rights in Modern Czech History


	Charles University in Prague	Czech Republic",SOCI3XX,Sociology (Arts) 3XX,AHSE0024,Women's rights in Modern Czech History,Charles University in Prague	Czech Republic
SOCI,1,SOCI3XX,SOCI3XX
SOCI,1,Sociology (Arts) 3XX,Sociology (Arts) 3XX
SOCI,1,AHSE0024,AHSE0024
SOCI,1,Women's rights in Modern Czech History,Women's rights in Modern Czech History
SOCI,1,"SOCI3XX


	
Sociology (Arts) 3XX


	
APSS1A04


	
Understanding Ethics in Daily Life


	The Hong Kong Polytechnic University	Hong Kong, SAR",SOCI3XX,Sociology (Arts) 3XX,APSS1A04,Understanding Ethics in Daily Life,"The Hong Kong Polytechnic University	Hong Kong, SAR"
SOCI,1,SOCI3XX,SOCI3XX
SOCI,1,Sociology (Arts) 3XX,Sociology (Arts) 3XX
SOCI,1,APSS1A04,APSS1A04
SOCI,1,Understanding Ethics in Daily Life,Understanding Ethics in Daily Life
SOCI,1,"SOCI3XX


	
Sociology (Arts) 3XX


	
ASGV01000


	
Insights on Current Society


	Charles University in Prague	Czech Republic",SOCI3XX,Sociology (Arts) 3XX,ASGV01000,Insights on Current Society,Charles University in Prague	Czech Republic
SOCI,1,SOCI3XX,SOCI3XX
SOCI,1,Sociology (Arts) 3XX,Sociology (Arts) 3XX
SOCI,1,ASGV01000,ASGV01000
SOCI,1,Insights on Current Society,Insights on Current Society
SOCI,1,"SOCI3XX


	
Sociology (Arts) 3XX


	
CRIIM2080


	
Criminology and Global Security


	University of Queensland (UQ)	Australia",SOCI3XX,Sociology (Arts) 3XX,CRIIM2080,Criminology and Global Security,University of Queensland (UQ)	Australia
SOCI,1,SOCI3XX,SOCI3XX
SOCI,1,Sociology (Arts) 3XX,Sociology (Arts) 3XX
SOCI,1,CRIIM2080,CRIIM2080
SOCI,1,Criminology and Global Security,Criminology and Global Security
SOCI,1,"SOCI3XX


	
Sociology (Arts) 3XX


	
CRIM20412


	
Explaining Crime and Deviance


	The University of Manchester	England, UK",SOCI3XX,Sociology (Arts) 3XX,CRIM20412,Explaining Crime and Deviance,"The University of Manchester	England, UK"
SOCI,1,SOCI3XX,SOCI3XX
SOCI,1,Sociology (Arts) 3XX,Sociology (Arts) 3XX
SOCI,1,CRIM20412,CRIM20412
SOCI,1,Explaining Crime and Deviance,Explaining Crime and Deviance
SOCI,1,"SOCI3XX


	
Sociology (Arts) 3XX


	
CRIM30011


	
Young People, Crime & Justice


	University of Melbourne	Australia",SOCI3XX,Sociology (Arts) 3XX,CRIM30011,"Young People, Crime & Justice",University of Melbourne	Australia
SOCI,1,SOCI3XX,SOCI3XX
SOCI,1,Sociology (Arts) 3XX,Sociology (Arts) 3XX
SOCI,1,CRIM30011,CRIM30011
SOCI,1,"Young People, Crime & Justice","Young People, Crime & Justice"
SOCI,1,"SOCI3XX


	
Sociology (Arts) 3XX


	
CURB27F00


	
ENJEUX URBAINS À L'ÉCHELLE MONDIALE (LES


	Institut d'Études Politiques (Sciences Po) (ALL CAMPUSES)	France",SOCI3XX,Sociology (Arts) 3XX,CURB27F00,ENJEUX URBAINS À L'ÉCHELLE MONDIALE (LES,Institut d'Études Politiques (Sciences Po) (ALL CAMPUSES)	France
SOCI,1,SOCI3XX,SOCI3XX
SOCI,1,Sociology (Arts) 3XX,Sociology (Arts) 3XX
SOCI,1,CURB27F00,CURB27F00
SOCI,1,ENJEUX URBAINS À L'ÉCHELLE MONDIALE (LES,ENJEUX URBAINS À L'ÉCHELLE MONDIALE (LES
SOCI,1,"SOCI3XX


	
Sociology (Arts) 3XX


	
DAFF25A27


	
Music and Politics in the Middle East and North Africa


	Institut d'Études Politiques (Sciences Po) (ALL CAMPUSES)	France",SOCI3XX,Sociology (Arts) 3XX,DAFF25A27,Music and Politics in the Middle East and North Africa,Institut d'Études Politiques (Sciences Po) (ALL CAMPUSES)	France
SOCI,1,SOCI3XX,SOCI3XX
SOCI,1,Sociology (Arts) 3XX,Sociology (Arts) 3XX
SOCI,1,DAFF25A27,DAFF25A27
SOCI,1,Music and Politics in the Middle East and North Africa,Music and Politics in the Middle East and North Africa
SOCI,1,"SOCI3XX


	
Sociology (Arts) 3XX


	
DAFF25A29


	
POLITICAL SOCIOLOGY OF THE CONTEMPORARY RUSSIAN STATE


	Institut d'Études Politiques (Sciences Po) (ALL CAMPUSES)	France",SOCI3XX,Sociology (Arts) 3XX,DAFF25A29,POLITICAL SOCIOLOGY OF THE CONTEMPORARY RUSSIAN STATE,Institut d'Études Politiques (Sciences Po) (ALL CAMPUSES)	France
SOCI,1,SOCI3XX,SOCI3XX
SOCI,1,Sociology (Arts) 3XX,Sociology (Arts) 3XX
SOCI,1,DAFF25A29,DAFF25A29
SOCI,1,POLITICAL SOCIOLOGY OF THE CONTEMPORARY RUSSIAN STATE,POLITICAL SOCIOLOGY OF THE CONTEMPORARY RUSSIAN STATE
SOCI,1,"SOCI3XX


	
Sociology (Arts) 3XX


	
DAFF25A89


	
GEOPOLITICS AND HERITAGE DYNAMICS IN THE BALKANS


	Institut d'Études Politiques (Sciences Po) (ALL CAMPUSES)	France",SOCI3XX,Sociology (Arts) 3XX,DAFF25A89,GEOPOLITICS AND HERITAGE DYNAMICS IN THE BALKANS,Institut d'Études Politiques (Sciences Po) (ALL CAMPUSES)	France
SOCI,1,SOCI3XX,SOCI3XX
SOCI,1,Sociology (Arts) 3XX,Sociology (Arts) 3XX
SOCI,1,DAFF25A89,DAFF25A89
SOCI,1,GEOPOLITICS AND HERITAGE DYNAMICS IN THE BALKANS,GEOPOLITICS AND HERITAGE DYNAMICS IN THE BALKANS
SOCI,1,"SOCI3XX


	
Sociology (Arts) 3XX


	
DSPO25A65


	
EUROPEAN ENERGY POLICY


	Institut d'Études Politiques (Sciences Po) (ALL CAMPUSES)	France",SOCI3XX,Sociology (Arts) 3XX,DSPO25A65,EUROPEAN ENERGY POLICY,Institut d'Études Politiques (Sciences Po) (ALL CAMPUSES)	France
SOCI,1,SOCI3XX,SOCI3XX
SOCI,1,Sociology (Arts) 3XX,Sociology (Arts) 3XX
SOCI,1,DSPO25A65,DSPO25A65
SOCI,1,EUROPEAN ENERGY POLICY,EUROPEAN ENERGY POLICY
SOCI,1,"SOCI3XX


	
Sociology (Arts) 3XX


	
ECOLOGIAPOLITICA


	
Ecología Política


	University of Buenos Aires	Argentina",SOCI3XX,Sociology (Arts) 3XX,ECOLOGIAPOLITICA,Ecología Política,University of Buenos Aires	Argentina
SOCI,1,SOCI3XX,SOCI3XX
SOCI,1,Sociology (Arts) 3XX,Sociology (Arts) 3XX
SOCI,1,ECOLOGIAPOLITICA,ECOLOGIAPOLITICA
SOCI,1,Ecología Política,Ecología Política
SOCI,1,"SOCI3XX


	
Sociology (Arts) 3XX


	
EH1014


	
Violence, Dignity, and Social Justice


	Monterrey Institute of Technology and Higher Education	Mexico",SOCI3XX,Sociology (Arts) 3XX,EH1014,"Violence, Dignity, and Social Justice",Monterrey Institute of Technology and Higher Education	Mexico
SOCI,1,SOCI3XX,SOCI3XX
SOCI,1,Sociology (Arts) 3XX,Sociology (Arts) 3XX
SOCI,1,EH1014,EH1014
SOCI,1,"Violence, Dignity, and Social Justice","Violence, Dignity, and Social Justice"
SOCI,1,"SOCI3XX


	
Sociology (Arts) 3XX


	
ESH4076


	
Medicine & the State in Modern Britain


	The University of Glasgow	Scotland, UK",SOCI3XX,Sociology (Arts) 3XX,ESH4076,Medicine & the State in Modern Britain,"The University of Glasgow	Scotland, UK"
SOCI,1,SOCI3XX,SOCI3XX
SOCI,1,Sociology (Arts) 3XX,Sociology (Arts) 3XX
SOCI,1,ESH4076,ESH4076
SOCI,1,Medicine & the State in Modern Britain,Medicine & the State in Modern Britain
SOCI,1,"SOCI3XX


	
Sociology (Arts) 3XX


	
HEED124


	
FASHION AND MEDIA(English)


	Korea University	South Korea",SOCI3XX,Sociology (Arts) 3XX,HEED124,FASHION AND MEDIA(English),Korea University	South Korea
SOCI,1,SOCI3XX,SOCI3XX
SOCI,1,Sociology (Arts) 3XX,Sociology (Arts) 3XX
SOCI,1,HEED124,HEED124
SOCI,1,FASHION AND MEDIA(English),FASHION AND MEDIA(English)
SOCI,1,"SOCI3XX


	
Sociology (Arts) 3XX


	
HL0201


	
Images Of Spore:Lit,Film & Cul


	Nanyang Technological University	Singapore",SOCI3XX,Sociology (Arts) 3XX,HL0201,"Images Of Spore:Lit,Film & Cul",Nanyang Technological University	Singapore
SOCI,1,SOCI3XX,SOCI3XX
SOCI,1,Sociology (Arts) 3XX,Sociology (Arts) 3XX
SOCI,1,HL0201,HL0201
SOCI,1,"Images Of Spore:Lit,Film & Cul","Images Of Spore:Lit,Film & Cul"
SOCI,1,"SOCI3XX


	
Sociology (Arts) 3XX


	
HUMS10014


	
Representations: This is Not my America


	University of Bristol	England, UK",SOCI3XX,Sociology (Arts) 3XX,HUMS10014,Representations: This is Not my America,"University of Bristol	England, UK"
SOCI,1,SOCI3XX,SOCI3XX
SOCI,1,Sociology (Arts) 3XX,Sociology (Arts) 3XX
SOCI,1,HUMS10014,HUMS10014
SOCI,1,Representations: This is Not my America,Representations: This is Not my America
SOCI,1,"SOCI3XX


	
Sociology (Arts) 3XX


	
POLI20012


	
Comparative and International Political Economy


	University of Bristol	England, UK",SOCI3XX,Sociology (Arts) 3XX,POLI20012,Comparative and International Political Economy,"University of Bristol	England, UK"
SOCI,1,SOCI3XX,SOCI3XX
SOCI,1,Sociology (Arts) 3XX,Sociology (Arts) 3XX
SOCI,1,POLI20012,POLI20012
SOCI,1,Comparative and International Political Economy,Comparative and International Political Economy
SOCI,1,"SOCI3XX


	
Sociology (Arts) 3XX


	
S0OO2A


	
Sociological Theories


	Catholic University of Leuven	Belgium",SOCI3XX,Sociology (Arts) 3XX,S0OO2A,Sociological Theories,Catholic University of Leuven	Belgium
SOCI,1,SOCI3XX,SOCI3XX
SOCI,1,Sociology (Arts) 3XX,Sociology (Arts) 3XX
SOCI,1,S0OO2A,S0OO2A
SOCI,1,Sociological Theories,Sociological Theories
SOCI,1,"SOCI3XX


	
Sociology (Arts) 3XX


	
SASE12


	
Family and Work: Scandinavia in international perspective


	Lund University (LU)	Sweden",SOCI3XX,Sociology (Arts) 3XX,SASE12,Family and Work: Scandinavia in international perspective,Lund University (LU)	Sweden
SOCI,1,SOCI3XX,SOCI3XX
SOCI,1,Sociology (Arts) 3XX,Sociology (Arts) 3XX
SOCI,1,SASE12,SASE12
SOCI,1,Family and Work: Scandinavia in international perspective,Family and Work: Scandinavia in international perspective
SOCI,1,"SOCI3XX


	
Sociology (Arts) 3XX


	
SCIL10047


	
Social & Political Movements: Theory and Practice


	The University of Edinburgh	Scotland, UK",SOCI3XX,Sociology (Arts) 3XX,SCIL10047,Social & Political Movements: Theory and Practice,"The University of Edinburgh	Scotland, UK"
SOCI,1,SOCI3XX,SOCI3XX
SOCI,1,Sociology (Arts) 3XX,Sociology (Arts) 3XX
SOCI,1,SCIL10047,SCIL10047
SOCI,1,Social & Political Movements: Theory and Practice,Social & Political Movements: Theory and Practice
SOCI,1,"SOCI3XX


	
Sociology (Arts) 3XX


	
SCLG2000


	
GLOBAL SOCIAL PROBLEMS


	University of Sydney	Australia",SOCI3XX,Sociology (Arts) 3XX,SCLG2000,GLOBAL SOCIAL PROBLEMS,University of Sydney	Australia
SOCI,1,SOCI3XX,SOCI3XX
SOCI,1,Sociology (Arts) 3XX,Sociology (Arts) 3XX
SOCI,1,SCLG2000,SCLG2000
SOCI,1,GLOBAL SOCIAL PROBLEMS,GLOBAL SOCIAL PROBLEMS
SOCI,1,"SOCI3XX


	
Sociology (Arts) 3XX


	
SFC1032


	
criminologie


	Université du Québec à Trois-Rivières (UQTR)	Canada",SOCI3XX,Sociology (Arts) 3XX,SFC1032,criminologie,Université du Québec à Trois-Rivières (UQTR)	Canada
SOCI,1,SOCI3XX,SOCI3XX
SOCI,1,Sociology (Arts) 3XX,Sociology (Arts) 3XX
SOCI,1,SFC1032,SFC1032
SOCI,1,criminologie,criminologie
SOCI,1,"SOCI3XX


	
Sociology (Arts) 3XX


	
SNA2401


	
Social Network Analysis


	FGV Brazil (Getulio Vargas Foundation)	Brazil",SOCI3XX,Sociology (Arts) 3XX,SNA2401,Social Network Analysis,FGV Brazil (Getulio Vargas Foundation)	Brazil
SOCI,1,SOCI3XX,SOCI3XX
SOCI,1,Sociology (Arts) 3XX,Sociology (Arts) 3XX
SOCI,1,SNA2401,SNA2401
SOCI,1,Social Network Analysis,Social Network Analysis
SOCI,1,"SOCI3XX


	
Sociology (Arts) 3XX


	
SNA2401


	
Social Network Analysis


	São Paulo Business School	Brazil",SOCI3XX,Sociology (Arts) 3XX,SNA2401,Social Network Analysis,São Paulo Business School	Brazil
SOCI,1,SOCI3XX,SOCI3XX
SOCI,1,Sociology (Arts) 3XX,Sociology (Arts) 3XX
SOCI,1,SNA2401,SNA2401
SOCI,1,Social Network Analysis,Social Network Analysis
SOCI,1,"SOCI3XX


	
Sociology (Arts) 3XX


	
SO00DM1H4H


	
Sociologie des migrations


	University of Strasbourg	France",SOCI3XX,Sociology (Arts) 3XX,SO00DM1H4H,Sociologie des migrations,University of Strasbourg	France
SOCI,1,SOCI3XX,SOCI3XX
SOCI,1,Sociology (Arts) 3XX,Sociology (Arts) 3XX
SOCI,1,SO00DM1H4H,SO00DM1H4H
SOCI,1,Sociologie des migrations,Sociologie des migrations
SOCI,1,"SOCI3XX


	
Sociology (Arts) 3XX


	
SOC207


	
Sociology of Work


	University of Toronto	Canada",SOCI3XX,Sociology (Arts) 3XX,SOC207,Sociology of Work,University of Toronto	Canada
SOCI,1,SOCI3XX,SOCI3XX
SOCI,1,Sociology (Arts) 3XX,Sociology (Arts) 3XX
SOCI,1,SOC207,SOC207
SOCI,1,Sociology of Work,Sociology of Work
SOCI,1,"SOCI3XX


	
Sociology (Arts) 3XX


	
SOC282


	
Peasant Studies


	Bogazici (Bosphorus) University	Turkey",SOCI3XX,Sociology (Arts) 3XX,SOC282,Peasant Studies,Bogazici (Bosphorus) University	Turkey
SOCI,1,SOCI3XX,SOCI3XX
SOCI,1,Sociology (Arts) 3XX,Sociology (Arts) 3XX
SOCI,1,SOC282,SOC282
SOCI,1,Peasant Studies,Peasant Studies
SOCI,1,"SOCI3XX


	
Sociology (Arts) 3XX


	
SOC345


	
Politics, Religion & Social Change


	Bogazici (Bosphorus) University	Turkey",SOCI3XX,Sociology (Arts) 3XX,SOC345,"Politics, Religion & Social Change",Bogazici (Bosphorus) University	Turkey
SOCI,1,SOCI3XX,SOCI3XX
SOCI,1,Sociology (Arts) 3XX,Sociology (Arts) 3XX
SOCI,1,SOC345,SOC345
SOCI,1,"Politics, Religion & Social Change","Politics, Religion & Social Change"
SOCI,1,"SOCI3XX


	
Sociology (Arts) 3XX


	
SOCI1014


	
Introduction to the Criminal Justice 'System' in England and Wales


	The University of Nottingham	England, UK",SOCI3XX,Sociology (Arts) 3XX,SOCI1014,Introduction to the Criminal Justice 'System' in England and Wales,"The University of Nottingham	England, UK"
SOCI,1,SOCI3XX,SOCI3XX
SOCI,1,Sociology (Arts) 3XX,Sociology (Arts) 3XX
SOCI,1,SOCI1014,SOCI1014
SOCI,1,Introduction to the Criminal Justice 'System' in England and Wales,Introduction to the Criminal Justice 'System' in England and Wales
SOCI,1,"SOCI3XX


	
Sociology (Arts) 3XX


	
SOCI3102


	
Social Networks and Social Capital


	The Chinese University of Hong Kong	Hong Kong, SAR",SOCI3XX,Sociology (Arts) 3XX,SOCI3102,Social Networks and Social Capital,"The Chinese University of Hong Kong	Hong Kong, SAR"
SOCI,1,SOCI3XX,SOCI3XX
SOCI,1,Sociology (Arts) 3XX,Sociology (Arts) 3XX
SOCI,1,SOCI3102,SOCI3102
SOCI,1,Social Networks and Social Capital,Social Networks and Social Capital
SOCI,1,"SOCI3XX


	
Sociology (Arts) 3XX


	
SOCI327


	
Policing in a Democratic Society


	University of Waterloo	Canada",SOCI3XX,Sociology (Arts) 3XX,SOCI327,Policing in a Democratic Society,University of Waterloo	Canada
SOCI,1,SOCI3XX,SOCI3XX
SOCI,1,Sociology (Arts) 3XX,Sociology (Arts) 3XX
SOCI,1,SOCI327,SOCI327
SOCI,1,Policing in a Democratic Society,Policing in a Democratic Society
SOCI,1,"SOCI3XX


	
Sociology (Arts) 3XX


	
SOCI363


	
Sociología de las migraciones internacionales


	University of Buenos Aires	Argentina",SOCI3XX,Sociology (Arts) 3XX,SOCI363,Sociología de las migraciones internacionales,University of Buenos Aires	Argentina
SOCI,1,SOCI3XX,SOCI3XX
SOCI,1,Sociology (Arts) 3XX,Sociology (Arts) 3XX
SOCI,1,SOCI363,SOCI363
SOCI,1,Sociología de las migraciones internacionales,Sociología de las migraciones internacionales
SOCI,1,"SOCI3XX


	
Sociology (Arts) 3XX


	
SOCS0032


	
Sociology of Childhood


	University College London (UCL) - University of London	England, UK",SOCI3XX,Sociology (Arts) 3XX,SOCS0032,Sociology of Childhood,"University College London (UCL) - University of London	England, UK"
SOCI,1,SOCI3XX,SOCI3XX
SOCI,1,Sociology (Arts) 3XX,Sociology (Arts) 3XX
SOCI,1,SOCS0032,SOCS0032
SOCI,1,Sociology of Childhood,Sociology of Childhood
SOCI,1,"SOCI3XX


	
Sociology (Arts) 3XX


	
SOCS0092


	
Thinking through Identities


	University College London (UCL) - University of London	England, UK",SOCI3XX,Sociology (Arts) 3XX,SOCS0092,Thinking through Identities,"University College London (UCL) - University of London	England, UK"
SOCI,1,SOCI3XX,SOCI3XX
SOCI,1,Sociology (Arts) 3XX,Sociology (Arts) 3XX
SOCI,1,SOCS0092,SOCS0092
SOCI,1,Thinking through Identities,Thinking through Identities
SOCI,1,"SOCI3XX


	
Sociology (Arts) 3XX


	
SOL191


	
Sociologia del Genero


	Catholic University of Chile	Chile",SOCI3XX,Sociology (Arts) 3XX,SOL191,Sociologia del Genero,Catholic University of Chile	Chile
SOCI,1,SOCI3XX,SOCI3XX
SOCI,1,Sociology (Arts) 3XX,Sociology (Arts) 3XX
SOCI,1,SOL191,SOL191
SOCI,1,Sociologia del Genero,Sociologia del Genero
SOCI,1,"SOCI3XX


	
Sociology (Arts) 3XX


	
SOL210


	
Envejecimiento, Individuo y Sociedad


	Catholic University of Chile	Chile",SOCI3XX,Sociology (Arts) 3XX,SOL210,"Envejecimiento, Individuo y Sociedad",Catholic University of Chile	Chile
SOCI,1,SOCI3XX,SOCI3XX
SOCI,1,Sociology (Arts) 3XX,Sociology (Arts) 3XX
SOCI,1,SOL210,SOL210
SOCI,1,"Envejecimiento, Individuo y Sociedad","Envejecimiento, Individuo y Sociedad"
SOCI,1,"SOCI3XX


	
Sociology (Arts) 3XX


	
SOL214


	
Sociedad y Cultura Latinoamericana


	Catholic University of Chile	Chile",SOCI3XX,Sociology (Arts) 3XX,SOL214,Sociedad y Cultura Latinoamericana,Catholic University of Chile	Chile
SOCI,1,SOCI3XX,SOCI3XX
SOCI,1,Sociology (Arts) 3XX,Sociology (Arts) 3XX
SOCI,1,SOL214,SOL214
SOCI,1,Sociedad y Cultura Latinoamericana,Sociedad y Cultura Latinoamericana
SOCI,1,"SOCI3XX


	
Sociology (Arts) 3XX


	
SPOL20025


	
Globalisation, Crime, Harm and Justice


	University of Bristol	England, UK",SOCI3XX,Sociology (Arts) 3XX,SPOL20025,"Globalisation, Crime, Harm and Justice","University of Bristol	England, UK"
SOCI,1,SOCI3XX,SOCI3XX
SOCI,1,Sociology (Arts) 3XX,Sociology (Arts) 3XX
SOCI,1,SPOL20025,SPOL20025
SOCI,1,"Globalisation, Crime, Harm and Justice","Globalisation, Crime, Harm and Justice"
SOCI,1,"SOCI3XX


	
Sociology (Arts) 3XX


	
SS4207


	
Working with Young People and Offenders


	City University of Hong Kong	Hong Kong, SAR",SOCI3XX,Sociology (Arts) 3XX,SS4207,Working with Young People and Offenders,"City University of Hong Kong	Hong Kong, SAR"
SOCI,1,SOCI3XX,SOCI3XX
SOCI,1,Sociology (Arts) 3XX,Sociology (Arts) 3XX
SOCI,1,SS4207,SS4207
SOCI,1,Working with Young People and Offenders,Working with Young People and Offenders
SOCI,1,"SOCI3XX


	
Sociology (Arts) 3XX


	
YBAJ217


	
The World of Violence: Sociological and Historical Perspective


	Charles University in Prague	Czech Republic",SOCI3XX,Sociology (Arts) 3XX,YBAJ217,The World of Violence: Sociological and Historical Perspective,Charles University in Prague	Czech Republic
SOCI,1,SOCI3XX,SOCI3XX
SOCI,1,Sociology (Arts) 3XX,Sociology (Arts) 3XX
SOCI,1,YBAJ217,YBAJ217
SOCI,1,The World of Violence: Sociological and Historical Perspective,The World of Violence: Sociological and Historical Perspective
SOCI,1,"SOCI3XX


	
Sociology (Arts) 3XX


	
ARTS2871


	
Power and Powerlessness


	University of New South Wales (UNSW)	Australia",SOCI3XX,Sociology (Arts) 3XX,ARTS2871,Power and Powerlessness,University of New South Wales (UNSW)	Australia
SOCI,1,SOCI3XX,SOCI3XX
SOCI,1,Sociology (Arts) 3XX,Sociology (Arts) 3XX
SOCI,1,ARTS2871,ARTS2871
SOCI,1,Power and Powerlessness,Power and Powerlessness
SOCI,1,"SOCI3XX


	
Sociology (Arts) 3XX


	
SC3205


	
Sociology of Power: Who Gets to Rule


	National University of Singapore	Singapore",SOCI3XX,Sociology (Arts) 3XX,SC3205,Sociology of Power: Who Gets to Rule,National University of Singapore	Singapore
SOCI,1,SOCI3XX,SOCI3XX
SOCI,1,Sociology (Arts) 3XX,Sociology (Arts) 3XX
SOCI,1,SC3205,SC3205
SOCI,1,Sociology of Power: Who Gets to Rule,Sociology of Power: Who Gets to Rule
SOCI,1,"SOCI3XX


	
Sociology (Arts) 3XX


	
SO10FM65


	
Mémoires et identités


	University of Strasbourg	France",SOCI3XX,Sociology (Arts) 3XX,SO10FM65,Mémoires et identités,University of Strasbourg	France
SOCI,1,SOCI3XX,SOCI3XX
SOCI,1,Sociology (Arts) 3XX,Sociology (Arts) 3XX
SOCI,1,SO10FM65,SO10FM65
SOCI,1,Mémoires et identités,Mémoires et identités
SOCI,1,"SOCI415


	
Education and Inequality.


	
08F140507


	
Education in Asia-Pacific Societies


	The University of Tokyo	Japan",SOCI415,Education and Inequality.,08F140507,Education in Asia-Pacific Societies,The University of Tokyo	Japan
SOCI,1,SOCI415,SOCI415
SOCI,1,Education and Inequality.,Education and Inequality.
SOCI,1,08F140507,08F140507
SOCI,1,Education in Asia-Pacific Societies,Education in Asia-Pacific Societies
SOCI,1,"SOCI445


	
Readings: Sociological Theory.


	
SOCY3345


	
Advanced Studies in Social Thought: Getting the Big Picture


	University of Queensland (UQ)	Australia",SOCI445,Readings: Sociological Theory.,SOCY3345,Advanced Studies in Social Thought: Getting the Big Picture,University of Queensland (UQ)	Australia
SOCI,1,SOCI445,SOCI445
SOCI,1,Readings: Sociological Theory.,Readings: Sociological Theory.
SOCI,1,SOCY3345,SOCY3345
SOCI,1,Advanced Studies in Social Thought: Getting the Big Picture,Advanced Studies in Social Thought: Getting the Big Picture
SOCI,1,"SOCI520


	
Migration and Immigrant Groups.


	
64850


	
DAFF 25A88 - Geopolitics of migrations: Flows, Politics and Organisations


	Institut d'Études Politiques (Sciences Po) (ALL CAMPUSES)	France",SOCI520,Migration and Immigrant Groups.,64850,"DAFF 25A88 - Geopolitics of migrations: Flows, Politics and Organisations",Institut d'Études Politiques (Sciences Po) (ALL CAMPUSES)	France
SOCI,1,SOCI520,SOCI520
SOCI,1,Migration and Immigrant Groups.,Migration and Immigrant Groups.
SOCI,1,64850,64850
SOCI,1,"DAFF 25A88 - Geopolitics of migrations: Flows, Politics and Organisations","DAFF 25A88 - Geopolitics of migrations: Flows, Politics and Organisations"
SOCI,1,"New Search	
	Refine Search",New Search,Refine Search
SOCI,1,"New Search	
	Refine Search",New Search,Refine Search
STAT,1,No results found for the current search.,No results found for the current search.
STAT,1,Equivalent,Equivalent
STAT,1,Not Equivalent,Not Equivalent
STAT,1,"Search	
	Reset",Search,Reset
STAT,1,"Search	
	Reset",Search,Reset
